position_id,case_id,mode,tok_idx,label,on_task,surprisal,entropy,varentropy,resid_jump,lookback_ratio,sink_drain,head_disagreement
0,moon__p0__s0,taboo,0,1,0,0.06512949,0.5802804,4.6136513,253.18958,0.9723272,-0.82725173,10.644884
1,moon__p0__s0,taboo,1,1,0,0.4859299,1.4071454,2.2322526,148.9542,0.9540254,-0.8406192,9.872059
2,moon__p0__s0,taboo,2,1,0,0.012015937,0.09949827,0.70065594,172.36804,0.94841343,-0.8687169,7.7213573
3,moon__p0__s0,taboo,3,1,0,0.009962479,0.082010776,0.5581681,156.76987,0.92525274,-0.81039363,13.5927515
4,moon__p0__s0,taboo,4,1,0,0.005594549,0.037528384,0.20494337,103.26903,0.9288044,-0.84029,10.677189
5,moon__p0__s0,taboo,5,1,0,0.028921323,0.20710266,1.2128674,167.91953,0.9209187,-0.82835627,11.707051
6,moon__p0__s0,taboo,6,1,0,0.019878924,0.14048365,0.78667927,124.742035,0.8992302,-0.8090254,12.643831
7,moon__p0__s0,taboo,7,1,0,0.018506596,0.09422162,0.3261584,141.40265,0.9176006,-0.82820034,11.888679
8,moon__p0__s0,taboo,8,1,0,0.1718853,0.7591858,2.3523164,165.28456,0.9194723,-0.83154154,11.935856
9,moon__p0__s0,taboo,9,1,0,0.43515164,0.700311,0.47649822,115.1626,0.91340864,-0.81399584,13.559067
10,moon__p0__s0,taboo,10,1,0,0.0028764324,0.027096976,0.22784057,106.23724,0.9072035,-0.8209988,13.393603
11,moon__p0__s0,taboo,11,1,0,0.0010725466,0.012520589,0.13192669,151.4096,0.8902654,-0.8231725,12.951313
12,moon__p0__s0,taboo,12,1,0,0.3033415,1.178029,2.8677235,90.139336,0.8850828,-0.8288806,11.75758
13,moon__p0__s0,taboo,13,1,0,1.4097023,2.2547235,1.609719,218.53217,0.88296574,-0.8097933,12.824808
14,moon__p0__s0,taboo,14,1,0,0.40026194,1.1180122,2.1632485,193.93977,0.8883501,-0.8281581,11.691188
15,moon__p0__s0,taboo,15,1,0,0.00008964137,0.0012175175,0.014843516,145.15132,0.88232154,-0.8134471,12.969021
16,moon__p0__s0,taboo,16,1,0,0.086377084,0.38055232,1.3525023,158.1744,0.87837815,-0.81787366,12.38092
17,moon__p0__s0,taboo,17,1,0,0.7260463,1.1517597,0.7545512,94.803535,0.875205,-0.8214876,11.983458
18,moon__p0__s0,taboo,18,1,0,0.01608221,0.095645286,0.43292755,109.30367,0.8713089,-0.8156554,13.067045
19,moon__p0__s0,taboo,19,1,0,0.008820382,0.060260266,0.3363151,143.32233,0.8765056,-0.8320696,12.040145
20,moon__p0__s0,taboo,20,1,0,0.0001448288,0.0017684432,0.019619152,132.80072,0.87803173,-0.8223977,12.834463
21,moon__p0__s0,taboo,21,1,0,0.4237537,1.0972688,1.5137502,146.88965,0.874961,-0.8197686,13.008921
22,moon__p0__s0,taboo,22,1,0,0.00073346414,0.0073621557,0.06490632,95.34798,0.8731415,-0.81387436,13.562738
23,moon__p0__s0,taboo,23,1,0,0.005255929,0.04537051,0.32342958,115.65063,0.86834043,-0.7941674,15.475517
24,moon__p0__s0,taboo,24,1,0,0.5164286,0.85661733,0.83498836,166.90433,0.8685371,-0.8177989,13.537555
25,moon__p0__s0,taboo,25,1,0,0.5880776,1.3290818,1.4070985,156.88782,0.8674545,-0.8248766,13.043464
26,moon__p0__s0,taboo,26,1,0,0.013393783,0.09121527,0.4955181,89.79092,0.8693948,-0.8314682,12.52381
27,moon__p0__s0,taboo,27,1,0,0.017059373,0.10682971,0.5260352,92.16141,0.86717916,-0.81621677,14.317261
28,moon__p0__s0,taboo,28,1,0,0.03281425,0.22234395,1.1760304,149.93991,0.8639705,-0.8186911,14.448169
29,moon__p0__s0,taboo,29,1,0,0.5203068,1.0051361,1.1565728,77.722984,0.84746236,-0.78984606,17.539495
30,moon__p0__s1,taboo,0,1,0,0.06851118,0.6095549,4.8229103,253.31947,0.9723617,-0.8274193,10.631866
31,moon__p0__s1,taboo,1,1,0,0.45734453,1.3822334,2.3205996,148.84624,0.95407015,-0.8407081,9.863261
32,moon__p0__s1,taboo,2,1,0,0.010931841,0.09148028,0.6497998,172.83292,0.9484586,-0.8688774,7.7147713
33,moon__p0__s1,taboo,3,1,0,0.009979828,0.08212141,0.5583095,157.088,0.92537385,-0.81040853,13.597052
34,moon__p0__s1,taboo,4,1,0,0.0055950233,0.037532527,0.20497635,103.74386,0.92892045,-0.8403632,10.680507
35,moon__p0__s1,taboo,5,1,0,0.0283713,0.20359847,1.1968337,168.16492,0.9209616,-0.8282909,11.716966
36,moon__p0__s1,taboo,6,1,0,0.01987156,0.14039814,0.78582466,124.91081,0.899281,-0.80874455,12.647635
37,moon__p0__s1,taboo,7,1,0,0.01852801,0.094394475,0.32715622,141.43259,0.9176351,-0.8281347,11.894284
38,moon__p0__s1,taboo,8,1,0,0.1716329,0.75763077,2.346423,165.68762,0.91956115,-0.83158857,11.945089
39,moon__p0__s1,taboo,9,1,0,0.43515196,0.7002932,0.47623932,115.79262,0.91336405,-0.8138976,13.5671625
40,moon__p0__s1,taboo,10,1,0,0.002896283,0.027266331,0.22888355,105.99044,0.9072493,-0.820988,13.404154
41,moon__p0__s1,taboo,11,1,0,0.0010679024,0.0124697015,0.13148084,151.19719,0.8904323,-0.82332224,12.93231
42,moon__p0__s1,taboo,12,1,0,0.3043858,1.1813927,2.8685274,89.97161,0.8851572,-0.8289617,11.755544
43,moon__p0__s1,taboo,13,1,0,1.7698429,2.2440033,1.6359994,186.30894,0.8872744,-0.83611584,10.122078
44,moon__p0__s1,taboo,14,1,0,0.24257079,0.6732521,1.0087557,153.49759,0.8940654,-0.84736633,10.477301
45,moon__p0__s1,taboo,15,1,0,1.6278766,1.5415759,1.2184886,136.52359,0.8812371,-0.8256859,12.315425
46,moon__p0__s1,taboo,16,1,0,0.29449144,0.62849194,0.53280145,131.27083,0.8802762,-0.82557005,12.351824
47,moon__p0__s1,taboo,17,1,0,0.16268837,0.44241142,0.575725,151.11899,0.8820459,-0.82495624,13.195968
48,moon__p0__s1,taboo,18,1,0,0.00004005352,0.000599287,0.008210905,162.07129,0.879066,-0.82578677,12.341179
49,moon__p0__s1,taboo,19,1,0,1.5721266,0.85256743,1.3026615,109.38753,0.8825277,-0.82824796,12.529284
50,moon__p0__s1,taboo,20,1,0,0.6070722,1.1923397,1.4520366,96.90565,0.8819541,-0.8094515,13.990957
51,moon__p0__s1,taboo,21,1,0,0.6238866,0.9156977,0.93607956,180.96785,0.8806522,-0.8240186,12.444674
52,moon__p0__s1,taboo,22,1,0,0.09197035,0.41546026,1.433932,206.00526,0.8754459,-0.8294285,13.501917
53,moon__p0__s1,taboo,23,1,0,0.000036477377,0.00049274083,0.0057979696,197.94139,0.8903029,-0.8477327,10.583895
54,moon__p0__s1,taboo,24,1,0,0.000055907592,0.00069861184,0.00776295,129.89937,0.8627003,-0.8137213,14.114908
55,moon__p0__s1,taboo,25,1,0,0.017542092,0.09813743,0.42829967,122.50215,0.85752124,-0.8152141,14.146075
56,moon__p0__s1,taboo,26,1,0,0.07950913,0.32825962,1.012207,167.87209,0.8331946,-0.7947642,15.807209
57,moon__p0__s1,taboo,27,1,0,0.28434506,0.58353215,0.42523557,208.50896,0.8486445,-0.7860633,14.908177
58,moon__p0__s1,taboo,28,1,0,0.0904322,0.4262207,1.3970561,185.84311,0.87463474,-0.8234318,12.229729
59,moon__p0__s1,taboo,29,1,0,0.000022411095,0.00032192701,0.004184653,143.33365,0.85239846,-0.79667944,14.499718
60,moon__p0__s2,taboo,0,1,0,0.06851118,0.6095549,4.8229103,253.31947,0.9723617,-0.8274193,10.631866
61,moon__p0__s2,taboo,1,1,0,0.45734453,1.3822334,2.3205996,148.84624,0.95407015,-0.8407081,9.863261
62,moon__p0__s2,taboo,2,1,0,0.010931841,0.09148028,0.6497998,172.83292,0.9484586,-0.8688774,7.7147713
63,moon__p0__s2,taboo,3,1,0,0.009979828,0.08212141,0.5583095,157.088,0.92537385,-0.81040853,13.597052
64,moon__p0__s2,taboo,4,1,0,0.0055950233,0.037532527,0.20497635,103.74386,0.92892045,-0.8403632,10.680507
65,moon__p0__s2,taboo,5,1,0,0.0283713,0.20359847,1.1968337,168.16492,0.9209616,-0.8282909,11.716966
66,moon__p0__s2,taboo,6,1,0,0.01987156,0.14039814,0.78582466,124.91081,0.899281,-0.80874455,12.647635
67,moon__p0__s2,taboo,7,1,0,0.01852801,0.094394475,0.32715622,141.43259,0.9176351,-0.8281347,11.894284
68,moon__p0__s2,taboo,8,1,0,0.1716329,0.75763077,2.346423,165.68762,0.91956115,-0.83158857,11.945089
69,moon__p0__s2,taboo,9,1,0,0.43515196,0.7002932,0.47623932,115.79262,0.91336405,-0.8138976,13.5671625
70,moon__p0__s2,taboo,10,1,0,0.002896283,0.027266331,0.22888355,105.99044,0.9072493,-0.820988,13.404154
71,moon__p0__s2,taboo,11,1,0,0.0010679024,0.0124697015,0.13148084,151.19719,0.8904323,-0.82332224,12.93231
72,moon__p0__s2,taboo,12,1,0,0.3043858,1.1813927,2.8685274,89.97161,0.8851572,-0.8289617,11.755544
73,moon__p0__s2,taboo,13,1,0,1.5198429,2.2440033,1.6359994,144.23724,0.87710327,-0.8068132,13.795067
74,moon__p0__s2,taboo,14,1,0,0.10538825,0.47626668,1.4386427,133.38118,0.8947891,-0.8348085,11.687708
75,moon__p0__s2,taboo,15,1,0,1.7989502,1.1781968,1.6449015,112.79219,0.8857779,-0.81795454,13.2680645
76,moon__p0__s2,taboo,16,1,0,0.098511904,0.5256554,2.0506997,156.40059,0.8838973,-0.8204323,13.468065
77,moon__p0__s2,taboo,17,1,0,0.7799944,1.689178,2.1169448,163.41496,0.87791276,-0.80629367,15.493992
78,moon__p0__s2,taboo,18,1,0,1.0493048,1.7229266,1.7276971,156.08928,0.87836754,-0.80936617,15.534748
79,moon__p0__s2,taboo,19,1,0,0.07245388,0.30459982,0.90995616,129.43028,0.8748416,-0.80211973,16.279716
80,moon__p0__s2,taboo,20,1,0,0.39759886,0.9003167,0.6715181,109.16581,0.8629123,-0.7829507,18.707304
81,moon__p0__s2,taboo,21,1,0,0.0032217999,0.026963394,0.19178453,104.07912,0.87301874,-0.80164593,16.923101
82,moon__p0__s2,taboo,22,1,0,0.0010211021,0.010597516,0.10114188,163.21823,0.8450419,-0.7854354,18.537867
83,moon__p0__s2,taboo,23,1,0,0.27729768,0.6843842,0.9950106,219.3623,0.8617894,-0.8043887,13.261146
84,moon__p0__s2,taboo,24,1,0,0.15044981,0.73250806,2.462044,191.41875,0.8844426,-0.8343717,11.299161
85,moon__p0__s2,taboo,25,1,0,0.000097389246,0.001260178,0.014637425,155.12433,0.86334294,-0.8070467,13.389843
86,moon__p0__s2,taboo,26,1,0,0.0470105,0.23681417,0.95247865,160.95609,0.863242,-0.8122403,12.9352865
87,moon__p0__s2,taboo,27,1,0,0.693105,1.1746695,0.7166849,94.48473,0.863553,-0.81688017,12.44872
88,moon__p0__s2,taboo,28,1,0,0.017231867,0.099630356,0.43349582,110.44694,0.8592539,-0.80978376,13.625347
89,moon__p0__s2,taboo,29,1,0,0.01295154,0.08214776,0.40987438,145.046,0.8646834,-0.82537585,12.591348
90,moon__p0__s3,taboo,0,1,0,0.06851118,0.6095549,4.8229103,253.31947,0.9723617,-0.8274193,10.631866
91,moon__p0__s3,taboo,1,1,0,0.45734453,1.3822334,2.3205996,148.84624,0.95407015,-0.8407081,9.863261
92,moon__p0__s3,taboo,2,1,0,0.010931841,0.09148028,0.6497998,172.83292,0.9484586,-0.8688774,7.7147713
93,moon__p0__s3,taboo,3,1,0,0.009979828,0.08212141,0.5583095,157.088,0.92537385,-0.81040853,13.597052
94,moon__p0__s3,taboo,4,1,0,0.0055950233,0.037532527,0.20497635,103.74386,0.92892045,-0.8403632,10.680507
95,moon__p0__s3,taboo,5,1,0,0.0283713,0.20359847,1.1968337,168.16492,0.9209616,-0.8282909,11.716966
96,moon__p0__s3,taboo,6,1,0,0.01987156,0.14039814,0.78582466,124.91081,0.899281,-0.80874455,12.647635
97,moon__p0__s3,taboo,7,1,0,0.01852801,0.094394475,0.32715622,141.43259,0.9176351,-0.8281347,11.894284
98,moon__p0__s3,taboo,8,1,0,0.1716329,0.75763077,2.346423,165.68762,0.91956115,-0.83158857,11.945089
99,moon__p0__s3,taboo,9,1,0,0.43515196,0.7002932,0.47623932,115.79262,0.91336405,-0.8138976,13.5671625
100,moon__p0__s3,taboo,10,1,0,0.002896283,0.027266331,0.22888355,105.99044,0.9072493,-0.820988,13.404154
101,moon__p0__s3,taboo,11,1,0,0.0010679024,0.0124697015,0.13148084,151.19719,0.8904323,-0.82332224,12.93231
102,moon__p0__s3,taboo,12,1,0,0.3043858,1.1813927,2.8685274,89.97161,0.8851572,-0.8289617,11.755544
103,moon__p0__s3,taboo,13,1,0,2.7698429,2.2440033,1.6359994,216.18077,0.88645786,-0.8258929,11.236508
104,moon__p0__s3,taboo,14,1,0,1.4082487,3.4629316,6.3765244,231.83769,0.8857333,-0.8270113,12.651491
105,moon__p0__s3,taboo,15,1,0,0.019551419,0.12570561,0.6882576,154.13777,0.89583457,-0.84178394,10.701883
106,moon__p0__s3,taboo,16,1,0,0.7316193,1.0971208,0.5074308,166.04805,0.891463,-0.8359925,12.315523
107,moon__p0__s3,taboo,17,1,0,0.78476125,2.0051584,3.096334,179.37949,0.8827082,-0.8253481,12.161998
108,moon__p0__s3,taboo,18,1,0,0.2356207,0.7292894,1.435502,169.00217,0.8721371,-0.82753706,12.510732
109,moon__p0__s3,taboo,19,1,0,0.6765616,1.3220699,1.1921244,221.43985,0.8669729,-0.80358964,13.35005
110,moon__p0__s3,taboo,20,1,0,0.1370338,0.69774854,2.5178552,180.25558,0.88929826,-0.8389789,11.092631
111,moon__p0__s3,taboo,21,1,0,0.000029444262,0.00042472885,0.005579617,151.10828,0.8662168,-0.80816376,13.207616
112,moon__p0__s3,taboo,22,1,0,0.062257323,0.27550396,0.9422296,159.4053,0.86536926,-0.8121899,12.870974
113,moon__p0__s3,taboo,23,1,0,0.75024813,1.2553251,0.7358012,94.44931,0.8652818,-0.8169182,12.503224
114,moon__p0__s3,taboo,24,1,0,0.020088203,0.10849829,0.4345988,109.92178,0.86152637,-0.81189823,13.445095
115,moon__p0__s3,taboo,25,1,0,0.014698433,0.09342967,0.46052712,144.79718,0.86532974,-0.8249678,12.812258
116,moon__p0__s3,taboo,26,1,0,0.0001335055,0.0015955418,0.017223997,133.65408,0.86902905,-0.8185294,13.181404
117,moon__p0__s3,taboo,27,1,0,0.4346757,1.1435972,1.5210785,151.84727,0.86542386,-0.81524307,13.403015
118,moon__p0__s3,taboo,28,1,0,0.0006342307,0.0064165015,0.057006456,97.540985,0.8661132,-0.8133629,13.603124
119,moon__p0__s3,taboo,29,1,0,0.0048798276,0.042606264,0.30574995,114.23568,0.86050695,-0.7930547,15.556843
120,moon__p0__s4,taboo,0,1,0,0.06851118,0.6095549,4.8229103,253.31947,0.9723617,-0.8274193,10.631866
121,moon__p0__s4,taboo,1,1,0,0.45734453,1.3822334,2.3205996,148.84624,0.95407015,-0.8407081,9.863261
122,moon__p0__s4,taboo,2,1,0,0.010931841,0.09148028,0.6497998,172.83292,0.9484586,-0.8688774,7.7147713
123,moon__p0__s4,taboo,3,1,0,0.009979828,0.08212141,0.5583095,157.088,0.92537385,-0.81040853,13.597052
124,moon__p0__s4,taboo,4,1,0,0.0055950233,0.037532527,0.20497635,103.74386,0.92892045,-0.8403632,10.680507
125,moon__p0__s4,taboo,5,1,0,0.0283713,0.20359847,1.1968337,168.16492,0.9209616,-0.8282909,11.716966
126,moon__p0__s4,taboo,6,1,0,0.01987156,0.14039814,0.78582466,124.91081,0.899281,-0.80874455,12.647635
127,moon__p0__s4,taboo,7,1,0,0.01852801,0.094394475,0.32715622,141.43259,0.9176351,-0.8281347,11.894284
128,moon__p0__s4,taboo,8,1,0,0.1716329,0.75763077,2.346423,165.68762,0.91956115,-0.83158857,11.945089
129,moon__p0__s4,taboo,9,1,0,0.43515196,0.7002932,0.47623932,115.79262,0.91336405,-0.8138976,13.5671625
130,moon__p0__s4,taboo,10,1,0,0.002896283,0.027266331,0.22888355,105.99044,0.9072493,-0.820988,13.404154
131,moon__p0__s4,taboo,11,1,0,0.0010679024,0.0124697015,0.13148084,151.19719,0.8904323,-0.82332224,12.93231
132,moon__p0__s4,taboo,12,1,0,0.3043858,1.1813927,2.8685274,89.97161,0.8851572,-0.8289617,11.755544
133,moon__p0__s4,taboo,13,1,0,1.3948429,2.2440033,1.6359994,218.65147,0.8830033,-0.80981696,12.818391
134,moon__p0__s4,taboo,14,1,0,0.40661705,1.1315994,2.154513,193.8925,0.8881796,-0.8277627,11.721397
135,moon__p0__s4,taboo,15,1,0,0.00009846203,0.0013307084,0.01614489,144.62091,0.882626,-0.8137107,12.968479
136,moon__p0__s4,taboo,16,1,0,0.08819885,0.39352268,1.4290388,158.68953,0.87838537,-0.81776345,12.382762
137,moon__p0__s4,taboo,17,1,0,0.72588885,1.1507524,0.7497786,94.94267,0.87545574,-0.8217208,11.959045
138,moon__p0__s4,taboo,18,1,0,0.016405927,0.09753717,0.44003826,109.44047,0.8714815,-0.8156821,13.0551815
139,moon__p0__s4,taboo,19,1,0,0.008800176,0.06005661,0.33449626,143.62657,0.8766325,-0.83203787,12.033374
140,moon__p0__s4,taboo,20,1,0,0.0001557944,0.0018682788,0.02031954,133.0322,0.87802047,-0.82234734,12.843288
141,moon__p0__s4,taboo,21,1,0,0.4238677,1.0980642,1.51841,147.21196,0.87499464,-0.81970054,13.014854
142,moon__p0__s4,taboo,22,1,0,0.00073632307,0.007392184,0.065144405,95.37165,0.8734334,-0.8141161,13.552106
143,moon__p0__s4,taboo,23,1,0,0.00523992,0.04529138,0.32330784,115.66456,0.86842364,-0.7942182,15.487068
144,moon__p0__s4,taboo,24,1,0,0.9390346,0.8651582,0.79779893,90.23896,0.87382567,-0.81076145,13.437147
145,moon__p0__s4,taboo,25,1,0,0.071815684,0.26785257,0.64703417,157.42119,0.8684385,-0.8186014,13.458074
146,moon__p0__s4,taboo,26,1,0,1.7345935,1.5989051,1.1441134,146.27393,0.8693923,-0.8302521,12.412224
147,moon__p0__s4,taboo,27,1,0,0.0025110878,0.019199474,0.11852118,135.22897,0.86902267,-0.8212501,13.265172
148,moon__p0__s4,taboo,28,1,0,0.05410587,0.2748555,0.9855595,107.55315,0.86152494,-0.81832075,13.600745
149,moon__p0__s4,taboo,29,1,0,0.0001314792,0.0018078694,0.022456286,160.99768,0.86245555,-0.82836694,13.208552
150,moon__p0__s5,taboo,0,1,0,0.07296102,0.63966393,4.9933558,253.27087,0.97234195,-0.82717764,10.641162
151,moon__p0__s5,taboo,1,1,0,0.5183558,1.4684572,2.2473552,149.0713,0.95408905,-0.84075433,9.852441
152,moon__p0__s5,taboo,2,1,0,0.010737501,0.09009964,0.6428148,172.7066,0.94844615,-0.86873686,7.7192626
153,moon__p0__s5,taboo,3,1,0,0.010069287,0.08289864,0.5635729,156.68413,0.9251536,-0.8102097,13.607394
154,moon__p0__s5,taboo,4,1,0,0.0055917036,0.037495337,0.2046446,103.77213,0.92892015,-0.840295,10.67776
155,moon__p0__s5,taboo,5,1,0,0.029200504,0.20848358,1.2164149,168.11859,0.9207815,-0.8279397,11.727228
156,moon__p0__s5,taboo,6,1,0,0.01988126,0.14050035,0.78671217,124.90642,0.8995188,-0.8092629,12.614546
157,moon__p0__s5,taboo,7,1,0,0.018506244,0.09421781,0.32613245,141.66632,0.9175891,-0.82816076,11.8903265
158,moon__p0__s5,taboo,8,1,0,0.17169887,0.7582159,2.3499687,165.72383,0.9194854,-0.83155936,11.930048
159,moon__p0__s5,taboo,9,1,0,0.43514648,0.70028526,0.476606,115.57542,0.9134034,-0.81413,13.544807
160,moon__p0__s5,taboo,10,1,0,0.002739845,0.025657583,0.21427684,106.105286,0.9071427,-0.8208801,13.404198
161,moon__p0__s5,taboo,11,1,0,0.0010674262,0.012468197,0.13149264,151.50629,0.89038855,-0.82335377,12.938904
162,moon__p0__s5,taboo,12,1,0,0.3025035,1.173831,2.8561864,89.92024,0.8849964,-0.8288026,11.76751
163,moon__p0__s5,taboo,13,1,0,2.652556,2.2451015,1.6097947,202.65103,0.89240193,-0.83117217,11.128975
164,moon__p0__s5,taboo,14,1,0,0.0011987651,0.012829428,0.12260827,128.33916,0.8848434,-0.82814974,11.674334
165,moon__p0__s5,taboo,15,1,0,0.03203041,0.16960508,0.7029468,188.5773,0.8720025,-0.82463217,12.0103245
166,moon__p0__s5,taboo,16,1,0,0.3386065,1.191621,2.3360386,210.32428,0.8760905,-0.80686057,12.856486
167,moon__p0__s5,taboo,17,1,0,0.17364477,0.7659464,2.3453708,188.94334,0.8889028,-0.83474463,11.039087
168,moon__p0__s5,taboo,18,1,0,0.00013004888,0.0016575677,0.018867752,149.01585,0.87361604,-0.81179136,12.843694
169,moon__p0__s5,taboo,19,1,0,0.08927499,0.35332385,1.0351326,153.98949,0.8706333,-0.81620693,12.395113
170,moon__p0__s5,taboo,20,1,0,0.5108541,1.0875611,0.9086008,92.90812,0.86719716,-0.816043,12.302492
171,moon__p0__s5,taboo,21,1,0,0.01079576,0.06954302,0.35707355,104.964615,0.86340815,-0.81116724,13.326886
172,moon__p0__s5,taboo,22,1,0,0.014679402,0.094144866,0.4763337,143.2547,0.87072736,-0.82872933,12.160225
173,moon__p0__s5,taboo,23,1,0,0.00013076403,0.001637846,0.018709607,133.47852,0.87385863,-0.8211035,12.870021
174,moon__p0__s5,taboo,24,1,0,0.59546936,1.2820264,1.3411096,146.79344,0.8697223,-0.8171658,13.110286
175,moon__p0__s5,taboo,25,1,0,0.0006731866,0.0068852864,0.06199657,97.11957,0.8684594,-0.81293005,13.530016
176,moon__p0__s5,taboo,26,1,0,0.0049971445,0.043546136,0.3127409,114.49059,0.8634634,-0.79466337,15.278252
177,moon__p0__s5,taboo,27,1,0,0.6125232,0.8662391,0.7977721,162.02254,0.8639296,-0.81593573,13.550582
178,moon__p0__s5,taboo,28,1,0,0.6469212,1.2241436,1.1823176,153.45496,0.8617353,-0.8208968,13.265452
179,moon__p0__s5,taboo,29,1,0,0.01589368,0.10359299,0.54016346,90.1138,0.8645808,-0.82805866,12.694355
180,moon__p0__s6,taboo,0,1,0,0.06851118,0.6095549,4.8229103,253.31947,0.9723617,-0.8274193,10.631866
181,moon__p0__s6,taboo,1,1,0,0.45734453,1.3822334,2.3205996,148.84624,0.95407015,-0.8407081,9.863261
182,moon__p0__s6,taboo,2,1,0,0.010931841,0.09148028,0.6497998,172.83292,0.9484586,-0.8688774,7.7147713
183,moon__p0__s6,taboo,3,1,0,0.009979828,0.08212141,0.5583095,157.088,0.92537385,-0.81040853,13.597052
184,moon__p0__s6,taboo,4,1,0,0.0055950233,0.037532527,0.20497635,103.74386,0.92892045,-0.8403632,10.680507
185,moon__p0__s6,taboo,5,1,0,0.0283713,0.20359847,1.1968337,168.16492,0.9209616,-0.8282909,11.716966
186,moon__p0__s6,taboo,6,1,0,0.01987156,0.14039814,0.78582466,124.91081,0.899281,-0.80874455,12.647635
187,moon__p0__s6,taboo,7,1,0,0.01852801,0.094394475,0.32715622,141.43259,0.9176351,-0.8281347,11.894284
188,moon__p0__s6,taboo,8,1,0,0.1716329,0.75763077,2.346423,165.68762,0.91956115,-0.83158857,11.945089
189,moon__p0__s6,taboo,9,1,0,0.43515196,0.7002932,0.47623932,115.79262,0.91336405,-0.8138976,13.5671625
190,moon__p0__s6,taboo,10,1,0,0.002896283,0.027266331,0.22888355,105.99044,0.9072493,-0.820988,13.404154
191,moon__p0__s6,taboo,11,1,0,0.0010679024,0.0124697015,0.13148084,151.19719,0.8904323,-0.82332224,12.93231
192,moon__p0__s6,taboo,12,1,0,0.3043858,1.1813927,2.8685274,89.97161,0.8851572,-0.8289617,11.755544
193,moon__p0__s6,taboo,13,1,0,1.7698429,2.2440033,1.6359994,186.30894,0.8872744,-0.83611584,10.122078
194,moon__p0__s6,taboo,14,1,0,0.24257079,0.6732521,1.0087557,153.49759,0.8940654,-0.84736633,10.477301
195,moon__p0__s6,taboo,15,1,0,1.6278766,1.5415759,1.2184886,136.52359,0.8812371,-0.8256859,12.315425
196,moon__p0__s6,taboo,16,1,0,0.29449144,0.62849194,0.53280145,131.27083,0.8802762,-0.82557005,12.351824
197,moon__p0__s6,taboo,17,1,0,0.16268837,0.44241142,0.575725,151.11899,0.8820459,-0.82495624,13.195968
198,moon__p0__s6,taboo,18,1,0,0.00004005352,0.000599287,0.008210905,162.07129,0.879066,-0.82578677,12.341179
199,moon__p0__s6,taboo,19,1,0,0.3221266,0.85256743,1.3026615,124.93307,0.8783226,-0.8052412,14.44142
200,moon__p0__s6,taboo,20,1,0,0.7566171,1.1832616,1.4987271,177.93108,0.85446465,-0.8061132,14.960279
201,moon__p0__s6,taboo,21,1,0,0.2633912,0.7797137,1.4384317,215.26921,0.8565587,-0.79012936,14.5869465
202,moon__p0__s6,taboo,22,1,0,0.062812984,0.32964665,1.2743711,182.557,0.8741502,-0.8194181,12.515326
203,moon__p0__s6,taboo,23,1,0,0.000020980615,0.00030739867,0.004080084,142.75764,0.8627539,-0.80155575,14.057286
204,moon__p0__s6,taboo,24,1,0,0.059673414,0.25412896,0.79729,152.28998,0.85911846,-0.8035796,13.690088
205,moon__p0__s6,taboo,25,1,0,1.8067157,1.1268342,0.6605284,130.51074,0.8487438,-0.796533,14.71645
206,moon__p0__s6,taboo,26,1,0,0.034733627,0.20250037,0.8854104,154.09448,0.8634601,-0.8225474,12.806789
207,moon__p0__s6,taboo,27,1,0,0.000035166122,0.0005431498,0.007755953,135.90825,0.86192846,-0.80967754,14.036369
208,moon__p0__s6,taboo,28,1,0,1.5775739,1.1229272,1.2837625,120.51378,0.8628478,-0.82350075,13.186005
209,moon__p0__s6,taboo,29,1,0,1.9173601,0.8703594,1.4756463,182.28532,0.8663501,-0.8202373,13.199181
210,moon__p0__s7,taboo,0,1,0,0.06851118,0.6095549,4.8229103,253.31947,0.9723617,-0.8274193,10.631866
211,moon__p0__s7,taboo,1,1,0,0.45734453,1.3822334,2.3205996,148.84624,0.95407015,-0.8407081,9.863261
212,moon__p0__s7,taboo,2,1,0,0.010931841,0.09148028,0.6497998,172.83292,0.9484586,-0.8688774,7.7147713
213,moon__p0__s7,taboo,3,1,0,0.009979828,0.08212141,0.5583095,157.088,0.92537385,-0.81040853,13.597052
214,moon__p0__s7,taboo,4,1,0,0.0055950233,0.037532527,0.20497635,103.74386,0.92892045,-0.8403632,10.680507
215,moon__p0__s7,taboo,5,1,0,0.0283713,0.20359847,1.1968337,168.16492,0.9209616,-0.8282909,11.716966
216,moon__p0__s7,taboo,6,1,0,0.01987156,0.14039814,0.78582466,124.91081,0.899281,-0.80874455,12.647635
217,moon__p0__s7,taboo,7,1,0,0.01852801,0.094394475,0.32715622,141.43259,0.9176351,-0.8281347,11.894284
218,moon__p0__s7,taboo,8,1,0,0.1716329,0.75763077,2.346423,165.68762,0.91956115,-0.83158857,11.945089
219,moon__p0__s7,taboo,9,1,0,1.0601519,0.7002932,0.47623932,107.87404,0.9092192,-0.7944655,15.975335
220,moon__p0__s7,taboo,10,1,0,0.007484964,0.061408933,0.44042617,101.47046,0.9062865,-0.8135654,14.105498
221,moon__p0__s7,taboo,11,1,0,0.0006546023,0.008296194,0.09451039,154.07393,0.88874376,-0.81810963,13.788208
222,moon__p0__s7,taboo,12,1,0,0.35455316,1.4003253,3.3518505,97.66638,0.8846643,-0.8246188,12.142467
223,moon__p0__s7,taboo,13,1,0,1.7793884,2.2306926,1.7162149,186.10562,0.8869891,-0.8333697,10.38076
224,moon__p0__s7,taboo,14,1,0,0.2063558,0.63640994,1.0967085,155.71219,0.8940767,-0.84456426,10.805262
225,moon__p0__s7,taboo,15,1,0,2.238924,1.5515904,1.2761647,136.65213,0.885492,-0.8260894,12.583472
226,moon__p0__s7,taboo,16,1,0,2.2686422,1.7730193,1.617795,116.83065,0.8863498,-0.8325901,11.495967
227,moon__p0__s7,taboo,17,1,0,0.77338135,0.7853315,0.4710039,164.15753,0.8913199,-0.8357504,12.165536
228,moon__p0__s7,taboo,18,1,0,0.000049232225,0.0007059991,0.009366693,178.2396,0.8803507,-0.826482,12.4597645
229,moon__p0__s7,taboo,19,1,0,0.5534568,1.0363466,1.2909584,114.13786,0.88095814,-0.80651134,14.453875
230,moon__p0__s7,taboo,20,1,0,1.1429955,1.0579171,1.5891693,177.08626,0.8562221,-0.80724937,14.820385
231,moon__p0__s7,taboo,21,1,0,1.3048642,0.9966166,1.5298415,212.93181,0.8559795,-0.79090345,14.584943
232,moon__p0__s7,taboo,22,1,0,0.0706957,0.35965085,1.3532891,192.78122,0.87073267,-0.81534284,12.809609
233,moon__p0__s7,taboo,23,1,0,0.000029801879,0.00041419338,0.0051792646,141.53735,0.8640919,-0.802448,14.067686
234,moon__p0__s7,taboo,24,1,0,0.06652535,0.27140278,0.79934555,153.89566,0.85928226,-0.80451775,13.646825
235,moon__p0__s7,taboo,25,1,0,0.9571159,1.1364149,0.59295213,118.893616,0.8649908,-0.81552184,13.114173
236,moon__p0__s7,taboo,26,1,0,1.0752833,1.2961459,1.545685,173.42812,0.8687439,-0.81929266,12.6000395
237,moon__p0__s7,taboo,27,1,0,0.16718315,0.47400784,0.7421236,65.93223,0.8656848,-0.8115506,13.648949
238,moon__p0__s7,taboo,28,1,0,0.0059714485,0.0519564,0.37394655,120.387764,0.86112666,-0.79170114,15.525382
239,moon__p0__s7,taboo,29,1,0,0.48215547,0.8856914,1.0016664,99.79389,0.8623177,-0.80551577,13.936098
240,moon__p1__s0,taboo,0,1,0,0.46168664,2.916965,13.466636,255.9919,0.9730791,-0.8216959,11.089388
241,moon__p1__s0,taboo,1,1,0,0.8191359,1.795579,2.532826,162.61368,0.9524181,-0.8331728,10.546571
242,moon__p1__s0,taboo,2,1,0,0.016935961,0.1308987,0.87001216,177.61517,0.94818026,-0.8671045,7.858445
243,moon__p1__s0,taboo,3,1,0,0.01439931,0.11311269,0.7299181,158.63052,0.92353696,-0.8081533,13.813461
244,moon__p1__s0,taboo,4,1,0,0.013244743,0.07597633,0.33885327,100.98307,0.9264667,-0.83729947,10.970325
245,moon__p1__s0,taboo,5,1,0,0.045671854,0.30539736,1.6513057,179.00328,0.91832376,-0.8277327,11.78163
246,moon__p1__s0,taboo,6,1,0,0.07467705,0.40778244,1.6213098,125.723785,0.899979,-0.8116941,12.4507475
247,moon__p1__s0,taboo,7,1,0,0.01910616,0.09933881,0.36276168,146.75917,0.9180562,-0.82936317,11.771257
248,moon__p1__s0,taboo,8,1,0,0.7223145,2.038226,3.64647,180.62752,0.9213566,-0.8352955,11.181764
249,moon__p1__s0,taboo,9,1,0,0.2813837,0.7281373,1.3313966,119.592865,0.91444516,-0.8194917,12.713694
250,moon__p1__s0,taboo,10,1,0,0.006726716,0.055894405,0.39976823,107.51173,0.9033666,-0.8253374,12.373006
251,moon__p1__s0,taboo,11,1,0,0.0020300988,0.022193268,0.21631221,153.81157,0.89134043,-0.82637733,12.362562
252,moon__p1__s0,taboo,12,1,0,0.17972742,0.8387669,2.6901946,95.48263,0.8818782,-0.8300048,11.575216
253,moon__p1__s0,taboo,13,1,0,1.1912537,2.1914802,1.8086747,216.46864,0.8796671,-0.81334156,12.349113
254,moon__p1__s0,taboo,14,1,0,0.1844829,0.7619357,2.2362497,193.72125,0.88810146,-0.83584845,10.97472
255,moon__p1__s0,taboo,15,1,0,0.00015734388,0.0019728711,0.022052446,149.84007,0.8736859,-0.8114652,13.051768
256,moon__p1__s0,taboo,16,1,0,0.069181964,0.3512472,1.4587147,157.89366,0.87054026,-0.81712323,12.314973
257,moon__p1__s0,taboo,17,1,0,0.7668266,1.1381531,0.7119001,93.718094,0.86949754,-0.821622,11.831856
258,moon__p1__s0,taboo,18,1,0,0.012788429,0.08008409,0.38910946,110.47699,0.86450225,-0.8158666,12.852017
259,moon__p1__s0,taboo,19,1,0,0.011538674,0.075361505,0.39519244,143.59297,0.8724363,-0.83142376,12.010711
260,moon__p1__s0,taboo,20,1,0,0.00015627117,0.0018756269,0.020417033,133.76701,0.8692863,-0.8206541,12.892634
261,moon__p1__s0,taboo,21,1,0,0.47969526,1.1154748,1.4640238,146.4096,0.8685543,-0.8194583,12.9084425
262,moon__p1__s0,taboo,22,1,0,0.0007932615,0.007832259,0.06797241,94.60844,0.8647194,-0.8127373,13.554034
263,moon__p1__s0,taboo,23,1,0,0.0037928326,0.03473787,0.26615897,116.45338,0.85573447,-0.7903947,15.671841
264,moon__p1__s0,taboo,24,1,0,0.62038386,0.89046365,0.8609841,168.27556,0.8624774,-0.8172841,13.475479
265,moon__p1__s0,taboo,25,1,0,0.7715556,1.4310904,1.3170593,158.38211,0.8621725,-0.82500935,12.923653
266,moon__p1__s0,taboo,26,1,0,0.016283842,0.10834819,0.56989145,89.92058,0.86448133,-0.83101004,12.417135
267,moon__p1__s0,taboo,27,1,0,0.018030548,0.113510594,0.5604471,91.08067,0.8590516,-0.8144922,14.312283
268,moon__p1__s0,taboo,28,1,0,0.03360946,0.23278275,1.270483,147.69331,0.85775816,-0.8168668,14.494011
269,moon__p1__s0,taboo,29,1,0,0.5367763,1.0746856,1.1323042,81.52443,0.8422817,-0.78692293,17.6088
270,moon__p1__s1,taboo,0,1,0,0.46218964,2.92035,13.479582,256.01883,0.9730784,-0.8216201,11.093747
271,moon__p1__s1,taboo,1,1,0,1.5720866,1.801388,2.5214682,177.93939,0.95627606,-0.85348207,9.146188
272,moon__p1__s1,taboo,2,1,0,0.2698673,0.77751106,1.142972,171.585,0.9363666,-0.83515865,11.141454
273,moon__p1__s1,taboo,3,1,0,0.19122128,0.6713342,1.5958323,133.88374,0.92766213,-0.82905626,12.111874
274,moon__p1__s1,taboo,4,1,0,0.036314398,0.20950966,1.0098473,164.50966,0.9274548,-0.8445531,10.431699
275,moon__p1__s1,taboo,5,1,0,0.038699344,0.19037226,0.70352846,142.4569,0.9186198,-0.81255287,13.628714
276,moon__p1__s1,taboo,6,1,0,0.5065496,1.5095837,4.0179567,171.14284,0.9195513,-0.8282532,12.525685
277,moon__p1__s1,taboo,7,1,0,0.06125127,0.33570176,1.373939,140.27885,0.90573853,-0.8153496,13.282141
278,moon__p1__s1,taboo,8,1,0,0.005355298,0.042932212,0.29727703,151.72948,0.9082741,-0.81025934,13.623734
279,moon__p1__s1,taboo,9,1,0,0.24108523,1.1472881,3.8690913,176.59955,0.9157508,-0.8203624,12.626696
280,moon__p1__s1,taboo,10,1,0,0.1892371,0.61501896,1.2855283,120.887794,0.91654676,-0.8105774,13.538542
281,moon__p1__s1,taboo,11,1,0,0.0052655344,0.045292232,0.33775672,114.47351,0.9036868,-0.81815046,13.118699
282,moon__p1__s1,taboo,12,1,0,0.0035423406,0.034987055,0.30532703,145.96521,0.88395166,-0.81082994,14.34326
283,moon__p1__s1,taboo,13,1,0,0.13500766,0.5576744,1.6675754,109.24918,0.8784112,-0.8167018,13.399139
284,moon__p1__s1,taboo,14,1,0,0.36933306,1.0622363,1.7896057,177.67468,0.8756514,-0.80211604,14.491022
285,moon__p1__s1,taboo,15,1,0,0.023350265,0.12571158,0.5201056,132.07588,0.8808029,-0.8181988,11.856816
286,moon__p1__s1,taboo,16,1,0,0.021620767,0.14700887,0.8495446,153.5026,0.8848527,-0.8192841,11.955448
287,moon__p1__s1,taboo,17,1,0,0.08581861,0.3284793,0.88177276,119.046364,0.88284165,-0.8254733,11.505074
288,moon__p1__s1,taboo,18,1,0,0.020895815,0.10343972,0.3422388,146.86707,0.8713805,-0.8273147,12.131237
289,moon__p1__s1,taboo,19,1,0,0.28026527,1.1294979,3.1238608,134.86145,0.8732638,-0.83514845,11.520537
290,moon__p1__s1,taboo,20,1,0,0.00030262658,0.004247099,0.05573956,155.82248,0.8653903,-0.82501024,12.568584
291,moon__p1__s1,taboo,21,1,0,0.83329505,1.8475797,2.06145,210.18092,0.85919774,-0.79536325,14.101515
292,moon__p1__s1,taboo,22,1,0,0.28601292,1.1413295,2.921525,186.86061,0.8689046,-0.81072754,13.08619
293,moon__p1__s1,taboo,23,1,0,0.00004029193,0.0005725607,0.0073723416,144.5217,0.8633661,-0.8008357,14.493452
294,moon__p1__s1,taboo,24,1,0,0.023972306,0.16909204,1.0052693,158.79802,0.86123306,-0.8058842,13.520621
295,moon__p1__s1,taboo,25,1,0,1.1675949,1.2400692,0.6407689,127.188995,0.86556286,-0.8193326,12.868193
296,moon__p1__s1,taboo,26,1,0,1.8329692,1.5638974,1.8019633,130.82811,0.8711114,-0.8328689,11.772433
297,moon__p1__s1,taboo,27,1,0,0.34966698,1.0924529,1.812643,112.656815,0.8671275,-0.82535917,13.265314
298,moon__p1__s1,taboo,28,1,0,1.1934463,2.022437,1.5986819,142.21011,0.86705834,-0.838075,12.715008
299,moon__p1__s1,taboo,29,1,0,0.8463995,0.8177495,0.6960896,161.33043,0.8608938,-0.81079924,14.137238
300,moon__p1__s2,taboo,0,1,0,0.46218964,2.92035,13.479582,256.01883,0.9730784,-0.8216201,11.093747
301,moon__p1__s2,taboo,1,1,0,0.8220866,1.801388,2.5214682,162.61005,0.9524285,-0.8329851,10.564921
302,moon__p1__s2,taboo,2,1,0,0.016708905,0.1292917,0.86119807,178.07239,0.948066,-0.8669324,7.8671255
303,moon__p1__s2,taboo,3,1,0,0.013106271,0.104472786,0.6840387,158.94905,0.9234928,-0.8078106,13.852793
304,moon__p1__s2,taboo,4,1,0,0.013250743,0.07604249,0.33950955,100.66692,0.9265097,-0.83733386,10.978395
305,moon__p1__s2,taboo,5,1,0,0.046074707,0.30774248,1.6593053,178.9632,0.9182531,-0.8273253,11.820611
306,moon__p1__s2,taboo,6,1,0,0.07480095,0.40867916,1.626038,125.52858,0.8997764,-0.81102365,12.489961
307,moon__p1__s2,taboo,7,1,0,0.019107563,0.09935826,0.3629775,146.70648,0.91810775,-0.8293773,11.780457
308,moon__p1__s2,taboo,8,1,0,0.7230746,2.042432,3.6599133,180.58086,0.92135864,-0.8351966,11.192399
309,moon__p1__s2,taboo,9,1,0,0.28109917,0.7269628,1.3295321,119.22613,0.91447926,-0.8192255,12.738715
310,moon__p1__s2,taboo,10,1,0,0.006576916,0.054957636,0.3962804,107.31987,0.903482,-0.825434,12.372267
311,moon__p1__s2,taboo,11,1,0,0.002029623,0.022205763,0.2166879,153.91658,0.89129835,-0.8262275,12.377092
312,moon__p1__s2,taboo,12,1,0,0.18764065,0.86164904,2.7006397,95.354164,0.8818607,-0.8299001,11.589457
313,moon__p1__s2,taboo,13,1,0,2.2247791,2.1726332,1.819189,185.07222,0.8840154,-0.83781606,9.906323
314,moon__p1__s2,taboo,14,1,0,0.3217034,0.7564831,0.9458529,151.84688,0.8903353,-0.8505191,10.114868
315,moon__p1__s2,taboo,15,1,0,1.7685907,1.47076,1.3541366,159.99573,0.8937105,-0.8454489,10.411534
316,moon__p1__s2,taboo,16,1,0,0.009389054,0.06875557,0.41372597,105.37819,0.87424856,-0.8112723,13.798236
317,moon__p1__s2,taboo,17,1,0,0.20993161,0.7001878,1.6740179,180.23615,0.8675465,-0.8235194,13.008562
318,moon__p1__s2,taboo,18,1,0,0.115146786,0.43878385,1.0046107,186.89522,0.88438624,-0.8289428,12.162256
319,moon__p1__s2,taboo,19,1,0,0.26290247,0.8493849,1.5126461,99.424385,0.8745073,-0.8085214,13.835159
320,moon__p1__s2,taboo,20,1,0,0.57496095,0.91666496,0.92723536,178.65846,0.89332426,-0.83924323,10.807337
321,moon__p1__s2,taboo,21,1,0,0.06906104,0.33892113,1.3178475,212.68648,0.8839519,-0.8359093,12.173611
322,moon__p1__s2,taboo,22,1,0,0.000039099883,0.0004833362,0.0051889317,217.0284,0.8866081,-0.8482467,10.609312
323,moon__p1__s2,taboo,23,1,0,0.000106925014,0.0012218656,0.012245406,126.9043,0.8553315,-0.81463444,13.872467
324,moon__p1__s2,taboo,24,1,0,0.01657865,0.088924535,0.355471,137.95497,0.84265697,-0.80121416,15.279538
325,moon__p1__s2,taboo,25,1,0,0.45084625,0.7700619,0.62512565,199.88431,0.84733653,-0.7891487,14.485031
326,moon__p1__s2,taboo,26,1,0,0.061248913,0.3350658,1.3685731,185.20845,0.8741466,-0.8290666,11.717169
327,moon__p1__s2,taboo,27,1,0,0.000039695904,0.0005491706,0.00691554,146.28656,0.85159564,-0.80031693,14.047568
328,moon__p1__s2,taboo,28,1,0,0.051401705,0.24638242,0.91603684,151.25618,0.8461405,-0.80096215,13.930563
329,moon__p1__s2,taboo,29,1,0,1.8451612,1.124681,0.65590674,128.69115,0.8391767,-0.7972408,14.648846
330,moon__p1__s3,taboo,0,1,0,0.46218964,2.92035,13.479582,256.01883,0.9730784,-0.8216201,11.093747
331,moon__p1__s3,taboo,1,1,0,0.8220866,1.801388,2.5214682,162.61005,0.9524285,-0.8329851,10.564921
332,moon__p1__s3,taboo,2,1,0,0.016708905,0.1292917,0.86119807,178.07239,0.948066,-0.8669324,7.8671255
333,moon__p1__s3,taboo,3,1,0,0.013106271,0.104472786,0.6840387,158.94905,0.9234928,-0.8078106,13.852793
334,moon__p1__s3,taboo,4,1,0,0.013250743,0.07604249,0.33950955,100.66692,0.9265097,-0.83733386,10.978395
335,moon__p1__s3,taboo,5,1,0,0.046074707,0.30774248,1.6593053,178.9632,0.9182531,-0.8273253,11.820611
336,moon__p1__s3,taboo,6,1,0,0.07480095,0.40867916,1.626038,125.52858,0.8997764,-0.81102365,12.489961
337,moon__p1__s3,taboo,7,1,0,0.019107563,0.09935826,0.3629775,146.70648,0.91810775,-0.8293773,11.780457
338,moon__p1__s3,taboo,8,1,0,0.7230746,2.042432,3.6599133,180.58086,0.92135864,-0.8351966,11.192399
339,moon__p1__s3,taboo,9,1,0,0.28109917,0.7269628,1.3295321,119.22613,0.91447926,-0.8192255,12.738715
340,moon__p1__s3,taboo,10,1,0,0.006576916,0.054957636,0.3962804,107.31987,0.903482,-0.825434,12.372267
341,moon__p1__s3,taboo,11,1,0,0.002029623,0.022205763,0.2166879,153.91658,0.89129835,-0.8262275,12.377092
342,moon__p1__s3,taboo,12,1,0,0.18764065,0.86164904,2.7006397,95.354164,0.8818607,-0.8299001,11.589457
343,moon__p1__s3,taboo,13,1,0,2.8497791,2.1726332,1.819189,174.25467,0.88916075,-0.8311511,11.30943
344,moon__p1__s3,taboo,14,1,0,0.8119162,1.6068618,1.5723851,114.560486,0.8865872,-0.83071727,12.2393465
345,moon__p1__s3,taboo,15,1,0,0.6598349,1.4697822,2.0973663,162.96251,0.8823221,-0.82248086,12.743609
346,moon__p1__s3,taboo,16,1,0,0.1392411,0.76965547,3.243188,160.78806,0.8792308,-0.8242178,13.06556
347,moon__p1__s3,taboo,17,1,0,0.35996494,0.97752196,1.9403477,88.38727,0.8660411,-0.8076974,15.322305
348,moon__p1__s3,taboo,18,1,0,0.06353929,0.3696521,1.670258,160.17885,0.86485046,-0.8047452,15.559643
349,moon__p1__s3,taboo,19,1,0,0.8853422,2.3141398,3.7598248,162.60374,0.87077165,-0.80486244,16.193829
350,moon__p1__s3,taboo,20,1,0,0.06024252,0.3257846,1.3593311,125.269356,0.8681467,-0.7981967,16.741451
351,moon__p1__s3,taboo,21,1,0,0.7684325,1.106195,0.34345308,108.200195,0.85560787,-0.7788697,18.981745
352,moon__p1__s3,taboo,22,1,0,0.0074747885,0.05803879,0.3749488,107.305405,0.8621621,-0.7909493,18.009678
353,moon__p1__s3,taboo,23,1,0,0.0014892451,0.015252143,0.14570369,157.50067,0.83948433,-0.78163403,19.631617
354,moon__p1__s3,taboo,24,1,0,0.7873491,1.081563,1.1104639,217.36047,0.8548267,-0.7998601,13.397052
355,moon__p1__s3,taboo,25,1,0,0.08843098,0.49629226,2.0479329,194.04178,0.88716155,-0.8437404,10.573372
356,moon__p1__s3,taboo,26,1,0,0.00036662057,0.0035044267,0.02842409,161.00482,0.8503836,-0.80143017,13.637467
357,moon__p1__s3,taboo,27,1,0,0.024264041,0.15335886,0.80410373,158.38284,0.8512796,-0.80697745,13.232262
358,moon__p1__s3,taboo,28,1,0,0.7658604,1.2114869,0.70217264,91.58857,0.85412014,-0.81361717,12.64266
359,moon__p1__s3,taboo,29,1,0,0.015247689,0.09159139,0.42869058,108.74587,0.84833616,-0.80707484,13.7151575
360,moon__p1__s4,taboo,0,1,0,0.42000902,2.737875,13.250255,255.9577,0.97296554,-0.82139057,11.103924
361,moon__p1__s4,taboo,1,1,0,1.82014,1.7981532,2.5284133,126.09659,0.94935435,-0.83070564,10.648547
362,moon__p1__s4,taboo,2,1,0,0.36630052,0.71607727,0.7449863,136.29941,0.9465528,-0.8402584,10.271223
363,moon__p1__s4,taboo,3,1,0,0.7421052,2.1829982,3.9866107,179.10127,0.9401722,-0.84309256,10.409859
364,moon__p1__s4,taboo,4,1,0,0.3196271,0.80490255,1.4992208,116.59714,0.92933494,-0.825161,12.212838
365,moon__p1__s4,taboo,5,1,0,0.011424361,0.08544572,0.54749954,112.92856,0.91601956,-0.82985795,11.940626
366,moon__p1__s4,taboo,6,1,0,0.0026178635,0.0271912,0.25105888,146.19997,0.905644,-0.83070153,11.772884
367,moon__p1__s4,taboo,7,1,0,0.2711944,0.9360632,2.3455362,98.1251,0.8977347,-0.8356244,10.824346
368,moon__p1__s4,taboo,8,1,0,2.303412,1.4922903,2.7846494,216.26814,0.89717674,-0.8220642,11.455427
369,moon__p1__s4,taboo,9,1,0,0.29563957,1.1922703,3.0414333,188.72354,0.9029155,-0.8440386,10.246755
370,moon__p1__s4,taboo,10,1,0,0.00033087024,0.003926984,0.041582257,146.88904,0.88425946,-0.813941,12.803885
371,moon__p1__s4,taboo,11,1,0,0.14182998,0.6843443,2.5823855,165.0243,0.8812825,-0.8190649,11.926134
372,moon__p1__s4,taboo,12,1,0,0.7844629,1.237299,0.84446985,117.296646,0.8810769,-0.8281992,11.657357
373,moon__p1__s4,taboo,13,1,0,0.5390503,1.3022321,1.941388,161.4373,0.8805392,-0.8223731,12.143477
374,moon__p1__s4,taboo,14,1,0,0.0014454403,0.0136383865,0.11244887,93.61583,0.87711614,-0.81774247,12.79292
375,moon__p1__s4,taboo,15,1,0,0.010791632,0.08699673,0.5788282,118.35193,0.86649567,-0.79168075,15.47556
376,moon__p1__s4,taboo,16,1,0,0.7574594,0.98906213,1.2442224,184.433,0.8752899,-0.8247431,12.575423
377,moon__p1__s4,taboo,17,1,0,2.2083611,1.6276975,1.6074796,165.4024,0.88062304,-0.83872575,11.43215
378,moon__p1__s4,taboo,18,1,0,0.0035674046,0.025946327,0.15255097,138.82286,0.8737773,-0.8261531,12.511759
379,moon__p1__s4,taboo,19,1,0,0.10164697,0.46109533,1.3892049,112.873024,0.8635167,-0.81044626,13.811834
380,moon__p1__s4,taboo,20,1,0,0.0002466136,0.0031163038,0.035278197,173.45842,0.8673421,-0.8327366,12.733083
381,moon__p1__s4,taboo,21,1,0,0.17013368,0.62937486,1.6561315,158.42108,0.86492896,-0.82435495,13.172964
382,moon__p1__s4,taboo,22,1,0,0.5929367,1.4422688,1.3645124,166.14491,0.87111163,-0.8304254,12.463499
383,moon__p1__s4,taboo,23,1,0,0.36355975,0.7908295,0.79927117,160.66518,0.85845906,-0.80804664,14.630239
384,moon__p1__s4,taboo,24,1,0,0.442421,0.9479493,1.5591531,155.26923,0.8697891,-0.80747235,13.986311
385,moon__p1__s4,taboo,25,1,0,0.95208186,1.1468023,0.4105773,193.2318,0.8446344,-0.7970219,16.778439
386,moon__p1__s4,taboo,26,1,0,0.0774164,0.385877,1.4219971,231.35606,0.8403075,-0.7797634,16.407217
387,moon__p1__s4,taboo,27,1,0,0.7304883,1.414818,1.549688,223.7911,0.85870475,-0.81168234,13.151539
388,moon__p1__s4,taboo,28,1,0,0.2102067,0.5454123,0.8193813,141.30324,0.8685794,-0.82476324,12.671909
389,moon__p1__s4,taboo,29,1,0,0.000080582235,0.0012454003,0.018070335,122.04407,0.85005367,-0.7953459,15.92245
390,moon__p1__s5,taboo,0,1,0,0.4594301,2.9098969,13.47805,255.88374,0.97291535,-0.82145274,11.109236
391,moon__p1__s5,taboo,1,1,0,1.8152015,1.7879443,2.5402577,126.363525,0.949426,-0.83095646,10.636361
392,moon__p1__s5,taboo,2,1,0,0.40616518,0.74421966,0.73312235,136.3636,0.94653636,-0.8403886,10.269635
393,moon__p1__s5,taboo,3,1,0,2.3672152,2.1834085,3.9888248,185.75496,0.9368743,-0.8319203,11.698652
394,moon__p1__s5,taboo,4,1,0,2.2593336,2.153193,2.2979217,140.30322,0.91999847,-0.7990485,16.103016
395,moon__p1__s5,taboo,5,1,0,0.03774449,0.28426725,1.8325152,179.32614,0.9172797,-0.8319852,12.227071
396,moon__p1__s5,taboo,6,1,0,1.5264643,2.5033324,2.2072017,97.862434,0.9097506,-0.8381731,10.915111
397,moon__p1__s5,taboo,7,1,0,0.6660008,2.2038264,3.5082932,158.75099,0.90020686,-0.8146046,12.57377
398,moon__p1__s5,taboo,8,1,0,0.43844548,1.0319397,1.4425249,139.7586,0.9042342,-0.8169066,12.646141
399,moon__p1__s5,taboo,9,1,0,0.40660092,1.6343927,4.6159196,171.66833,0.900745,-0.82457876,11.834315
400,moon__p1__s5,taboo,10,1,0,0.34737995,1.0825015,2.1284876,117.26736,0.89514107,-0.8261652,12.014571
401,moon__p1__s5,taboo,11,1,0,0.9752183,2.0062613,2.7547586,162.40059,0.8916593,-0.8211117,12.384031
402,moon__p1__s5,taboo,12,1,0,0.019816866,0.1087046,0.4663053,78.954475,0.8901295,-0.8098733,13.590487
403,moon__p1__s5,taboo,13,1,0,0.02115227,0.15755126,0.9538864,121.68267,0.88313174,-0.7820578,16.75556
404,moon__p1__s5,taboo,14,1,0,0.22428836,0.79656535,2.235076,191.76007,0.88909125,-0.82161343,12.477598
405,moon__p1__s5,taboo,15,1,1,1.3269218,2.1230838,1.4491127,190.48843,0.8900642,-0.7998888,15.327167
406,moon__p1__s5,taboo,16,1,1,0.08717105,0.48172975,2.058449,131.39072,0.89321375,-0.7760257,18.778748
407,moon__p1__s5,taboo,17,1,0,0.038631793,0.3019225,1.9830146,176.45082,0.8801529,-0.8006325,16.75829
408,moon__p1__s5,taboo,18,1,0,1.3975915,2.3177977,2.1587253,168.33582,0.88677144,-0.8166504,13.771256
409,moon__p1__s5,taboo,19,1,0,0.16555572,0.6258414,1.4956446,151.67035,0.8862788,-0.82424384,13.560269
410,moon__p1__s5,taboo,20,1,0,0.38351882,1.0646296,1.5168269,156.60533,0.88874006,-0.8221307,13.469254
411,moon__p1__s5,taboo,21,1,0,0.0008706831,0.0085941395,0.076129064,167.88362,0.85945076,-0.79469365,16.569014
412,moon__p1__s5,taboo,22,1,1,1.132605,1.6585965,1.460913,252.23625,0.8599743,-0.7832757,16.165442
413,moon__p1__s5,taboo,23,1,1,0.9364709,2.0960083,3.1233282,263.19162,0.8933933,-0.82508487,13.159767
414,moon__p1__s5,taboo,24,1,1,0.22617088,1.0668646,3.5324197,168.88881,0.88129205,-0.81904143,13.920347
415,moon__p1__s5,taboo,25,1,1,1.3698239,1.7926531,3.2762542,143.46252,0.9025796,-0.83593094,12.87882
416,moon__p1__s5,taboo,26,1,1,2.4101017,2.7896965,4.817381,115.762024,0.902247,-0.84575236,11.973878
417,moon__p1__s5,taboo,27,1,1,1.3743083,2.7740355,3.6593478,178.56317,0.8889374,-0.83806896,12.716199
418,moon__p1__s5,taboo,28,1,1,1.589199,2.0174503,1.8333974,168.20634,0.9050615,-0.84952444,11.3542595
419,moon__p1__s5,taboo,29,1,1,1.2169979,1.9065833,3.8544397,152.30852,0.89060515,-0.84521514,11.821159
420,moon__p1__s6,taboo,0,1,0,0.46525568,2.9315317,13.47888,255.91708,0.97305685,-0.82153,11.1068125
421,moon__p1__s6,taboo,1,1,0,0.8182183,1.7924962,2.5350711,162.3153,0.95248735,-0.83283085,10.567211
422,moon__p1__s6,taboo,2,1,0,0.016673852,0.1289374,0.8582606,177.8487,0.94817555,-0.8671732,7.8552227
423,moon__p1__s6,taboo,3,1,0,0.0144893145,0.113939434,0.73592836,159.28899,0.9235859,-0.8079727,13.83254
424,moon__p1__s6,taboo,4,1,0,0.011781752,0.06955073,0.3237252,101.0284,0.92651117,-0.83722794,10.987571
425,moon__p1__s6,taboo,5,1,0,0.048073698,0.31533188,1.6694722,179.42822,0.918336,-0.8276,11.799555
426,moon__p1__s6,taboo,6,1,0,0.078560404,0.42056215,1.635355,125.45616,0.8997745,-0.8108656,12.491317
427,moon__p1__s6,taboo,7,1,0,0.019103587,0.09932243,0.36276692,146.77759,0.91816103,-0.82926697,11.793001
428,moon__p1__s6,taboo,8,1,0,0.703286,2.0399313,3.7107654,180.83827,0.92143637,-0.83527654,11.184668
429,moon__p1__s6,taboo,9,1,0,1.5330493,0.7362852,1.3543115,116.669716,0.9113707,-0.800605,14.866767
430,moon__p1__s6,taboo,10,1,0,0.053893197,0.284065,1.2005979,105.21886,0.9061112,-0.82618207,12.165034
431,moon__p1__s6,taboo,11,1,0,0.0013177054,0.01547147,0.16215864,162.20917,0.8930181,-0.8290698,12.151896
432,moon__p1__s6,taboo,12,1,0,0.26100478,1.1707907,3.4475996,100.78703,0.88182235,-0.82765275,11.780261
433,moon__p1__s6,taboo,13,1,0,1.1849684,2.187748,1.8308241,215.60008,0.88017184,-0.81233865,12.5061
434,moon__p1__s6,taboo,14,1,0,0.24327905,0.90931356,2.386735,190.64328,0.8893941,-0.83718616,10.957386
435,moon__p1__s6,taboo,15,1,0,0.00015233787,0.0019293801,0.021865968,150.8335,0.87471783,-0.81073207,13.18112
436,moon__p1__s6,taboo,16,1,0,0.10825252,0.48341843,1.7436509,158.6227,0.87188643,-0.81711763,12.397764
437,moon__p1__s6,taboo,17,1,0,0.79732245,1.1190801,0.73430455,93.82468,0.86994225,-0.8215353,11.850061
438,moon__p1__s6,taboo,18,1,0,0.011988257,0.0772603,0.38989717,112.64787,0.8640851,-0.81453866,12.906685
439,moon__p1__s6,taboo,19,1,0,0.012655425,0.08075257,0.41199794,143.96342,0.87281543,-0.83189595,11.952198
440,moon__p1__s6,taboo,20,1,0,0.00018428058,0.0021355764,0.022364343,134.61232,0.8706536,-0.8207737,12.888725
441,moon__p1__s6,taboo,21,1,0,0.4906762,1.1325605,1.4241388,148.00063,0.8691421,-0.8195284,12.901657
442,moon__p1__s6,taboo,22,1,0,0.001087789,0.01014651,0.08222839,93.11412,0.86617374,-0.8130457,13.4620285
443,moon__p1__s6,taboo,23,1,0,0.005179558,0.045196906,0.32738218,116.754944,0.8570836,-0.7914483,15.554942
444,moon__p1__s6,taboo,24,1,0,0.5177962,0.8698249,0.9470148,168.71475,0.86321396,-0.8172389,13.437337
445,moon__p1__s6,taboo,25,1,0,1.1373318,1.4069028,1.3020091,163.79424,0.8652749,-0.81183094,14.322144
446,moon__p1__s6,taboo,26,1,0,0.80618817,0.93502593,1.0003022,104.23564,0.85428405,-0.77631366,18.61303
447,moon__p1__s6,taboo,27,1,0,0.0032434259,0.0365567,0.37507063,178.75215,0.8551225,-0.80399936,16.635628
448,moon__p1__s6,taboo,28,1,0,1.9709251,1.7246833,1.5515717,174.91966,0.8588762,-0.82202893,13.212678
449,moon__p1__s6,taboo,29,1,0,0.04413502,0.2059991,0.67278725,89.83468,0.86268127,-0.828875,12.516993
450,moon__p1__s7,taboo,0,1,0,0.46218964,2.92035,13.479582,256.01883,0.9730784,-0.8216201,11.093747
451,moon__p1__s7,taboo,1,1,0,0.8220866,1.801388,2.5214682,162.61005,0.9524285,-0.8329851,10.564921
452,moon__p1__s7,taboo,2,1,0,0.016708905,0.1292917,0.86119807,178.07239,0.948066,-0.8669324,7.8671255
453,moon__p1__s7,taboo,3,1,0,0.013106271,0.104472786,0.6840387,158.94905,0.9234928,-0.8078106,13.852793
454,moon__p1__s7,taboo,4,1,0,0.013250743,0.07604249,0.33950955,100.66692,0.9265097,-0.83733386,10.978395
455,moon__p1__s7,taboo,5,1,0,0.046074707,0.30774248,1.6593053,178.9632,0.9182531,-0.8273253,11.820611
456,moon__p1__s7,taboo,6,1,0,0.07480095,0.40867916,1.626038,125.52858,0.8997764,-0.81102365,12.489961
457,moon__p1__s7,taboo,7,1,0,0.019107563,0.09935826,0.3629775,146.70648,0.91810775,-0.8293773,11.780457
458,moon__p1__s7,taboo,8,1,0,0.7230746,2.042432,3.6599133,180.58086,0.92135864,-0.8351966,11.192399
459,moon__p1__s7,taboo,9,1,0,0.28109917,0.7269628,1.3295321,119.22613,0.91447926,-0.8192255,12.738715
460,moon__p1__s7,taboo,10,1,0,0.006576916,0.054957636,0.3962804,107.31987,0.903482,-0.825434,12.372267
461,moon__p1__s7,taboo,11,1,0,0.002029623,0.022205763,0.2166879,153.91658,0.89129835,-0.8262275,12.377092
462,moon__p1__s7,taboo,12,1,0,0.18764065,0.86164904,2.7006397,95.354164,0.8818607,-0.8299001,11.589457
463,moon__p1__s7,taboo,13,1,0,1.3497791,2.1726332,1.819189,145.68068,0.87446547,-0.8102786,13.454971
464,moon__p1__s7,taboo,14,1,0,0.08500956,0.40902555,1.3546811,138.22812,0.8892669,-0.83386546,11.793563
465,moon__p1__s7,taboo,15,1,0,0.5087223,1.292514,1.6254305,109.25277,0.88514096,-0.82936966,12.512555
466,moon__p1__s7,taboo,16,1,0,0.77087057,1.4596962,2.1085591,162.33267,0.88128513,-0.81976694,13.097864
467,moon__p1__s7,taboo,17,1,0,0.11422098,0.67629826,3.0858355,160.8719,0.8790201,-0.8244373,13.127268
468,moon__p1__s7,taboo,18,1,0,0.35959435,0.97120315,1.8841677,86.30105,0.86691844,-0.8089102,15.383494
469,moon__p1__s7,taboo,19,1,0,0.05283086,0.3195303,1.5046875,157.17795,0.8638797,-0.8036646,15.684189
470,moon__p1__s7,taboo,20,1,0,2.4680862,2.3711586,3.3415775,178.97015,0.8721621,-0.81403464,14.887876
471,moon__p1__s7,taboo,21,1,0,0.77831924,1.5687629,1.0720676,135.04453,0.8672656,-0.8144371,15.643576
472,moon__p1__s7,taboo,22,1,0,1.2486172,1.8214998,1.1426601,139.69875,0.8705139,-0.80662537,16.39405
473,moon__p1__s7,taboo,23,1,0,0.062659375,0.3383314,1.3048518,121.80849,0.863064,-0.78993464,18.186913
474,moon__p1__s7,taboo,24,1,0,0.036919698,0.23004866,1.1375762,126.46611,0.86503315,-0.7956924,17.335932
475,moon__p1__s7,taboo,25,1,0,0.054101013,0.25644937,0.92702156,158.77621,0.8371021,-0.7778731,19.630331
476,moon__p1__s7,taboo,26,1,0,0.22447875,0.8137626,1.9546014,221.93053,0.85555416,-0.80347836,13.211892
477,moon__p1__s7,taboo,27,1,0,0.11106744,0.5825053,2.1767483,192.94063,0.8816846,-0.83694136,11.108245
478,moon__p1__s7,taboo,28,1,0,0.0003205024,0.003413639,0.031885453,158.12292,0.85376805,-0.8056434,13.3996105
479,moon__p1__s7,taboo,29,1,0,0.031335033,0.18658218,0.899624,160.10889,0.85292816,-0.8088061,13.091457
480,moon__p2__s0,taboo,0,1,0,0.578567,2.8474555,10.110571,262.6341,0.97678226,-0.81529963,11.694655
481,moon__p2__s0,taboo,1,1,0,0.88074696,2.0222638,3.4708781,162.40195,0.9566612,-0.83611596,10.139783
482,moon__p2__s0,taboo,2,1,0,0.026486214,0.20448938,1.3638,177.70839,0.94743663,-0.86579,7.809332
483,moon__p2__s0,taboo,3,1,0,0.011906273,0.09635288,0.64367497,157.50577,0.9219343,-0.8045153,13.980636
484,moon__p2__s0,taboo,4,1,0,0.007311846,0.047578227,0.25136983,99.73031,0.9260356,-0.83808297,10.82136
485,moon__p2__s0,taboo,5,1,0,0.043778054,0.279949,1.4755284,173.95778,0.9175458,-0.8251931,11.825509
486,moon__p2__s0,taboo,6,1,0,0.03906214,0.2415114,1.1339189,123.47998,0.8987581,-0.80689853,12.829012
487,moon__p2__s0,taboo,7,1,0,0.0210094,0.10485204,0.35900667,146.13632,0.9160917,-0.8249003,12.3030615
488,moon__p2__s0,taboo,8,1,0,0.7772915,1.9407878,3.1088705,173.49162,0.9181236,-0.8295479,11.854256
489,moon__p2__s0,taboo,9,1,0,0.5592039,0.8718873,0.92746556,112.713455,0.9111763,-0.81486577,13.220163
490,moon__p2__s0,taboo,10,1,0,0.015732221,0.104453325,0.5755843,103.74684,0.90488315,-0.82382554,12.659027
491,moon__p2__s0,taboo,11,1,0,0.0018649582,0.020161072,0.19467132,145.67276,0.88899565,-0.8230278,12.831681
492,moon__p2__s0,taboo,12,1,0,0.23059785,0.9648253,2.6673245,94.220146,0.88171375,-0.8251217,12.033251
493,moon__p2__s0,taboo,13,1,0,1.2240043,2.2307658,1.743587,143.48666,0.87417465,-0.8045433,13.888551
494,moon__p2__s0,taboo,14,1,0,0.07797153,0.4017045,1.4664699,135.68446,0.8895269,-0.8301824,12.125947
495,moon__p2__s0,taboo,15,1,0,0.7054925,1.4978486,1.4579282,108.19646,0.88589,-0.8271465,12.8523
496,moon__p2__s0,taboo,16,1,0,0.74217683,1.3747685,2.038528,155.3403,0.88063973,-0.82131493,13.230357
497,moon__p2__s0,taboo,17,1,0,0.60281813,1.6654403,2.9051497,164.50021,0.8745003,-0.80394286,15.919008
498,moon__p2__s0,taboo,18,1,0,1.341099,2.1342642,2.2679143,160.55347,0.8747663,-0.8042741,16.061863
499,moon__p2__s0,taboo,19,1,0,0.08058773,0.3550014,1.1586664,127.4095,0.8719929,-0.79855496,16.631416
500,moon__p2__s0,taboo,20,1,0,0.5114408,0.9930248,0.558561,108.30668,0.86002296,-0.7808201,19.033407
501,moon__p2__s0,taboo,21,1,0,0.0035893794,0.031192888,0.2333522,103.74694,0.8691988,-0.79681176,17.282671
502,moon__p2__s0,taboo,22,1,0,0.001216744,0.01312381,0.13103843,161.70885,0.8429852,-0.7816102,19.291632
503,moon__p2__s0,taboo,23,1,0,0.37787944,0.78180134,0.9913823,209.19112,0.8593685,-0.80046225,13.364352
504,moon__p2__s0,taboo,24,1,0,0.14044057,0.6894129,2.4242096,187.15274,0.8842656,-0.8347559,11.165214
505,moon__p2__s0,taboo,25,1,0,0.000203112,0.0023697459,0.024611056,156.75111,0.8570785,-0.800021,13.827358
506,moon__p2__s0,taboo,26,1,0,0.036737584,0.21893072,1.0518975,160.59126,0.8583489,-0.8079633,13.079248
507,moon__p2__s0,taboo,27,1,0,0.73386234,1.1844571,0.7161877,93.76821,0.8578496,-0.81215936,12.609984
508,moon__p2__s0,taboo,28,1,0,0.015844047,0.095320076,0.44292724,110.13811,0.8525429,-0.8059398,13.712738
509,moon__p2__s0,taboo,29,1,0,0.020413661,0.12154525,0.5563675,145.86269,0.86164504,-0.8226638,12.7530365
510,moon__p2__s1,taboo,0,1,0,0.578567,2.8474555,10.110571,262.6341,0.97678226,-0.81529963,11.694655
511,moon__p2__s1,taboo,1,1,0,1.505747,2.0222638,3.4708781,193.53122,0.9602825,-0.848024,9.46157
512,moon__p2__s1,taboo,2,1,0,0.32456377,0.880994,1.3253474,185.91307,0.941134,-0.83586293,11.0739355
513,moon__p2__s1,taboo,3,1,0,0.24546526,0.85080266,1.9531752,136.59557,0.9332626,-0.83101904,12.092194
514,moon__p2__s1,taboo,4,1,0,0.0806072,0.37741995,1.4439001,164.64066,0.9320866,-0.8416552,10.734176
515,moon__p2__s1,taboo,5,1,0,0.037350092,0.1804495,0.647776,139.97601,0.92136693,-0.8126265,13.743929
516,moon__p2__s1,taboo,6,1,0,0.45138168,1.6918414,4.7154093,174.2418,0.9214134,-0.82616645,12.806698
517,moon__p2__s1,taboo,7,1,0,0.049814228,0.30380484,1.4003861,140.92276,0.9074308,-0.8128285,13.650521
518,moon__p2__s1,taboo,8,1,0,0.00601233,0.044117615,0.27212122,145.67184,0.91005445,-0.8100969,13.817839
519,moon__p2__s1,taboo,9,1,0,0.17894796,0.88396263,3.2585151,176.95396,0.91557854,-0.8179741,13.029913
520,moon__p2__s1,taboo,10,1,0,0.36406398,0.7088612,0.76556724,117.91914,0.91351783,-0.8046854,14.190762
521,moon__p2__s1,taboo,11,1,0,0.014560161,0.093502276,0.5016219,119.60686,0.9059373,-0.8177215,13.39056
522,moon__p2__s1,taboo,12,1,0,0.006674496,0.053889573,0.37761998,131.09654,0.8846324,-0.8105466,14.800213
523,moon__p2__s1,taboo,13,1,0,0.11495149,0.49799553,1.5968325,109.303154,0.8820771,-0.81391907,13.724088
524,moon__p2__s1,taboo,14,1,0,0.337323,1.0923978,2.10637,175.5777,0.88110286,-0.7992378,14.847058
525,moon__p2__s1,taboo,15,1,0,0.030496038,0.16698141,0.7058846,135.86409,0.8865269,-0.8161255,12.017511
526,moon__p2__s1,taboo,16,1,0,0.02257109,0.15433174,0.89917016,155.04016,0.89169675,-0.81984997,11.859068
527,moon__p2__s1,taboo,17,1,0,0.12082244,0.40720278,0.9184916,117.51664,0.88531023,-0.8212535,11.95207
528,moon__p2__s1,taboo,18,1,0,0.01850168,0.09414278,0.32451454,145.70174,0.8750586,-0.8258476,12.309357
529,moon__p2__s1,taboo,19,1,0,0.2976672,1.1879349,3.2141294,135.33871,0.8768087,-0.83531266,11.558227
530,moon__p2__s1,taboo,20,1,0,0.000300839,0.004159203,0.053665515,153.75761,0.8690395,-0.8233677,12.737342
531,moon__p2__s1,taboo,21,1,0,1.0528028,1.9889467,1.9168544,211.02736,0.8647279,-0.7925575,14.456087
532,moon__p2__s1,taboo,22,1,0,0.1997012,0.8751806,2.6086392,189.11075,0.8754976,-0.81186724,13.03364
533,moon__p2__s1,taboo,23,1,0,0.000040768748,0.0005798928,0.0074398536,146.71,0.8683996,-0.8006024,14.4098835
534,moon__p2__s1,taboo,24,1,0,0.022311386,0.15220186,0.87470955,157.33142,0.8667624,-0.8037982,13.701147
535,moon__p2__s1,taboo,25,1,0,1.0033174,1.231029,0.62458396,97.751945,0.8676669,-0.81412375,12.735991
536,moon__p2__s1,taboo,26,1,0,0.016485902,0.094659604,0.4102004,113.821976,0.86585146,-0.81103176,13.543251
537,moon__p2__s1,taboo,27,1,0,0.009134172,0.062935226,0.3434115,148.15007,0.86815894,-0.82269144,13.0464115
538,moon__p2__s1,taboo,28,1,0,0.000083800616,0.0010740529,0.0126670925,138.37631,0.86642915,-0.8100335,14.184606
539,moon__p2__s1,taboo,29,1,0,1.1910346,1.3104699,1.3018098,120.60548,0.867707,-0.82393485,13.0255575
540,moon__p2__s2,taboo,0,1,0,0.5791589,2.8480217,10.0938,262.82617,0.97625476,-0.81549215,11.62337
541,moon__p2__s2,taboo,1,1,0,1.9074581,2.0378337,3.3833065,129.02515,0.9529179,-0.8211977,11.231191
542,moon__p2__s2,taboo,2,1,0,0.51564175,0.8997085,1.2670932,130.1167,0.9454972,-0.83393425,10.847542
543,moon__p2__s2,taboo,3,1,0,0.7986117,2.1635525,3.605917,174.76523,0.93843484,-0.8387465,10.902257
544,moon__p2__s2,taboo,4,1,0,0.7219862,0.8788433,0.9904518,107.3286,0.9232796,-0.7986054,15.658444
545,moon__p2__s2,taboo,5,1,0,0.35626075,0.9453772,1.4854758,109.27631,0.92192245,-0.83034766,11.954055
546,moon__p2__s2,taboo,6,1,0,0.0019483647,0.021019358,0.19980396,143.1147,0.90589315,-0.82851124,12.129886
547,moon__p2__s2,taboo,7,1,0,0.32136756,1.0857477,2.6673093,100.89411,0.9014785,-0.8312511,11.089354
548,moon__p2__s2,taboo,8,1,0,0.3361154,1.3580384,3.1610682,154.20251,0.8961589,-0.80863297,12.979197
549,moon__p2__s2,taboo,9,1,0,0.4363241,0.88812137,1.1774478,134.30495,0.8983387,-0.8165296,12.314819
550,moon__p2__s2,taboo,10,1,0,0.15050705,0.80090815,3.3333006,162.91362,0.8941802,-0.817419,12.118859
551,moon__p2__s2,taboo,11,1,0,0.64036626,1.1851783,1.024844,117.47965,0.89087266,-0.82188416,12.200027
552,moon__p2__s2,taboo,12,1,0,1.2103131,1.5943419,1.9775102,175.51947,0.89280385,-0.8254959,11.674141
553,moon__p2__s2,taboo,13,1,0,1.0773325,0.8061887,0.96075654,125.43556,0.88415706,-0.7941477,15.18298
554,moon__p2__s2,taboo,14,1,0,0.96853167,0.98604834,1.319062,181.77237,0.8860445,-0.8240943,12.570196
555,moon__p2__s2,taboo,15,1,0,0.7204216,1.7196915,1.5955718,169.92892,0.87818277,-0.819225,13.123562
556,moon__p2__s2,taboo,16,1,0,0.020683551,0.13589963,0.70723975,112.33035,0.8795701,-0.8232627,12.777567
557,moon__p2__s2,taboo,17,1,0,0.05105174,0.2857835,1.2243342,108.16066,0.87921804,-0.81244224,14.387098
558,moon__p2__s2,taboo,18,1,0,0.13350546,0.70102537,2.6515396,150.59196,0.876034,-0.82096404,13.89721
559,moon__p2__s2,taboo,19,1,0,0.64225626,1.3141216,1.394613,80.52648,0.86257076,-0.79510903,16.91076
560,moon__p2__s2,taboo,20,1,0,1.4566858,1.1378363,1.7841417,248.16615,0.8635111,-0.78250664,16.083338
561,moon__p2__s2,taboo,21,1,0,0.80663586,1.9487615,3.1182098,225.91374,0.8821599,-0.82713795,11.389484
562,moon__p2__s2,taboo,22,1,0,0.0006006344,0.0061667454,0.055948377,134.66199,0.8764875,-0.8186558,12.803297
563,moon__p2__s2,taboo,23,1,0,0.0014298464,0.014262596,0.1254493,151.46217,0.8737372,-0.822287,12.813462
564,moon__p2__s2,taboo,24,1,0,0.32555336,0.9159179,1.4094852,119.902954,0.86265373,-0.7983707,15.623466
565,moon__p2__s2,taboo,25,1,0,0.031091003,0.2279235,1.4618907,162.87094,0.86801827,-0.8162328,14.610684
566,moon__p2__s2,taboo,26,1,0,0.4486133,1.0978919,1.1908486,171.24828,0.8722354,-0.8073665,14.973938
567,moon__p2__s2,taboo,27,1,0,0.2289372,0.82655966,1.9351883,120.44686,0.8743642,-0.78865325,18.075558
568,moon__p2__s2,taboo,28,1,0,0.10442779,0.50225353,2.0170848,162.54951,0.86468387,-0.80238456,17.02037
569,moon__p2__s2,taboo,29,1,0,0.80669236,1.5223746,1.8286126,237.42421,0.85890436,-0.78498024,16.33496
570,moon__p2__s3,taboo,0,1,0,0.578567,2.8474555,10.110571,262.6341,0.97678226,-0.81529963,11.694655
571,moon__p2__s3,taboo,1,1,0,0.88074696,2.0222638,3.4708781,162.40195,0.9566612,-0.83611596,10.139783
572,moon__p2__s3,taboo,2,1,0,0.026486214,0.20448938,1.3638,177.70839,0.94743663,-0.86579,7.809332
573,moon__p2__s3,taboo,3,1,0,0.011906273,0.09635288,0.64367497,157.50577,0.9219343,-0.8045153,13.980636
574,moon__p2__s3,taboo,4,1,0,0.007311846,0.047578227,0.25136983,99.73031,0.9260356,-0.83808297,10.82136
575,moon__p2__s3,taboo,5,1,0,0.043778054,0.279949,1.4755284,173.95778,0.9175458,-0.8251931,11.825509
576,moon__p2__s3,taboo,6,1,0,0.03906214,0.2415114,1.1339189,123.47998,0.8987581,-0.80689853,12.829012
577,moon__p2__s3,taboo,7,1,0,0.0210094,0.10485204,0.35900667,146.13632,0.9160917,-0.8249003,12.3030615
578,moon__p2__s3,taboo,8,1,0,1.5272915,1.9407878,3.1088705,71.51904,0.9111326,-0.82638663,12.107249
579,moon__p2__s3,taboo,9,1,0,0.8308821,1.6725049,2.2790217,170.65182,0.9127334,-0.8295049,12.032173
580,moon__p2__s3,taboo,10,1,0,0.5809011,0.92726433,0.8820001,103.870636,0.90250194,-0.786084,16.976463
581,moon__p2__s3,taboo,11,1,0,0.35506874,0.8782549,1.2135773,98.45664,0.9071289,-0.8243619,12.405177
582,moon__p2__s3,taboo,12,1,0,0.0009550063,0.011496191,0.12332345,160.43288,0.8873011,-0.823801,12.930859
583,moon__p2__s3,taboo,13,1,0,1.7064149,2.6824036,2.1356316,145.6165,0.8732897,-0.80442685,13.642522
584,moon__p2__s3,taboo,14,1,0,0.054749593,0.32009846,1.3736991,140.24503,0.89038265,-0.8293266,12.118738
585,moon__p2__s3,taboo,15,1,0,1.7386798,1.4636645,1.3749835,143.01604,0.8831744,-0.8085864,16.31501
586,moon__p2__s3,taboo,16,1,0,0.84567356,1.5578822,3.021164,157.64697,0.8801666,-0.8234874,13.290567
587,moon__p2__s3,taboo,17,1,0,0.00010132276,0.0016148379,0.02384475,149.35248,0.8764244,-0.8053123,14.677529
588,moon__p2__s3,taboo,18,1,0,0.59419036,2.2465572,5.187668,113.26407,0.87615716,-0.7886589,17.11364
589,moon__p2__s3,taboo,19,1,0,1.6675216,2.459988,3.3312745,159.01175,0.8788401,-0.8057567,16.281614
590,moon__p2__s3,taboo,20,1,0,0.08718022,0.35684517,1.3199065,106.716705,0.86828226,-0.79785913,16.199446
591,moon__p2__s3,taboo,21,1,0,0.2944441,1.1737514,2.9504187,171.08907,0.8428281,-0.7866475,16.683796
592,moon__p2__s3,taboo,22,1,0,0.03505355,0.22846666,1.1539514,204.13783,0.86291426,-0.80363077,13.021108
593,moon__p2__s3,taboo,23,1,0,0.14525747,0.7170527,2.442525,189.65508,0.8860414,-0.8379018,11.064343
594,moon__p2__s3,taboo,24,1,0,0.00014339849,0.0017419253,0.01894278,160.49521,0.85666,-0.798262,14.047587
595,moon__p2__s3,taboo,25,1,0,0.059095893,0.29780507,1.1790277,162.90218,0.8590987,-0.80823797,13.121021
596,moon__p2__s3,taboo,26,1,0,1.0118477,1.2079881,0.6718786,121.12089,0.8600133,-0.81294614,13.102116
597,moon__p2__s3,taboo,27,1,0,1.4022405,1.8065729,1.7701793,165.62125,0.86091256,-0.81035566,13.18965
598,moon__p2__s3,taboo,28,1,0,0.0010213403,0.0101177115,0.08842711,96.06135,0.8628959,-0.8100282,13.435288
599,moon__p2__s3,taboo,29,1,0,0.010424567,0.08377523,0.5491009,119.52105,0.85113287,-0.78615046,15.910211
600,moon__p2__s4,taboo,0,1,0,0.578567,2.8474555,10.110571,262.6341,0.97678226,-0.81529963,11.694655
601,moon__p2__s4,taboo,1,1,0,0.88074696,2.0222638,3.4708781,162.40195,0.9566612,-0.83611596,10.139783
602,moon__p2__s4,taboo,2,1,0,0.026486214,0.20448938,1.3638,177.70839,0.94743663,-0.86579,7.809332
603,moon__p2__s4,taboo,3,1,0,0.011906273,0.09635288,0.64367497,157.50577,0.9219343,-0.8045153,13.980636
604,moon__p2__s4,taboo,4,1,0,0.007311846,0.047578227,0.25136983,99.73031,0.9260356,-0.83808297,10.82136
605,moon__p2__s4,taboo,5,1,0,0.043778054,0.279949,1.4755284,173.95778,0.9175458,-0.8251931,11.825509
606,moon__p2__s4,taboo,6,1,0,0.03906214,0.2415114,1.1339189,123.47998,0.8987581,-0.80689853,12.829012
607,moon__p2__s4,taboo,7,1,0,0.0210094,0.10485204,0.35900667,146.13632,0.9160917,-0.8249003,12.3030615
608,moon__p2__s4,taboo,8,1,0,0.7772915,1.9407878,3.1088705,173.49162,0.9181236,-0.8295479,11.854256
609,moon__p2__s4,taboo,9,1,0,0.9342039,0.8718873,0.92746556,107.331184,0.90662885,-0.7918281,16.270828
610,moon__p2__s4,taboo,10,1,0,0.21995904,0.7184792,1.5562557,101.067696,0.9092262,-0.8254237,12.389512
611,moon__p2__s4,taboo,11,1,0,0.001299014,0.015289849,0.15962851,152.93376,0.8901513,-0.8238554,12.843512
612,moon__p2__s4,taboo,12,1,0,0.306507,1.2535684,3.25041,98.20493,0.8815087,-0.8218962,12.302685
613,moon__p2__s4,taboo,13,1,0,1.4387561,2.2849755,1.7514477,211.85043,0.8806397,-0.8044553,13.194912
614,moon__p2__s4,taboo,14,1,0,0.21842884,0.90164423,2.625032,185.88239,0.8898563,-0.8305051,11.499863
615,moon__p2__s4,taboo,15,1,0,0.000113480804,0.0015379249,0.01870795,149.05884,0.87913233,-0.8056445,13.786952
616,moon__p2__s4,taboo,16,1,0,0.097371586,0.49676427,2.0136843,160.50978,0.876144,-0.8136592,12.655393
617,moon__p2__s4,taboo,17,1,0,0.89463586,1.0981997,0.8409161,94.99027,0.8724072,-0.8175003,12.172334
618,moon__p2__s4,taboo,18,1,0,0.014347724,0.09067246,0.44703436,112.122116,0.8677087,-0.8123421,13.074189
619,moon__p2__s4,taboo,19,1,0,0.016927639,0.10404029,0.5066123,144.82791,0.87438214,-0.8294762,12.222195
620,moon__p2__s4,taboo,20,1,0,0.00021538799,0.0024789423,0.025771009,131.58893,0.87370616,-0.81362814,13.532248
621,moon__p2__s4,taboo,21,1,0,0.57278293,1.286748,1.4143026,147.95522,0.8732556,-0.8156752,13.23257
622,moon__p2__s4,taboo,22,1,0,0.0012763934,0.011851401,0.09585001,93.31382,0.869641,-0.8074746,13.951477
623,moon__p2__s4,taboo,23,1,0,0.007500819,0.061403327,0.41138077,115.4683,0.86440134,-0.7892157,15.756118
624,moon__p2__s4,taboo,24,1,0,1.0231599,0.8892071,1.0167794,91.12133,0.8715959,-0.8082166,13.421141
625,moon__p2__s4,taboo,25,1,0,0.07277582,0.27699417,0.73130405,158.26227,0.86579907,-0.8137519,13.785664
626,moon__p2__s4,taboo,26,1,0,1.0520093,1.6106417,1.2479602,164.37833,0.8693012,-0.8072533,14.566688
627,moon__p2__s4,taboo,27,1,0,0.87519455,0.93257904,1.0316247,177.2185,0.84694386,-0.7886066,17.167747
628,moon__p2__s4,taboo,28,1,0,1.3794355,1.5577706,1.5270748,154.47713,0.86338043,-0.82286227,13.074301
629,moon__p2__s4,taboo,29,1,0,0.0042422307,0.028658636,0.14940332,134.83614,0.86412585,-0.8154594,13.711237
630,moon__p2__s5,taboo,0,1,0,0.57751304,2.8435864,10.101147,262.5747,0.9757884,-0.8158269,11.547699
631,moon__p2__s5,taboo,1,1,0,1.890363,1.9909964,3.2738044,128.14804,0.9526266,-0.8208141,11.273268
632,moon__p2__s5,taboo,2,1,0,0.5188136,0.90908253,1.2748877,130.4359,0.94551414,-0.833704,10.871487
633,moon__p2__s5,taboo,3,1,0,2.1705742,2.1780055,3.6289454,173.00465,0.9297012,-0.81871957,13.634617
634,moon__p2__s5,taboo,4,1,0,0.37041557,1.2427065,2.3442945,97.22215,0.9201772,-0.7870581,17.685806
635,moon__p2__s5,taboo,5,1,0,0.7272727,0.9042902,1.2402405,152.3956,0.9058794,-0.8110835,15.097153
636,moon__p2__s5,taboo,6,1,0,0.77475774,2.1998267,3.0561485,97.203705,0.90594655,-0.8235283,12.157738
637,moon__p2__s5,taboo,7,1,0,0.43068808,1.6129296,3.2851548,159.9247,0.8983908,-0.7972293,13.838432
638,moon__p2__s5,taboo,8,1,0,0.11552037,0.4686411,1.2655046,144.90492,0.90040475,-0.8041174,14.249434
639,moon__p2__s5,taboo,9,1,0,0.51289225,1.8786758,4.929714,177.67978,0.9016508,-0.8183121,12.161952
640,moon__p2__s5,taboo,10,1,0,0.23493923,0.85985965,2.1121874,115.426796,0.8958498,-0.8193693,12.402628
641,moon__p2__s5,taboo,11,1,0,1.1985557,1.9202623,2.5525362,175.03716,0.8985689,-0.82281345,11.9196825
642,moon__p2__s5,taboo,12,1,0,0.803255,0.98146826,1.4517934,61.964386,0.890637,-0.8109415,13.147961
643,moon__p2__s5,taboo,13,1,0,0.022166584,0.16754621,1.0326331,121.12299,0.88624305,-0.7908821,15.433988
644,moon__p2__s5,taboo,14,1,0,0.60239387,1.1403658,1.9555881,183.80548,0.885951,-0.8180677,12.813501
645,moon__p2__s5,taboo,15,1,0,1.0532883,1.9380957,1.3823472,173.5664,0.8806228,-0.8190004,13.287841
646,moon__p2__s5,taboo,16,1,0,0.053365897,0.33071527,1.56669,98.01979,0.877716,-0.8248642,12.981182
647,moon__p2__s5,taboo,17,1,0,0.082796864,0.44395393,1.7935077,86.302635,0.8775366,-0.80892724,15.051219
648,moon__p2__s5,taboo,18,1,0,0.39316753,1.3264391,2.6946135,149.64769,0.87460953,-0.81089336,14.849475
649,moon__p2__s5,taboo,19,1,0,0.6799433,1.4915057,1.6083763,75.27429,0.86632663,-0.7917065,17.15732
650,moon__p2__s5,taboo,20,1,0,0.6027366,1.4674015,2.0428042,231.1555,0.86435455,-0.7771415,16.43929
651,moon__p2__s5,taboo,21,1,0,0.78454673,2.0350504,3.006864,212.1114,0.8828513,-0.82701916,11.536318
652,moon__p2__s5,taboo,22,1,0,0.00157304,0.013193986,0.09360996,131.48026,0.8770088,-0.8166032,13.131289
653,moon__p2__s5,taboo,23,1,0,0.0017614339,0.01787894,0.1595945,148.7289,0.8735971,-0.820954,13.102227
654,moon__p2__s5,taboo,24,1,0,0.48883456,1.2519672,1.4670779,121.214226,0.8640098,-0.7946579,15.958885
655,moon__p2__s5,taboo,25,1,0,0.039038178,0.2633194,1.5546252,161.34543,0.86915886,-0.8140444,14.965826
656,moon__p2__s5,taboo,26,1,0,0.50477564,1.1457064,1.1516156,164.85199,0.8731958,-0.80244917,15.759445
657,moon__p2__s5,taboo,27,1,0,0.15205418,0.6006886,1.6431692,116.71305,0.8802386,-0.7863343,18.550364
658,moon__p2__s5,taboo,28,1,0,0.22017264,0.83448756,2.5197847,154.56512,0.8650389,-0.7977477,17.767155
659,moon__p2__s5,taboo,29,1,0,1.2391154,1.5988591,2.0978427,142.9511,0.8566665,-0.80063814,15.708101
660,moon__p2__s6,taboo,0,1,0,0.60189307,2.872211,9.906746,262.52835,0.97614396,-0.8158602,11.577616
661,moon__p2__s6,taboo,1,1,0,1.9592314,1.9777215,3.3970869,128.84094,0.9529049,-0.8209985,11.253984
662,moon__p2__s6,taboo,2,1,0,0.51560444,0.8995501,1.2670925,129.93355,0.9455982,-0.83405524,10.830561
663,moon__p2__s6,taboo,3,1,0,0.7776994,2.1647215,3.708053,174.80293,0.9385461,-0.83901685,10.879991
664,moon__p2__s6,taboo,4,1,0,0.7205493,0.8732531,0.98005176,111.00177,0.92687887,-0.82106936,12.65326
665,moon__p2__s6,taboo,5,1,0,0.023537511,0.14596194,0.73524463,111.10067,0.9178893,-0.8290148,12.171167
666,moon__p2__s6,taboo,6,1,0,0.0030863292,0.029615346,0.25165564,135.30267,0.90493345,-0.8276672,12.185232
667,moon__p2__s6,taboo,7,1,0,0.21557303,0.7801292,2.0290992,99.47936,0.9003378,-0.83303636,10.973803
668,moon__p2__s6,taboo,8,1,0,0.3014544,1.2463768,3.0356092,155.16637,0.8954603,-0.8085459,13.022754
669,moon__p2__s6,taboo,9,1,0,0.3970662,0.8684847,1.2430484,130.24263,0.8977245,-0.8186371,12.081278
670,moon__p2__s6,taboo,10,1,0,0.095170826,0.55328953,2.5943553,160.5994,0.89333534,-0.81806195,12.057486
671,moon__p2__s6,taboo,11,1,0,0.86066616,1.2769561,0.84657717,118.069984,0.8903242,-0.8232377,12.147347
672,moon__p2__s6,taboo,12,1,0,0.7393132,1.50263,1.7967246,161.37766,0.8900403,-0.8195208,12.460502
673,moon__p2__s6,taboo,13,1,0,0.002246834,0.020188633,0.1569373,91.08536,0.88681895,-0.8149333,13.115122
674,moon__p2__s6,taboo,14,1,0,0.017898941,0.13299268,0.8037381,117.62252,0.87870103,-0.7891037,15.841149
675,moon__p2__s6,taboo,15,1,0,0.7050649,1.0057814,1.2872338,182.96019,0.8830995,-0.8211312,12.908369
676,moon__p2__s6,taboo,16,1,1,2.3016367,1.8186753,1.2906668,229.75055,0.89097214,-0.8074074,13.537397
677,moon__p2__s6,taboo,17,1,1,2.248577,2.8796692,5.9186497,185.22302,0.8956645,-0.81040174,13.877143
678,moon__p2__s6,taboo,18,1,1,0.24258688,0.96695256,2.9900076,157.8318,0.9078,-0.8445094,11.640174
679,moon__p2__s6,taboo,19,1,1,0.42743638,1.6993976,4.3828983,167.99986,0.898609,-0.8388979,12.307679
680,moon__p2__s6,taboo,20,1,1,0.71008337,2.515098,4.8852787,104.38444,0.9125183,-0.8586666,10.504038
681,moon__p2__s6,taboo,21,1,1,0.3850995,1.5000353,4.322875,170.82745,0.89639705,-0.84601176,11.989095
682,moon__p2__s6,taboo,22,1,1,0.0007136897,0.0079683,0.08174682,165.20226,0.91438776,-0.8641837,10.457375
683,moon__p2__s6,taboo,23,1,1,1.3489121,3.6026106,5.8765755,146.73007,0.9017937,-0.8629255,10.393616
684,moon__p2__s6,taboo,24,1,1,1.0223114,2.0383186,5.1132374,133.68419,0.8758699,-0.8355795,13.597229
685,moon__p2__s6,taboo,25,1,1,1.5101379,3.3262699,6.1863985,116.46665,0.8654775,-0.82196707,13.564208
686,moon__p2__s6,taboo,26,1,1,1.8380473,3.0429964,3.6563563,169.3826,0.88569784,-0.85033715,11.239457
687,moon__p2__s6,taboo,27,1,1,1.6114109,2.4071922,3.6350157,161.4988,0.8895791,-0.8567031,10.503351
688,moon__p2__s6,taboo,28,1,1,1.8904054,2.0571957,3.6331282,167.84018,0.89105856,-0.8583218,10.245857
689,moon__p2__s6,taboo,29,1,1,0.87072664,2.4166927,4.789455,174.40118,0.8977069,-0.8670058,9.948748
690,moon__p2__s7,taboo,0,1,0,0.578567,2.8474555,10.110571,262.6341,0.97678226,-0.81529963,11.694655
691,moon__p2__s7,taboo,1,1,0,1.505747,2.0222638,3.4708781,193.53122,0.9602825,-0.848024,9.46157
692,moon__p2__s7,taboo,2,1,0,0.32456377,0.880994,1.3253474,185.91307,0.941134,-0.83586293,11.0739355
693,moon__p2__s7,taboo,3,1,0,0.24546526,0.85080266,1.9531752,136.59557,0.9332626,-0.83101904,12.092194
694,moon__p2__s7,taboo,4,1,0,0.0806072,0.37741995,1.4439001,164.64066,0.9320866,-0.8416552,10.734176
695,moon__p2__s7,taboo,5,1,0,0.037350092,0.1804495,0.647776,139.97601,0.92136693,-0.8126265,13.743929
696,moon__p2__s7,taboo,6,1,0,0.45138168,1.6918414,4.7154093,174.2418,0.9214134,-0.82616645,12.806698
697,moon__p2__s7,taboo,7,1,0,0.049814228,0.30380484,1.4003861,140.92276,0.9074308,-0.8128285,13.650521
698,moon__p2__s7,taboo,8,1,0,0.00601233,0.044117615,0.27212122,145.67184,0.91005445,-0.8100969,13.817839
699,moon__p2__s7,taboo,9,1,0,0.17894796,0.88396263,3.2585151,176.95396,0.91557854,-0.8179741,13.029913
700,moon__p2__s7,taboo,10,1,0,0.36406398,0.7088612,0.76556724,117.91914,0.91351783,-0.8046854,14.190762
701,moon__p2__s7,taboo,11,1,0,0.014560161,0.093502276,0.5016219,119.60686,0.9059373,-0.8177215,13.39056
702,moon__p2__s7,taboo,12,1,0,0.006674496,0.053889573,0.37761998,131.09654,0.8846324,-0.8105466,14.800213
703,moon__p2__s7,taboo,13,1,0,0.11495149,0.49799553,1.5968325,109.303154,0.8820771,-0.81391907,13.724088
704,moon__p2__s7,taboo,14,1,0,0.337323,1.0923978,2.10637,175.5777,0.88110286,-0.7992378,14.847058
705,moon__p2__s7,taboo,15,1,0,0.030496038,0.16698141,0.7058846,135.86409,0.8865269,-0.8161255,12.017511
706,moon__p2__s7,taboo,16,1,0,0.02257109,0.15433174,0.89917016,155.04016,0.89169675,-0.81984997,11.859068
707,moon__p2__s7,taboo,17,1,0,0.12082244,0.40720278,0.9184916,117.51664,0.88531023,-0.8212535,11.95207
708,moon__p2__s7,taboo,18,1,0,0.01850168,0.09414278,0.32451454,145.70174,0.8750586,-0.8258476,12.309357
709,moon__p2__s7,taboo,19,1,0,0.2976672,1.1879349,3.2141294,135.33871,0.8768087,-0.83531266,11.558227
710,moon__p2__s7,taboo,20,1,0,0.000300839,0.004159203,0.053665515,153.75761,0.8690395,-0.8233677,12.737342
711,moon__p2__s7,taboo,21,1,0,1.0528028,1.9889467,1.9168544,211.02736,0.8647279,-0.7925575,14.456087
712,moon__p2__s7,taboo,22,1,0,0.1997012,0.8751806,2.6086392,189.11075,0.8754976,-0.81186724,13.03364
713,moon__p2__s7,taboo,23,1,0,0.000040768748,0.0005798928,0.0074398536,146.71,0.8683996,-0.8006024,14.4098835
714,moon__p2__s7,taboo,24,1,0,0.022311386,0.15220186,0.87470955,157.33142,0.8667624,-0.8037982,13.701147
715,moon__p2__s7,taboo,25,1,0,1.2533174,1.231029,0.62458396,135.34221,0.85917693,-0.8015251,14.034132
716,moon__p2__s7,taboo,26,1,0,0.026176777,0.16548826,0.79976666,152.99956,0.86961514,-0.8251606,12.62471
717,moon__p2__s7,taboo,27,1,0,0.000035046916,0.0005597475,0.0082981065,138.01675,0.8638712,-0.80747616,14.503986
718,moon__p2__s7,taboo,28,1,0,1.3668855,1.5410066,1.126731,159.00421,0.8676377,-0.81241626,13.880356
719,moon__p2__s7,taboo,29,1,0,0.0006896263,0.0072960304,0.06732337,99.64788,0.8658577,-0.80782443,14.294524
720,moon__p3__s0,taboo,0,1,1,0.8257078,2.8394582,6.226569,263.6169,0.97465575,-0.8447111,10.709576
721,moon__p3__s0,taboo,1,1,1,0.11798244,0.5756974,2.2140613,163.37329,0.96010983,-0.8697881,9.544972
722,moon__p3__s0,taboo,2,1,1,0.66689336,2.2924314,4.9853907,179.655,0.94726765,-0.8634049,10.345313
723,moon__p3__s0,taboo,3,1,1,1.1292245,3.4697142,5.0390987,109.88551,0.94746125,-0.8760337,8.967853
724,moon__p3__s0,taboo,4,1,1,0.7071336,2.3035636,4.9605684,177.51085,0.9358915,-0.8666315,10.147962
725,moon__p3__s0,taboo,5,1,1,0.0008889061,0.009909482,0.10068139,160.5441,0.93987906,-0.87684053,9.557171
726,moon__p3__s0,taboo,6,1,1,1.4860657,3.4850986,5.527343,151.11102,0.9256712,-0.87341946,9.559314
727,moon__p3__s0,taboo,7,1,1,0.5551275,1.781051,5.110501,136.1606,0.8994779,-0.84231263,13.245227
728,moon__p3__s0,taboo,8,1,1,1.3914063,3.254564,5.8609066,122.81978,0.90023166,-0.8351456,12.713426
729,moon__p3__s0,taboo,9,1,1,1.6443145,3.2452416,3.9801426,170.95282,0.91413766,-0.86313385,9.82503
730,moon__p3__s0,taboo,10,1,1,1.8655502,3.429031,4.2108455,200.67436,0.9124439,-0.8712658,9.4319
731,moon__p3__s0,taboo,11,1,1,1.2311901,2.335962,3.09308,168.61108,0.9044024,-0.8648556,10.278515
732,moon__p3__s0,taboo,12,1,1,0.9682927,1.6924264,2.7952838,152.55045,0.90502506,-0.8672224,9.9619465
733,moon__p3__s0,taboo,13,1,1,1.0590051,2.3009667,3.7968001,170.01675,0.90539837,-0.86977446,9.901758
734,moon__p3__s0,taboo,14,1,1,0.43888068,1.2331102,1.8403003,161.13004,0.90247387,-0.862734,10.6714945
735,moon__p3__s0,taboo,15,1,1,0.6872279,1.733122,2.2109187,160.50415,0.89940655,-0.86275303,10.962414
736,moon__p3__s0,taboo,16,1,1,0.19384812,0.74477977,1.7572942,141.1669,0.9023902,-0.86724055,10.166048
737,moon__p3__s0,taboo,17,1,0,0.65726686,1.0361603,1.3441615,191.62943,0.87649757,-0.8273286,15.163944
738,moon__p3__s0,taboo,18,1,1,0.5668174,1.4330078,2.0158415,249.64212,0.8811997,-0.7990574,16.866743
739,moon__p3__s1,taboo,0,1,1,0.8213579,2.8293242,6.2325106,263.47775,0.97471976,-0.8446273,10.706345
740,moon__p3__s1,taboo,1,1,1,0.11762747,0.5732728,2.2022052,163.46115,0.9601725,-0.86968964,9.547513
741,moon__p3__s1,taboo,2,1,1,0.6689777,2.297514,4.9758577,179.7045,0.94730777,-0.8634866,10.33337
742,moon__p3__s1,taboo,3,1,1,3.516453,3.4706633,4.993602,161.35295,0.9461164,-0.88188374,8.489117
743,moon__p3__s1,taboo,4,1,1,0.22570327,0.702314,1.4320172,171.50966,0.94300234,-0.87846947,9.066932
744,moon__p3__s1,taboo,5,1,1,3.1923928,3.4963846,4.5206537,105.05691,0.93952495,-0.89006233,7.8882313
745,moon__p3__s1,taboo,6,1,1,2.0732377,2.8095293,3.8690996,185.70364,0.9280789,-0.87857217,9.095064
746,moon__p3__s1,taboo,7,1,1,2.3983984,3.4715376,4.170485,174.54817,0.9176069,-0.8642379,10.439437
747,moon__p3__s1,taboo,8,1,1,0.050063144,0.2670684,1.0696259,160.97491,0.923593,-0.8742426,9.635765
748,moon__p3__s1,taboo,9,1,1,0.8280961,1.8236737,3.2585952,215.22447,0.9282698,-0.8866891,8.626589
749,moon__p3__s1,taboo,10,1,1,1.9944446,3.1354218,5.5974183,222.84245,0.91758215,-0.8769153,9.402965
750,moon__p3__s1,taboo,11,1,1,0.5520182,0.80619794,0.48905826,146.70871,0.89475155,-0.8527735,11.754019
751,moon__p3__s1,taboo,12,1,1,0.13255954,0.59959406,1.9834659,160.76741,0.8783491,-0.8385686,13.090613
752,moon__p3__s1,taboo,13,1,1,0.023765119,0.20317894,1.478107,234.3982,0.90216434,-0.87105876,9.792945
753,moon__p3__s1,taboo,14,1,1,0.19382799,0.84856904,2.8097167,222.60683,0.89341044,-0.85463613,11.699478
754,moon__p3__s1,taboo,15,1,1,0.43003878,1.0209776,1.2532219,190.60184,0.8821069,-0.8338234,13.441954
755,moon__p3__s1,taboo,16,1,1,0.4516077,1.255693,2.1788108,173.12236,0.8768516,-0.81999075,13.974006
756,moon__p3__s1,taboo,17,1,1,1.8806353,2.9808862,5.0319633,165.47855,0.888938,-0.84398645,11.301902
757,moon__p3__s1,taboo,18,1,1,1.933066,3.5294702,4.663226,196.71637,0.8964036,-0.85822076,10.497476
758,moon__p3__s1,taboo,19,1,1,1.3783894,2.3870444,3.7777996,178.1972,0.8885411,-0.8520155,11.477147
759,moon__p3__s1,taboo,20,1,1,2.8714457,3.55308,4.4952497,145.27231,0.9029683,-0.8670455,9.799404
760,moon__p3__s1,taboo,21,1,1,1.5644732,1.7548858,1.3409457,167.9982,0.8890706,-0.84530973,12.760137
761,moon__p3__s1,taboo,22,1,1,0.010146349,0.059259657,0.2543093,157.77432,0.8908013,-0.8560408,11.523051
762,moon__p3__s1,taboo,23,1,1,2.1023273,2.7662582,5.1903815,154.45975,0.90734774,-0.8770585,9.213582
763,moon__p3__s1,taboo,24,1,1,0.12499746,0.5952734,2.0427983,216.36818,0.88644934,-0.8467537,13.687273
764,moon__p3__s1,taboo,25,1,1,0.0000028610189,0.000051387444,0.00086748577,249.36703,0.8820018,-0.840597,13.148854
765,moon__p3__s1,taboo,26,1,1,0.12580529,0.5325779,1.509087,242.5652,0.8805371,-0.79423064,17.136642
766,moon__p3__s2,taboo,0,1,1,0.8205037,2.8260522,6.2380676,263.7012,0.97466844,-0.84479636,10.701185
767,moon__p3__s2,taboo,1,1,1,0.118006386,0.5758062,2.2139616,163.53915,0.96017164,-0.86973614,9.539735
768,moon__p3__s2,taboo,2,1,1,2.1725116,2.3052406,4.970383,168.28868,0.95084924,-0.87702006,8.827574
769,moon__p3__s2,taboo,3,1,1,0.97345567,2.2484596,5.3870754,179.52783,0.9470687,-0.8860952,8.111301
770,moon__p3__s2,taboo,4,1,1,0.95029926,2.8213282,5.560907,88.92837,0.9380014,-0.8842924,8.627603
771,moon__p3__s2,taboo,5,1,1,3.3297286,2.744125,3.9711616,212.0124,0.93108666,-0.8825225,8.996233
772,moon__p3__s2,taboo,6,1,1,0.81429935,1.1551276,1.2422707,199.91692,0.908519,-0.8591467,11.319035
773,moon__p3__s2,taboo,7,1,1,0.5432104,2.0485396,5.7588973,198.84282,0.9082733,-0.8566211,11.944544
774,moon__p3__s2,taboo,8,1,1,2.1968284,2.040421,1.7739211,215.46027,0.9159584,-0.8715289,9.812587
775,moon__p3__s2,taboo,9,1,1,1.763773,3.6256742,4.586688,186.31927,0.9187634,-0.8794659,9.085824
776,moon__p3__s2,taboo,10,1,1,0.31971613,0.8682873,1.5993536,204.60258,0.902611,-0.866765,10.252045
777,moon__p3__s2,taboo,11,1,1,0.96990997,2.6621156,6.0414076,199.86865,0.90625215,-0.8690743,10.62718
778,moon__p3__s2,taboo,12,1,1,0.0032453272,0.026817976,0.18828297,178.957,0.90125424,-0.8677106,10.735065
779,moon__p3__s2,taboo,13,1,1,0.028862605,0.16108462,0.7478397,104.34674,0.8813106,-0.8494455,12.253739
780,moon__p3__s2,taboo,14,1,1,0.41277495,2.1161246,7.7441583,74.23991,0.8905007,-0.86109173,10.702406
781,moon__p3__s2,taboo,15,1,1,0.70152175,3.2435083,9.571042,197.6999,0.88998365,-0.85285723,12.3118725
782,moon__p3__s2,taboo,16,1,1,0.5918753,1.8974525,5.1549764,251.90797,0.88648707,-0.80107135,16.409002
783,moon__p3__s3,taboo,0,1,1,0.8346884,2.850915,6.182809,263.5096,0.97466356,-0.8448104,10.700499
784,moon__p3__s3,taboo,1,1,1,0.118000135,0.57583356,2.215064,163.31274,0.96015215,-0.8697238,9.550029
785,moon__p3__s3,taboo,2,1,1,0.67430466,2.3057683,4.962056,179.6823,0.94722193,-0.8633753,10.345173
786,moon__p3__s3,taboo,3,1,1,1.1261772,3.464448,5.041544,110.10889,0.94744724,-0.8759045,8.963852
787,moon__p3__s3,taboo,4,1,1,0.75766003,2.398294,4.9598923,177.63954,0.9358102,-0.8664398,10.155613
788,moon__p3__s3,taboo,5,1,1,0.0008900971,0.009929201,0.10098675,160.55734,0.9398467,-0.8769333,9.547517
789,moon__p3__s3,taboo,6,1,1,2.1391397,3.4362123,5.6132984,206.27267,0.9272528,-0.88147116,8.80735
790,moon__p3__s3,taboo,7,1,1,1.7732987,1.6508402,2.4719143,201.7043,0.8959749,-0.8508579,12.335443
791,moon__p3__s3,taboo,8,1,1,1.9972451,4.013625,5.5773516,150.97697,0.90406287,-0.8594882,10.933875
792,moon__p3__s3,taboo,9,1,1,2.1159,2.7060537,4.8590703,253.02289,0.9241272,-0.894207,7.9480743
793,moon__p3__s3,taboo,10,1,1,0.0044885124,0.037752844,0.2723422,178.17967,0.9060841,-0.8595811,11.83077
794,moon__p3__s3,taboo,11,1,1,0.011516755,0.07196174,0.3402316,265.97034,0.8914648,-0.84445715,12.9862995
795,moon__p3__s3,taboo,12,1,1,0.5373156,1.2723646,1.9663911,241.77419,0.89211094,-0.8043696,16.120367
796,moon__p3__s4,taboo,0,1,1,0.82844216,2.849418,6.2417026,263.70328,0.9746052,-0.84465474,10.709869
797,moon__p3__s4,taboo,1,1,1,0.11792205,0.5754135,2.2136781,163.391,0.9601694,-0.86978877,9.5400715
798,moon__p3__s4,taboo,2,1,1,0.67022955,2.3025138,4.9833817,179.87296,0.9473088,-0.8634739,10.325276
799,moon__p3__s4,taboo,3,1,1,1.1298395,3.4702547,5.0401106,109.86642,0.947409,-0.8759295,8.970135
800,moon__p3__s4,taboo,4,1,1,2.0071242,2.3982258,4.972294,175.2999,0.9396218,-0.8759077,9.056656
801,moon__p3__s4,taboo,5,1,1,0.9808522,1.2811215,1.64424,172.81636,0.93720573,-0.87780505,9.2849865
802,moon__p3__s4,taboo,6,1,1,0.15100697,0.954044,4.5367117,204.9218,0.9315105,-0.873712,9.633751
803,moon__p3__s4,taboo,7,1,1,2.5591965,2.4813428,6.0373297,183.01158,0.92759335,-0.878255,9.2759495
804,moon__p3__s4,taboo,8,1,1,0.5604468,1.6468899,3.3783834,187.2178,0.9250279,-0.8778208,9.417052
805,moon__p3__s4,taboo,9,1,1,2.2340374,2.940062,6.683252,181.95392,0.91594714,-0.87219095,10.008025
806,moon__p3__s4,taboo,10,1,1,3.5518403,4.7926617,6.257658,198.3783,0.91792643,-0.8758115,9.337138
807,moon__p3__s4,taboo,11,1,1,1.2623742,1.2054254,1.2754574,186.35454,0.89795804,-0.8596411,11.129887
808,moon__p3__s4,taboo,12,1,0,1.6278579,3.669692,5.819515,209.10577,0.8956376,-0.8507272,12.281528
809,moon__p3__s4,taboo,13,1,0,0.39224482,1.4821982,3.3015141,188.31961,0.8811181,-0.8267336,14.427566
810,moon__p3__s4,taboo,14,1,1,1.6991382,2.193161,3.7076259,183.01561,0.87630963,-0.82182837,14.071399
811,moon__p3__s4,taboo,15,1,1,1.5785692,2.2089403,5.393526,162.8018,0.89030707,-0.84046143,12.182879
812,moon__p3__s4,taboo,16,1,1,2.064324,3.7031229,4.657687,195.52243,0.90631753,-0.85625714,10.736845
813,moon__p3__s4,taboo,17,1,1,0.0022312526,0.020445239,0.1628779,152.87727,0.8801455,-0.82713693,13.540006
814,moon__p3__s4,taboo,18,1,1,0.1367264,0.67075795,2.5446424,164.11394,0.8952835,-0.8509227,11.8777275
815,moon__p3__s4,taboo,19,1,1,1.7646375,1.8739166,3.7607822,166.81232,0.8846045,-0.83594525,13.004796
816,moon__p3__s4,taboo,20,1,1,0.0004920941,0.0058229514,0.060988788,152.31648,0.89985186,-0.86232966,10.479911
817,moon__p3__s4,taboo,21,1,1,1.0669267,1.5469699,1.3248465,175.60738,0.9068393,-0.8685008,9.370819
818,moon__p3__s4,taboo,22,1,1,0.08906138,0.29277444,0.4614367,181.94235,0.9010326,-0.8656393,9.995794
819,moon__p3__s4,taboo,23,1,1,1.0522813,2.6557937,3.9452908,111.480225,0.90075994,-0.8691347,9.947529
820,moon__p3__s4,taboo,24,1,1,0.14591067,0.6317433,2.2973864,185.0676,0.8804397,-0.83680403,13.310825
821,moon__p3__s4,taboo,25,1,1,0.16684562,0.6812985,1.9357114,243.66335,0.8781805,-0.7960309,16.92441
822,moon__p3__s5,taboo,0,1,1,0.8305305,2.8522897,6.221861,263.68484,0.974563,-0.8446366,10.703575
823,moon__p3__s5,taboo,1,1,1,0.117852226,0.57460755,2.2069533,163.40804,0.9601097,-0.8696386,9.552959
824,moon__p3__s5,taboo,2,1,1,0.66577333,2.2877393,4.9760633,179.6498,0.9473259,-0.8635172,10.328527
825,moon__p3__s5,taboo,3,1,1,1.131701,3.4717994,5.03285,109.88124,0.9473944,-0.8759085,8.968416
826,moon__p3__s5,taboo,4,1,1,0.7588283,2.4025426,4.9674716,177.55789,0.9358782,-0.8666031,10.1474695
827,moon__p3__s5,taboo,5,1,1,0.00089057354,0.009930059,0.10090379,160.64221,0.9398617,-0.876764,9.556538
828,moon__p3__s5,taboo,6,1,1,3.1628566,3.488502,5.577036,251.45525,0.92924464,-0.8837374,9.698006
829,moon__p3__s5,taboo,7,1,1,0.00028939827,0.0038214151,0.04566818,251.03487,0.9235103,-0.8765208,9.423778
830,moon__p3__s5,taboo,8,1,1,0.8299567,1.0700232,1.485245,201.7564,0.89519286,-0.8480043,12.313263
831,moon__p3__s5,taboo,9,1,1,2.3241687,3.8709059,5.9156294,183.91164,0.9023034,-0.8514083,10.990233
832,moon__p3__s5,taboo,10,1,1,2.0288177,3.468192,4.4846897,164.37354,0.91183007,-0.8686765,9.889556
833,moon__p3__s5,taboo,11,1,1,1.8214663,3.6601086,4.385865,133.96489,0.9181902,-0.87481767,9.334831
834,moon__p3__s5,taboo,12,1,1,0.5854595,2.129404,4.7537127,170.07927,0.9122262,-0.86904955,10.058195
835,moon__p3__s5,taboo,13,1,1,0.79732335,0.8921963,0.74682546,182.0416,0.9092376,-0.8683462,10.282395
836,moon__p3__s5,taboo,14,1,1,1.2062957,2.9089456,4.5700254,194.29391,0.9029797,-0.8605491,10.990227
837,moon__p3__s5,taboo,15,1,1,0.3763329,1.2780061,2.6136448,197.31053,0.89012975,-0.85316706,11.874228
838,moon__p3__s5,taboo,16,1,1,1.4268025,2.5157595,2.6385255,162.75581,0.91687554,-0.8883764,7.8287883
839,moon__p3__s5,taboo,17,1,1,0.004655119,0.037133977,0.25219968,203.38737,0.8793529,-0.828016,14.763739
840,moon__p3__s5,taboo,18,1,1,0.9282906,1.1920902,1.8147553,101.13007,0.8806967,-0.8195621,15.188883
841,moon__p3__s5,taboo,19,1,1,0.045492925,0.27510408,1.2256504,236.6437,0.88935274,-0.7991162,16.594027
842,moon__p3__s6,taboo,0,1,1,2.078442,2.849418,6.2417026,262.53354,0.9760852,-0.8604871,9.939059
843,moon__p3__s6,taboo,1,1,1,1.1795335,2.0594919,4.892851,183.46085,0.96120304,-0.8636629,9.942228
844,moon__p3__s6,taboo,2,1,1,3.147931,3.180598,4.6483846,129.11334,0.95579803,-0.879892,8.113958
845,moon__p3__s6,taboo,3,1,1,2.092528,3.6534336,5.4012065,189.41539,0.9482867,-0.8840014,7.965294
846,moon__p3__s6,taboo,4,1,1,1.1935291,2.00577,2.91055,217.54253,0.94564867,-0.89509356,7.548608
847,moon__p3__s6,taboo,5,1,1,1.5760484,3.281389,6.3938284,221.87427,0.9436772,-0.90938646,6.508481
848,moon__p3__s6,taboo,6,1,1,0.05805594,0.23688349,0.64188987,217.96387,0.93243295,-0.8952147,7.5440183
849,moon__p3__s6,taboo,7,1,1,0.09178896,0.4475253,1.8346514,190.1804,0.9087782,-0.8579591,10.950665
850,moon__p3__s6,taboo,8,1,1,0.4444793,1.1924015,2.050579,176.98367,0.9085665,-0.8636965,10.283023
851,moon__p3__s6,taboo,9,1,1,0.7986172,2.4952974,4.7001743,155.07669,0.9285031,-0.89294523,7.4552617
852,moon__p3__s6,taboo,10,1,1,0.008245002,0.06476286,0.43254545,223.27994,0.91623706,-0.8828049,8.7476015
853,moon__p3__s6,taboo,11,1,0,0.000021815062,0.0002694109,0.002854181,245.02391,0.88746864,-0.8353526,13.887703
854,moon__p3__s6,taboo,12,1,1,0.403038,0.92512196,1.5596344,192.61623,0.87957454,-0.82201827,14.877029
855,moon__p3__s6,taboo,13,1,1,0.7717233,1.6715705,4.072621,148.05537,0.88879144,-0.8257098,12.997109
856,moon__p3__s6,taboo,14,1,1,2.267384,3.7875388,5.155194,166.88426,0.9044256,-0.856435,10.9289255
857,moon__p3__s6,taboo,15,1,1,0.69063646,2.5897565,5.7859893,173.3675,0.89165384,-0.84096986,12.343408
858,moon__p3__s6,taboo,16,1,1,2.704364,3.702354,4.7803216,184.15588,0.90922225,-0.8618151,10.240525
859,moon__p3__s6,taboo,17,1,1,0.006610431,0.053658184,0.3659644,161.45836,0.9097119,-0.87005913,9.82229
860,moon__p3__s6,taboo,18,1,1,2.728494,3.7636237,3.9774134,169.59875,0.9043713,-0.86743367,10.050449
861,moon__p3__s6,taboo,19,1,1,2.1957388,3.7381668,5.1246963,284.8747,0.9274599,-0.9053651,6.8735256
862,moon__p3__s6,taboo,20,1,1,0.82850766,0.718993,0.42796004,146.44833,0.8932388,-0.8514705,12.519611
863,moon__p3__s6,taboo,21,1,1,0.0025387935,0.021523168,0.15360837,244.73462,0.88138866,-0.8452336,12.979128
864,moon__p3__s6,taboo,22,1,1,1.5732762,1.6265986,1.76491,218.4639,0.87508434,-0.8462682,12.67545
865,moon__p3__s6,taboo,23,1,1,2.1631548,4.4296684,6.6588726,215.78055,0.882195,-0.8400691,13.148858
866,moon__p3__s6,taboo,24,1,1,0.16534072,0.6252431,1.8179605,103.25477,0.8716547,-0.8177503,15.614359
867,moon__p3__s6,taboo,25,1,1,0.13060288,0.6271586,2.0468116,231.76501,0.88514477,-0.7950132,17.047506
868,moon__p3__s7,taboo,0,1,1,0.8226054,2.8318133,6.233713,263.71454,0.9746058,-0.8446607,10.711752
869,moon__p3__s7,taboo,1,1,1,0.11773143,0.57389355,2.2046962,163.41464,0.96013016,-0.8698698,9.528708
870,moon__p3__s7,taboo,2,1,1,0.66824687,2.2964134,4.98186,179.8158,0.9472927,-0.86350155,10.336671
871,moon__p3__s7,taboo,3,1,1,1.1317332,3.4721956,5.0315967,110.04504,0.9474762,-0.8760727,8.96069
872,moon__p3__s7,taboo,4,1,1,0.76265746,2.4066782,4.9454274,177.57793,0.93585765,-0.86662525,10.142659
873,moon__p3__s7,taboo,5,1,1,0.0008889061,0.009904043,0.10052277,160.3358,0.93994236,-0.8770424,9.539965
874,moon__p3__s7,taboo,6,1,1,2.1088893,3.492567,5.557394,206.31912,0.92720145,-0.88136685,8.809406
875,moon__p3__s7,taboo,7,1,1,1.7723618,1.651443,2.4881797,201.55922,0.8959511,-0.85075533,12.337033
876,moon__p3__s7,taboo,8,1,1,2.299985,4.0207043,5.6343946,163.67938,0.9052369,-0.8645771,10.589143
877,moon__p3__s7,taboo,9,1,1,2.621748,2.8054676,3.8699417,253.42813,0.9278307,-0.8932919,8.168707
878,moon__p3__s7,taboo,10,1,1,0.0001275458,0.0014078841,0.013174103,236.23729,0.89617807,-0.8606747,11.490236
879,moon__p3__s7,taboo,11,1,1,0.2607627,1.1364907,3.5606232,239.75827,0.9120855,-0.8801285,8.735084
880,moon__p3__s7,taboo,12,1,1,0.1310043,0.39390847,0.57925326,244.28185,0.8870418,-0.83559924,14.065552
881,moon__p3__s7,taboo,13,1,1,0.6570662,1.103218,1.580044,244.4988,0.89222723,-0.803767,16.255291
882,ship__p0__s0,taboo,0,1,0,0.118261985,1.0083432,7.437516,251.54272,0.97231936,-0.8312934,10.73471
883,ship__p0__s0,taboo,1,1,0,0.6810161,1.6056714,2.1501362,159.95023,0.95295364,-0.8457899,9.686225
884,ship__p0__s0,taboo,2,1,0,0.01014564,0.08579494,0.6118188,180.14703,0.94764245,-0.87202466,7.637826
885,ship__p0__s0,taboo,3,1,0,0.015757686,0.12140029,0.75662744,154.74397,0.92273384,-0.8138267,13.480452
886,ship__p0__s0,taboo,4,1,0,0.0031886469,0.02423832,0.15670829,108.08578,0.92843086,-0.845924,10.319923
887,ship__p0__s0,taboo,5,1,0,0.038410872,0.25441062,1.3643613,167.98918,0.9193922,-0.83202136,11.568189
888,ship__p0__s0,taboo,6,1,0,0.03140435,0.2024233,1.0136623,129.66032,0.90527695,-0.8287428,11.77479
889,ship__p0__s0,taboo,7,1,0,0.011326654,0.06401391,0.26068056,144.05336,0.9148393,-0.8321217,11.794677
890,ship__p0__s0,taboo,8,1,0,0.23113045,0.93873465,2.5909684,170.39981,0.9174734,-0.8377905,11.513827
891,ship__p0__s0,taboo,9,1,0,0.48151952,0.7211541,0.4516214,113.77278,0.9060711,-0.81718695,13.288183
892,ship__p0__s0,taboo,10,1,0,0.0026655402,0.026655745,0.23615849,107.24124,0.902679,-0.8256521,12.94398
893,ship__p0__s0,taboo,11,1,0,0.0009026029,0.01120137,0.12498494,157.68686,0.8887084,-0.8262054,12.784733
894,ship__p0__s0,taboo,12,1,0,0.45592093,1.4635214,2.7474272,87.68527,0.8830448,-0.8310117,11.669555
895,ship__p0__s0,taboo,13,1,0,1.1940778,2.2467198,1.7579321,140.07796,0.87381816,-0.8092495,13.750895
896,ship__p0__s0,taboo,14,1,0,0.10638357,0.4799727,1.4121311,129.05109,0.89379954,-0.83861524,11.363342
897,ship__p0__s0,taboo,15,1,0,0.37136257,1.037106,1.4812763,105.54007,0.88874894,-0.83402455,12.045844
898,ship__p0__s0,taboo,16,1,0,0.50053966,1.1482444,1.7673793,159.58936,0.88276494,-0.8257333,12.917149
899,ship__p0__s0,taboo,17,1,0,0.76429427,1.6389878,2.059118,163.44981,0.87596554,-0.8128649,14.934534
900,ship__p0__s0,taboo,18,1,0,1.0869784,1.6872919,1.7457993,156.81262,0.876871,-0.8138871,15.143043
901,ship__p0__s0,taboo,19,1,0,0.05680263,0.25498742,0.8261708,128.80508,0.87259495,-0.80633587,16.088163
902,ship__p0__s0,taboo,20,1,0,0.35718387,0.8512721,0.6932902,110.57721,0.85852534,-0.7844868,18.95949
903,ship__p0__s0,taboo,21,1,0,0.0021711842,0.019974265,0.15741304,105.56823,0.8720325,-0.80455303,16.6617
904,ship__p0__s0,taboo,22,1,0,0.00086448964,0.008991741,0.08549701,158.31323,0.84351104,-0.7872192,18.76859
905,ship__p0__s0,taboo,23,1,0,0.3729609,0.75237894,0.8433157,211.30824,0.8586311,-0.8071599,13.146648
906,ship__p0__s0,taboo,24,1,0,0.19891058,0.8988302,2.7108507,189.5448,0.8789309,-0.8331217,11.523871
907,ship__p0__s0,taboo,25,1,0,0.00020037073,0.0022511962,0.02225779,160.05133,0.86362076,-0.8121117,13.15987
908,ship__p0__s0,taboo,26,1,0,0.053835817,0.278077,1.1275535,158.93982,0.8597145,-0.8141155,12.983399
909,ship__p0__s0,taboo,27,1,0,0.73059374,1.1677086,0.65799165,93.500755,0.8600545,-0.8203928,12.33452
910,ship__p0__s0,taboo,28,1,0,0.008751136,0.058522288,0.3086014,110.27176,0.85434395,-0.8147335,13.382339
911,ship__p0__s0,taboo,29,1,0,0.010645507,0.06942685,0.35221907,150.72102,0.86328167,-0.82856035,12.323534
912,ship__p0__s1,taboo,0,1,0,0.10608364,0.9206979,6.937687,251.45041,0.9723612,-0.8314981,10.725716
913,ship__p0__s1,taboo,1,1,0,0.6831848,1.612632,2.1552885,160.04991,0.9529017,-0.845615,9.6984005
914,ship__p0__s1,taboo,2,1,0,0.010642794,0.08900155,0.62590337,179.84505,0.94767666,-0.8718821,7.63853
915,ship__p0__s1,taboo,3,1,0,0.014955189,0.11625346,0.7329683,154.00542,0.9226559,-0.8135204,13.498966
916,ship__p0__s1,taboo,4,1,0,0.0028421981,0.022137064,0.14817153,107.96508,0.9284909,-0.8459608,10.31394
917,ship__p0__s1,taboo,5,1,0,0.038781226,0.2562738,1.3687572,168.04744,0.9195013,-0.8322002,11.561436
918,ship__p0__s1,taboo,6,1,0,0.030111846,0.19712123,1.0037744,129.51228,0.9053705,-0.828819,11.759075
919,ship__p0__s1,taboo,7,1,0,0.011327715,0.0640281,0.2608266,144.00581,0.9150311,-0.8320791,11.788098
920,ship__p0__s1,taboo,8,1,0,0.23196672,0.94307745,2.6040545,170.03386,0.9175135,-0.83768743,11.515201
921,ship__p0__s1,taboo,9,1,0,0.48199773,0.7251593,0.48075765,113.83416,0.90601593,-0.8171172,13.292625
922,ship__p0__s1,taboo,10,1,0,0.0026830172,0.026824798,0.23758066,107.247894,0.90270287,-0.82566255,12.94772
923,ship__p0__s1,taboo,11,1,0,0.0009055804,0.011232902,0.12526007,157.85333,0.8887728,-0.8261464,12.781597
924,ship__p0__s1,taboo,12,1,0,0.41213205,1.3841515,2.7659514,87.796776,0.88303435,-0.8308508,11.668528
925,ship__p0__s1,taboo,13,1,0,1.1860566,2.238741,1.7714,140.38757,0.8738752,-0.8093428,13.73993
926,ship__p0__s1,taboo,14,1,0,0.102161154,0.4660654,1.3991097,129.33905,0.89376533,-0.8384666,11.371942
927,ship__p0__s1,taboo,15,1,0,0.37134594,1.0369935,1.4807663,105.89546,0.8887821,-0.8340111,12.029678
928,ship__p0__s1,taboo,16,1,0,0.5017755,1.1528494,1.7731203,159.75032,0.8828775,-0.8260487,12.895027
929,ship__p0__s1,taboo,17,1,0,1.5988792,1.633832,2.1521125,166.52594,0.8844447,-0.8200098,13.972248
930,ship__p0__s1,taboo,18,1,0,0.28026068,1.1297657,2.8353941,114.31074,0.87692004,-0.81141245,14.98604
931,ship__p0__s1,taboo,19,1,0,1.4010985,2.1376972,2.8473845,125.18852,0.87726724,-0.83009815,12.811242
932,ship__p0__s1,taboo,20,1,0,0.060822967,0.28902727,1.050312,161.73778,0.8515005,-0.8063259,14.895216
933,ship__p0__s1,taboo,21,1,0,0.23589888,0.6682708,1.1584053,204.2441,0.8639943,-0.8117836,12.693893
934,ship__p0__s1,taboo,22,1,0,0.15266201,0.7503792,2.5473714,192.92859,0.88444567,-0.84075195,10.999484
935,ship__p0__s1,taboo,23,1,0,0.00038890427,0.003970457,0.03506828,160.39304,0.864627,-0.8134001,13.015548
936,ship__p0__s1,taboo,24,1,0,0.04606526,0.24241239,1.0043753,155.8089,0.85893846,-0.81376785,13.105596
937,ship__p0__s1,taboo,25,1,0,0.6075033,1.1278614,0.7332297,93.47661,0.86010134,-0.8210828,12.409829
938,ship__p0__s1,taboo,26,1,0,0.011404679,0.07046216,0.3373646,109.64244,0.85403883,-0.8159385,13.42185
939,ship__p0__s1,taboo,27,1,0,0.010052766,0.06660809,0.34185487,150.51692,0.8647994,-0.83067673,12.190554
940,ship__p0__s1,taboo,28,1,0,0.000084515814,0.0011006849,0.013019699,135.85046,0.86584646,-0.82329714,12.941031
941,ship__p0__s1,taboo,29,1,0,1.4711306,1.302059,1.2247517,113.897385,0.86420065,-0.8286724,12.45834
942,ship__p0__s2,taboo,0,1,0,0.118261985,1.0083432,7.437516,251.54272,0.97231936,-0.8312934,10.73471
943,ship__p0__s2,taboo,1,1,0,0.6810161,1.6056714,2.1501362,159.95023,0.95295364,-0.8457899,9.686225
944,ship__p0__s2,taboo,2,1,0,0.01014564,0.08579494,0.6118188,180.14703,0.94764245,-0.87202466,7.637826
945,ship__p0__s2,taboo,3,1,0,0.015757686,0.12140029,0.75662744,154.74397,0.92273384,-0.8138267,13.480452
946,ship__p0__s2,taboo,4,1,0,0.0031886469,0.02423832,0.15670829,108.08578,0.92843086,-0.845924,10.319923
947,ship__p0__s2,taboo,5,1,0,0.038410872,0.25441062,1.3643613,167.98918,0.9193922,-0.83202136,11.568189
948,ship__p0__s2,taboo,6,1,0,0.03140435,0.2024233,1.0136623,129.66032,0.90527695,-0.8287428,11.77479
949,ship__p0__s2,taboo,7,1,0,0.011326654,0.06401391,0.26068056,144.05336,0.9148393,-0.8321217,11.794677
950,ship__p0__s2,taboo,8,1,0,0.23113045,0.93873465,2.5909684,170.39981,0.9174734,-0.8377905,11.513827
951,ship__p0__s2,taboo,9,1,0,0.48151952,0.7211541,0.4516214,113.77278,0.9060711,-0.81718695,13.288183
952,ship__p0__s2,taboo,10,1,0,0.0026655402,0.026655745,0.23615849,107.24124,0.902679,-0.8256521,12.94398
953,ship__p0__s2,taboo,11,1,0,0.0009026029,0.01120137,0.12498494,157.68686,0.8887084,-0.8262054,12.784733
954,ship__p0__s2,taboo,12,1,0,0.45592093,1.4635214,2.7474272,87.68527,0.8830448,-0.8310117,11.669555
955,ship__p0__s2,taboo,13,1,0,1.1940778,2.2467198,1.7579321,140.07796,0.87381816,-0.8092495,13.750895
956,ship__p0__s2,taboo,14,1,0,0.10638357,0.4799727,1.4121311,129.05109,0.89379954,-0.83861524,11.363342
957,ship__p0__s2,taboo,15,1,0,0.37136257,1.037106,1.4812763,105.54007,0.88874894,-0.83402455,12.045844
958,ship__p0__s2,taboo,16,1,0,0.50053966,1.1482444,1.7673793,159.58936,0.88276494,-0.8257333,12.917149
959,ship__p0__s2,taboo,17,1,0,1.5142943,1.6389878,2.059118,166.2586,0.88462764,-0.8203651,13.963098
960,ship__p0__s2,taboo,18,1,0,0.2808458,1.132444,2.8416352,114.14323,0.87699485,-0.8114897,14.990899
961,ship__p0__s2,taboo,19,1,0,1.4012674,2.1386514,2.8503947,125.26652,0.8774628,-0.83036464,12.789516
962,ship__p0__s2,taboo,20,1,0,0.055169113,0.27241915,1.0381577,162.17325,0.8514061,-0.80626136,14.904573
963,ship__p0__s2,taboo,21,1,0,0.23627074,0.67019755,1.1643871,204.39105,0.8638278,-0.81148434,12.720653
964,ship__p0__s2,taboo,22,1,0,0.14996162,0.74105525,2.541185,193.18715,0.8843433,-0.84059614,11.020441
965,ship__p0__s2,taboo,23,1,0,0.00042977632,0.0043059685,0.037169155,160.31978,0.86471057,-0.8134033,13.015283
966,ship__p0__s2,taboo,24,1,0,0.045940936,0.24155366,1.0005653,155.91054,0.8589936,-0.81371814,13.107304
967,ship__p0__s2,taboo,25,1,0,0.607538,1.1280901,0.7340485,93.52866,0.86032367,-0.821237,12.398001
968,ship__p0__s2,taboo,26,1,0,0.0114063285,0.07047643,0.3374179,109.6196,0.85413975,-0.81586677,13.427523
969,ship__p0__s2,taboo,27,1,0,0.010494523,0.06961813,0.3582886,150.61438,0.86508363,-0.8309366,12.17321
970,ship__p0__s2,taboo,28,1,0,0.00007986704,0.0010515527,0.012607506,135.98976,0.8660597,-0.82345957,12.9310055
971,ship__p0__s2,taboo,29,1,0,0.5899465,1.2906718,1.2309229,152.0316,0.8600294,-0.8179696,13.253164
972,ship__p0__s3,taboo,0,1,0,0.118261985,1.0083432,7.437516,251.54272,0.97231936,-0.8312934,10.73471
973,ship__p0__s3,taboo,1,1,0,1.5560161,1.6056714,2.1501362,171.80167,0.9546446,-0.8595562,8.596958
974,ship__p0__s3,taboo,2,1,0,0.34596378,0.831076,0.7603493,161.5129,0.9359467,-0.84469336,10.35914
975,ship__p0__s3,taboo,3,1,0,0.18220387,0.56304353,1.1068128,139.7327,0.9284932,-0.843104,10.766968
976,ship__p0__s3,taboo,4,1,0,0.013262389,0.09869552,0.60770655,166.29935,0.9262819,-0.8506767,10.002635
977,ship__p0__s3,taboo,5,1,0,0.035567928,0.18494901,0.74305487,145.13577,0.9189995,-0.8228219,12.922317
978,ship__p0__s3,taboo,6,1,0,0.3832437,1.5069404,4.0903153,167.47696,0.9179633,-0.8360426,12.12993
979,ship__p0__s3,taboo,7,1,0,0.11101292,0.51582694,1.6063111,143.3533,0.9051435,-0.8244812,12.801343
980,ship__p0__s3,taboo,8,1,0,0.0012557963,0.011668177,0.094843596,145.69391,0.9063212,-0.81470627,13.205841
981,ship__p0__s3,taboo,9,1,0,0.061012637,0.3644131,1.6690629,172.27434,0.9139934,-0.8271786,12.381283
982,ship__p0__s3,taboo,10,1,0,1.3197644,0.63315076,0.5555618,112.99826,0.9053568,-0.7893071,16.252234
983,ship__p0__s3,taboo,11,1,0,0.055574358,0.27504566,1.0886382,120.87362,0.9009242,-0.8069072,14.604221
984,ship__p0__s3,taboo,12,1,0,0.0030795552,0.029244315,0.24584992,139.72304,0.87858063,-0.8088628,15.155184
985,ship__p0__s3,taboo,13,1,0,0.17430961,0.6485308,1.7449598,108.999,0.8809185,-0.8166135,13.197678
986,ship__p0__s3,taboo,14,1,0,0.23865807,0.8615467,1.9464622,173.16077,0.8797903,-0.8043578,14.21402
987,ship__p0__s3,taboo,15,1,0,0.034539137,0.1558989,0.47756237,134.88568,0.884784,-0.81864035,11.920759
988,ship__p0__s3,taboo,16,1,0,0.023869298,0.16292688,0.9181726,150.25482,0.888292,-0.82032293,11.920903
989,ship__p0__s3,taboo,17,1,0,0.04687185,0.21174201,0.70445585,120.61623,0.8848677,-0.82803965,11.406002
990,ship__p0__s3,taboo,18,1,0,0.011168582,0.062214814,0.24288371,150.1288,0.87253773,-0.82739764,12.1212635
991,ship__p0__s3,taboo,19,1,0,0.3150682,1.2313638,3.2029076,128.85526,0.87321633,-0.83534145,11.358316
992,ship__p0__s3,taboo,20,1,0,0.00038270777,0.004976562,0.060078025,147.44923,0.8693039,-0.8250085,12.699084
993,ship__p0__s3,taboo,21,1,0,1.2217295,2.185495,1.7921013,206.19188,0.8641059,-0.79658145,14.251072
994,ship__p0__s3,taboo,22,1,0,0.4283281,1.4920082,2.9875803,188.89713,0.87849116,-0.8228936,12.253059
995,ship__p0__s3,taboo,23,1,0,0.0000859462,0.0011578251,0.013944255,155.76526,0.8702409,-0.8065715,14.178702
996,ship__p0__s3,taboo,24,1,0,0.05087139,0.2792427,1.2332973,156.93248,0.8654096,-0.8106661,13.460604
997,ship__p0__s3,taboo,25,1,0,1.4821519,1.1801126,0.62532485,140.90947,0.85754526,-0.8076729,13.646367
998,ship__p0__s3,taboo,26,1,0,0.016003963,0.1126993,0.63060904,160.07489,0.86927193,-0.8306202,12.080205
999,ship__p0__s3,taboo,27,1,0,0.000035285328,0.00055288913,0.008000467,142.46149,0.8643832,-0.8140211,14.067377
1000,ship__p0__s3,taboo,28,1,0,0.9116568,1.4943392,1.1360632,126.648094,0.8660271,-0.8280079,12.776237
1001,ship__p0__s3,taboo,29,1,0,0.25358453,0.8901541,1.7810994,114.13317,0.8686724,-0.8259107,13.449549
1002,ship__p0__s4,taboo,0,1,0,0.119523674,1.0181316,7.491029,251.54793,0.9724198,-0.8318097,10.697297
1003,ship__p0__s4,taboo,1,1,0,0.6226186,1.5491412,2.1844506,159.95071,0.95295477,-0.845741,9.68959
1004,ship__p0__s4,taboo,2,1,0,0.010036125,0.085125774,0.6092812,179.97595,0.9475602,-0.8717858,7.6356297
1005,ship__p0__s4,taboo,3,1,0,0.017729023,0.13421503,0.8197154,154.52838,0.92264503,-0.81359893,13.48267
1006,ship__p0__s4,taboo,4,1,0,0.0031742684,0.02411981,0.15608314,108.06912,0.9283619,-0.84588367,10.31635
1007,ship__p0__s4,taboo,5,1,0,0.03884131,0.25678977,1.3719308,168.12218,0.9194633,-0.8322851,11.54542
1008,ship__p0__s4,taboo,6,1,0,0.0299566,0.19617775,1.0002725,129.24226,0.90525347,-0.8287768,11.7727995
1009,ship__p0__s4,taboo,7,1,0,0.011326654,0.06401716,0.26073822,143.85117,0.9150613,-0.83232605,11.7716055
1010,ship__p0__s4,taboo,8,1,0,0.2322721,0.9449237,2.6108246,170.2421,0.9175743,-0.8377749,11.505318
1011,ship__p0__s4,taboo,9,1,0,0.9817573,0.72289675,0.46141145,105.621414,0.9020241,-0.7937646,16.203608
1012,ship__p0__s4,taboo,10,1,0,0.011844308,0.09240471,0.61511403,104.20494,0.9010682,-0.81379795,14.139098
1013,ship__p0__s4,taboo,11,1,0,0.00061767094,0.007932814,0.09132052,155.11798,0.8872706,-0.8203292,13.716027
1014,ship__p0__s4,taboo,12,1,0,0.4465471,1.5961387,3.265846,97.03365,0.8826434,-0.82715446,11.964805
1015,ship__p0__s4,taboo,13,1,0,1.3835418,2.211813,1.8792651,214.2709,0.87983257,-0.8079791,13.319991
1016,ship__p0__s4,taboo,14,1,0,0.47207582,1.3380097,2.4424407,190.14589,0.88376826,-0.8245576,12.1507635
1017,ship__p0__s4,taboo,15,1,0,0.000109547334,0.0014349306,0.01680362,149.94724,0.8823391,-0.8138901,13.595721
1018,ship__p0__s4,taboo,16,1,0,0.16918536,0.6446115,1.8995624,160.21992,0.87564355,-0.8178716,12.81099
1019,ship__p0__s4,taboo,17,1,0,1.1806867,1.0310372,0.8959511,96.70999,0.87476486,-0.8269934,11.834373
1020,ship__p0__s4,taboo,18,1,0,0.0076161725,0.05388867,0.30332342,116.567276,0.868395,-0.82195944,12.741525
1021,ship__p0__s4,taboo,19,1,0,0.009909955,0.06515594,0.33890063,152.97372,0.8766056,-0.83559877,11.833382
1022,ship__p0__s4,taboo,20,1,0,0.00013529339,0.0015791439,0.016527882,139.41754,0.87619054,-0.82368386,13.005107
1023,ship__p0__s4,taboo,21,1,0,0.6161176,1.267156,1.2067194,150.648,0.873,-0.8229453,12.92864
1024,ship__p0__s4,taboo,22,1,0,0.001247343,0.011410751,0.08985329,91.028145,0.86998194,-0.81544876,13.53087
1025,ship__p0__s4,taboo,23,1,0,0.009279928,0.07197941,0.45100832,111.46676,0.8632999,-0.79924685,15.316319
1026,ship__p0__s4,taboo,24,1,0,0.34869906,0.76212317,1.0157194,166.4089,0.8672302,-0.8214885,13.431992
1027,ship__p0__s4,taboo,25,1,0,0.6967683,1.3283851,1.2604136,156.31357,0.865146,-0.8272651,13.139769
1028,ship__p0__s4,taboo,26,1,0,0.008485217,0.06578439,0.41270435,91.092415,0.8674386,-0.83406067,12.513044
1029,ship__p0__s4,taboo,27,1,0,0.010021962,0.07126197,0.40282702,90.031136,0.86375624,-0.8163091,14.704075
1030,ship__p0__s4,taboo,28,1,0,0.032479648,0.21676055,1.1610267,145.35146,0.86265534,-0.8209848,14.486253
1031,ship__p0__s4,taboo,29,1,0,1.3043889,1.0988986,1.0899397,235.74934,0.84503293,-0.78588086,16.178612
1032,ship__p0__s5,taboo,0,1,0,0.118261985,1.0083432,7.437516,251.54272,0.97231936,-0.8312934,10.73471
1033,ship__p0__s5,taboo,1,1,0,1.5560161,1.6056714,2.1501362,171.80167,0.9546446,-0.8595562,8.596958
1034,ship__p0__s5,taboo,2,1,0,0.34596378,0.831076,0.7603493,161.5129,0.9359467,-0.84469336,10.35914
1035,ship__p0__s5,taboo,3,1,0,0.18220387,0.56304353,1.1068128,139.7327,0.9284932,-0.843104,10.766968
1036,ship__p0__s5,taboo,4,1,0,0.013262389,0.09869552,0.60770655,166.29935,0.9262819,-0.8506767,10.002635
1037,ship__p0__s5,taboo,5,1,0,0.035567928,0.18494901,0.74305487,145.13577,0.9189995,-0.8228219,12.922317
1038,ship__p0__s5,taboo,6,1,0,0.3832437,1.5069404,4.0903153,167.47696,0.9179633,-0.8360426,12.12993
1039,ship__p0__s5,taboo,7,1,0,0.11101292,0.51582694,1.6063111,143.3533,0.9051435,-0.8244812,12.801343
1040,ship__p0__s5,taboo,8,1,0,0.0012557963,0.011668177,0.094843596,145.69391,0.9063212,-0.81470627,13.205841
1041,ship__p0__s5,taboo,9,1,0,0.061012637,0.3644131,1.6690629,172.27434,0.9139934,-0.8271786,12.381283
1042,ship__p0__s5,taboo,10,1,0,1.3197644,0.63315076,0.5555618,112.99826,0.9053568,-0.7893071,16.252234
1043,ship__p0__s5,taboo,11,1,0,0.055574358,0.27504566,1.0886382,120.87362,0.9009242,-0.8069072,14.604221
1044,ship__p0__s5,taboo,12,1,0,0.0030795552,0.029244315,0.24584992,139.72304,0.87858063,-0.8088628,15.155184
1045,ship__p0__s5,taboo,13,1,0,0.17430961,0.6485308,1.7449598,108.999,0.8809185,-0.8166135,13.197678
1046,ship__p0__s5,taboo,14,1,0,0.23865807,0.8615467,1.9464622,173.16077,0.8797903,-0.8043578,14.21402
1047,ship__p0__s5,taboo,15,1,0,0.034539137,0.1558989,0.47756237,134.88568,0.884784,-0.81864035,11.920759
1048,ship__p0__s5,taboo,16,1,0,0.023869298,0.16292688,0.9181726,150.25482,0.888292,-0.82032293,11.920903
1049,ship__p0__s5,taboo,17,1,0,0.04687185,0.21174201,0.70445585,120.61623,0.8848677,-0.82803965,11.406002
1050,ship__p0__s5,taboo,18,1,0,0.011168582,0.062214814,0.24288371,150.1288,0.87253773,-0.82739764,12.1212635
1051,ship__p0__s5,taboo,19,1,0,0.3150682,1.2313638,3.2029076,128.85526,0.87321633,-0.83534145,11.358316
1052,ship__p0__s5,taboo,20,1,0,0.00038270777,0.004976562,0.060078025,147.44923,0.8693039,-0.8250085,12.699084
1053,ship__p0__s5,taboo,21,1,0,2.7217295,2.185495,1.7921013,175.34366,0.8780777,-0.8288972,11.058372
1054,ship__p0__s5,taboo,22,1,0,0.220068,0.89043975,2.3672996,160.15205,0.88095677,-0.8317079,11.626398
1055,ship__p0__s5,taboo,23,1,0,1.009518,1.9842082,2.4298034,141.55128,0.8873373,-0.8484085,9.88282
1056,ship__p0__s5,taboo,24,1,0,0.13362782,0.41040835,0.66089725,138.86255,0.86551803,-0.82282335,13.121125
1057,ship__p0__s5,taboo,25,1,0,0.072439134,0.3967207,1.6092649,184.55133,0.86761534,-0.82812434,12.816583
1058,ship__p0__s5,taboo,26,1,0,0.48126835,0.9101096,1.1422992,115.49536,0.8615352,-0.8038203,15.496348
1059,ship__p0__s5,taboo,27,1,0,0.07145881,0.39716,1.6639068,147.12404,0.8631579,-0.81863546,13.870115
1060,ship__p0__s5,taboo,28,1,0,2.0547092,1.7782732,1.1464121,134.45985,0.86064494,-0.82632965,12.838762
1061,ship__p0__s5,taboo,29,1,0,2.9259958,2.4734306,1.128433,178.3552,0.8504383,-0.81767124,14.205429
1062,ship__p0__s6,taboo,0,1,0,0.118261985,1.0083432,7.437516,251.54272,0.97231936,-0.8312934,10.73471
1063,ship__p0__s6,taboo,1,1,0,0.6810161,1.6056714,2.1501362,159.95023,0.95295364,-0.8457899,9.686225
1064,ship__p0__s6,taboo,2,1,0,0.01014564,0.08579494,0.6118188,180.14703,0.94764245,-0.87202466,7.637826
1065,ship__p0__s6,taboo,3,1,0,0.015757686,0.12140029,0.75662744,154.74397,0.92273384,-0.8138267,13.480452
1066,ship__p0__s6,taboo,4,1,0,0.0031886469,0.02423832,0.15670829,108.08578,0.92843086,-0.845924,10.319923
1067,ship__p0__s6,taboo,5,1,0,0.038410872,0.25441062,1.3643613,167.98918,0.9193922,-0.83202136,11.568189
1068,ship__p0__s6,taboo,6,1,0,0.03140435,0.2024233,1.0136623,129.66032,0.90527695,-0.8287428,11.77479
1069,ship__p0__s6,taboo,7,1,0,0.011326654,0.06401391,0.26068056,144.05336,0.9148393,-0.8321217,11.794677
1070,ship__p0__s6,taboo,8,1,0,0.23113045,0.93873465,2.5909684,170.39981,0.9174734,-0.8377905,11.513827
1071,ship__p0__s6,taboo,9,1,0,0.48151952,0.7211541,0.4516214,113.77278,0.9060711,-0.81718695,13.288183
1072,ship__p0__s6,taboo,10,1,0,0.0026655402,0.026655745,0.23615849,107.24124,0.902679,-0.8256521,12.94398
1073,ship__p0__s6,taboo,11,1,0,0.0009026029,0.01120137,0.12498494,157.68686,0.8887084,-0.8262054,12.784733
1074,ship__p0__s6,taboo,12,1,0,0.45592093,1.4635214,2.7474272,87.68527,0.8830448,-0.8310117,11.669555
1075,ship__p0__s6,taboo,13,1,0,1.1940778,2.2467198,1.7579321,140.07796,0.87381816,-0.8092495,13.750895
1076,ship__p0__s6,taboo,14,1,0,0.10638357,0.4799727,1.4121311,129.05109,0.89379954,-0.83861524,11.363342
1077,ship__p0__s6,taboo,15,1,0,1.7463626,1.037106,1.4812763,110.52407,0.88293606,-0.8206933,13.179351
1078,ship__p0__s6,taboo,16,1,0,0.10725777,0.5308921,1.8855376,157.73228,0.8818799,-0.82224935,13.404461
1079,ship__p0__s6,taboo,17,1,0,0.6980166,1.5667555,1.9721296,164.1756,0.87588304,-0.81040806,15.276054
1080,ship__p0__s6,taboo,18,1,0,0.93539804,1.5528836,1.655378,155.75153,0.87794113,-0.81405145,15.229119
1081,ship__p0__s6,taboo,19,1,0,0.060394816,0.2551223,0.75400686,130.64069,0.8725692,-0.8058724,16.187466
1082,ship__p0__s6,taboo,20,1,0,0.24578129,0.70410186,0.8525748,111.1461,0.8587734,-0.78492355,18.70105
1083,ship__p0__s6,taboo,21,1,0,0.0021482266,0.019000366,0.14406735,105.611,0.8734134,-0.8060085,16.679077
1084,ship__p0__s6,taboo,22,1,0,0.0009723941,0.009545178,0.085028246,159.09583,0.84456027,-0.7889649,18.589546
1085,ship__p0__s6,taboo,23,1,0,0.33420312,0.7130232,0.8404095,211.45345,0.8577506,-0.80674285,13.156405
1086,ship__p0__s6,taboo,24,1,0,0.20048916,0.900844,2.6699402,190.62827,0.8801893,-0.83556527,11.365861
1087,ship__p0__s6,taboo,25,1,0,0.00019608006,0.0021874695,0.02143377,160.45561,0.8629785,-0.81178445,13.21563
1088,ship__p0__s6,taboo,26,1,0,0.070135735,0.3244763,1.1548836,159.58755,0.8601037,-0.81504434,12.949873
1089,ship__p0__s6,taboo,27,1,0,0.7288978,1.1621015,0.6465131,94.03015,0.86089957,-0.8215132,12.274433
1090,ship__p0__s6,taboo,28,1,0,0.008805375,0.058571905,0.30485097,111.16007,0.855226,-0.8158838,13.319032
1091,ship__p0__s6,taboo,29,1,0,0.011652502,0.07422212,0.36515015,151.11191,0.86323965,-0.8287269,12.341595
1092,ship__p0__s7,taboo,0,1,0,0.11732612,1.002316,7.404534,251.41968,0.97239727,-0.83137494,10.731266
1093,ship__p0__s7,taboo,1,1,0,1.5698969,1.6218722,2.119268,171.91469,0.95467395,-0.8595299,8.594317
1094,ship__p0__s7,taboo,2,1,0,0.34596065,0.831048,0.760188,160.81523,0.9358572,-0.84460306,10.365133
1095,ship__p0__s7,taboo,3,1,0,0.1816568,0.5601068,1.09721,139.69025,0.9284319,-0.8431558,10.76842
1096,ship__p0__s7,taboo,4,1,0,0.0132965045,0.09896587,0.6092741,166.38683,0.92631155,-0.8507825,10.000239
1097,ship__p0__s7,taboo,5,1,0,0.040139083,0.20321226,0.7917688,145.06638,0.91890997,-0.8226412,12.933334
1098,ship__p0__s7,taboo,6,1,0,0.38655943,1.5102402,4.0635405,167.68388,0.9181282,-0.8363516,12.117498
1099,ship__p0__s7,taboo,7,1,0,0.11137601,0.51792234,1.6143277,143.30246,0.90525204,-0.82473516,12.783432
1100,ship__p0__s7,taboo,8,1,0,0.0012567488,0.011677923,0.094925754,145.59763,0.90629673,-0.814665,13.212495
1101,ship__p0__s7,taboo,9,1,0,0.061100222,0.3650487,1.6720201,172.22313,0.9139778,-0.82694453,12.39081
1102,ship__p0__s7,taboo,10,1,0,0.2873391,0.60660464,0.59415275,119.86286,0.9089757,-0.8073322,14.070016
1103,ship__p0__s7,taboo,11,1,0,0.01638423,0.109848924,0.6230343,117.907745,0.9042051,-0.81912583,13.489293
1104,ship__p0__s7,taboo,12,1,0,0.00381409,0.03566303,0.2951585,137.2826,0.8799626,-0.8109255,14.568638
1105,ship__p0__s7,taboo,13,1,0,0.14108272,0.52191675,1.3872449,106.56144,0.8797796,-0.8169304,13.085635
1106,ship__p0__s7,taboo,14,1,0,0.22226693,0.8375492,1.9909393,172.28773,0.8788983,-0.8058689,14.112196
1107,ship__p0__s7,taboo,15,1,0,0.02724622,0.13146232,0.44896293,134.76617,0.88354546,-0.8196452,11.777848
1108,ship__p0__s7,taboo,16,1,0,0.016607726,0.1216003,0.75425065,148.66826,0.887038,-0.8217438,11.777353
1109,ship__p0__s7,taboo,17,1,0,0.04167132,0.19471537,0.6809836,121.20699,0.8875111,-0.8346596,10.979451
1110,ship__p0__s7,taboo,18,1,0,0.0126214065,0.06850293,0.25633854,149.21283,0.872101,-0.8296072,11.95304
1111,ship__p0__s7,taboo,19,1,0,0.30831137,1.1855925,3.1278176,127.54952,0.8726407,-0.83717346,11.27383
1112,ship__p0__s7,taboo,20,1,0,0.00033837793,0.004544592,0.05703849,148.56824,0.8683932,-0.8266875,12.531228
1113,ship__p0__s7,taboo,21,1,0,1.1951826,2.1758883,1.7853825,206.37907,0.86264366,-0.7982518,14.149852
1114,ship__p0__s7,taboo,22,1,0,0.4341787,1.5270131,3.0902238,188.74792,0.87557566,-0.8201672,12.499386
1115,ship__p0__s7,taboo,23,1,0,0.000076291035,0.001042106,0.012789199,152.5185,0.87008494,-0.80929226,13.85439
1116,ship__p0__s7,taboo,24,1,0,0.046729762,0.25337905,1.1192572,156.07068,0.86342645,-0.8111316,13.434283
1117,ship__p0__s7,taboo,25,1,0,1.2092642,1.2108866,0.593094,128.06914,0.86739415,-0.8227087,12.784865
1118,ship__p0__s7,taboo,26,1,0,0.8524802,1.5905776,1.6667356,162.26064,0.8645727,-0.8145486,13.398531
1119,ship__p0__s7,taboo,27,1,0,0.0002636562,0.0031679193,0.0341026,108.434586,0.86883175,-0.81690186,13.175855
1120,ship__p0__s7,taboo,28,1,0,0.007424737,0.062074173,0.42463088,118.107704,0.8591884,-0.7941745,15.704605
1121,ship__p0__s7,taboo,29,1,0,0.5163596,0.90509593,1.2172346,97.72041,0.8636182,-0.8132027,13.419858
1122,ship__p1__s0,taboo,0,1,0,0.9528935,4.882047,13.484234,247.22289,0.9731773,-0.82072,11.529301
1123,ship__p1__s0,taboo,1,1,0,0.91632175,1.9840624,2.9423456,178.95584,0.9513455,-0.83348316,10.76613
1124,ship__p1__s0,taboo,2,1,0,0.020736096,0.14937879,0.9049221,181.68956,0.94791937,-0.87173027,7.7040105
1125,ship__p1__s0,taboo,3,1,0,0.016439466,0.1298621,0.8410952,156.98787,0.9221384,-0.8122277,13.596816
1126,ship__p1__s0,taboo,4,1,0,0.0075393897,0.04982437,0.2708702,104.41315,0.9254033,-0.8416613,10.682739
1127,ship__p1__s0,taboo,5,1,0,0.06780553,0.4014353,1.8751739,178.48885,0.9151364,-0.8287446,11.895601
1128,ship__p1__s0,taboo,6,1,0,0.0949022,0.49576744,1.8697288,133.6522,0.9058087,-0.83266634,11.551345
1129,ship__p1__s0,taboo,7,1,0,0.010541944,0.063009664,0.28576866,149.54579,0.9152851,-0.83203477,11.80778
1130,ship__p1__s0,taboo,8,1,0,0.9219609,2.300811,3.7221828,184.82626,0.9187377,-0.83880657,11.100391
1131,ship__p1__s0,taboo,9,1,0,0.46481705,0.87357104,1.2233045,120.59675,0.9073479,-0.8179879,13.064867
1132,ship__p1__s0,taboo,10,1,0,0.005319133,0.048885338,0.3890794,111.50987,0.89921016,-0.82531923,12.413101
1133,ship__p1__s0,taboo,11,1,0,0.002875957,0.03089641,0.2953984,158.73727,0.89006865,-0.82741195,12.457855
1134,ship__p1__s0,taboo,12,1,0,0.25248218,1.0655694,2.9593425,93.72381,0.88038975,-0.8319794,11.611274
1135,ship__p1__s0,taboo,13,1,0,1.3077612,2.179864,1.8347147,144.67209,0.87235236,-0.81486285,13.163839
1136,ship__p1__s0,taboo,14,1,0,0.079367094,0.39345443,1.3399215,133.97389,0.8886363,-0.8378663,11.5251045
1137,ship__p1__s0,taboo,15,1,0,0.42309466,1.0944839,1.4975004,106.74301,0.88240516,-0.83027947,12.642998
1138,ship__p1__s0,taboo,16,1,0,0.87426084,1.4213846,1.9672482,163.74345,0.87990654,-0.8231436,12.901702
1139,ship__p1__s0,taboo,17,1,0,0.095839456,0.58600014,2.8080235,162.17058,0.8779338,-0.82637435,13.004294
1140,ship__p1__s0,taboo,18,1,0,0.36803576,1.0811477,2.1438215,84.80944,0.8659486,-0.8122949,15.151359
1141,ship__p1__s0,taboo,19,1,0,0.050598647,0.3193386,1.5570306,161.46844,0.86312187,-0.80716676,15.51602
1142,ship__p1__s0,taboo,20,1,0,0.75671333,2.0563984,3.4795828,160.86694,0.86989194,-0.80872357,15.974123
1143,ship__p1__s0,taboo,21,1,0,0.04828534,0.2659637,1.1268569,126.50438,0.86618704,-0.8026959,16.680187
1144,ship__p1__s0,taboo,22,1,0,0.48296517,0.9673821,0.5599425,110.65462,0.8492518,-0.7759969,19.952404
1145,ship__p1__s0,taboo,23,1,0,0.003488053,0.030697372,0.23027422,107.29121,0.8629481,-0.79745024,17.599579
1146,ship__p1__s0,taboo,24,1,0,0.0011155341,0.011473688,0.10865136,157.21545,0.8393468,-0.7843435,19.637829
1147,ship__p1__s0,taboo,25,1,0,0.7915296,0.8765968,0.80752826,203.77892,0.8494895,-0.803277,13.346958
1148,ship__p1__s0,taboo,26,1,0,0.21997644,0.9328016,2.671667,186.86284,0.87546515,-0.835596,11.258619
1149,ship__p1__s0,taboo,27,1,0,0.00043537674,0.0043851407,0.03817377,160.82121,0.85240746,-0.8073792,13.515031
1150,ship__p1__s0,taboo,28,1,0,0.044298,0.25159138,1.1165252,159.46724,0.8486114,-0.8091704,13.383654
1151,ship__p1__s0,taboo,29,1,0,0.79419553,1.1850857,0.6541718,92.75592,0.85341305,-0.81902283,12.490114
1152,ship__p1__s1,taboo,0,1,0,0.9528935,4.882047,13.484234,247.22289,0.9731773,-0.82072,11.529301
1153,ship__p1__s1,taboo,1,1,0,0.91632175,1.9840624,2.9423456,178.95584,0.9513455,-0.83348316,10.76613
1154,ship__p1__s1,taboo,2,1,0,0.020736096,0.14937879,0.9049221,181.68956,0.94791937,-0.87173027,7.7040105
1155,ship__p1__s1,taboo,3,1,0,0.016439466,0.1298621,0.8410952,156.98787,0.9221384,-0.8122277,13.596816
1156,ship__p1__s1,taboo,4,1,0,0.0075393897,0.04982437,0.2708702,104.41315,0.9254033,-0.8416613,10.682739
1157,ship__p1__s1,taboo,5,1,0,0.06780553,0.4014353,1.8751739,178.48885,0.9151364,-0.8287446,11.895601
1158,ship__p1__s1,taboo,6,1,0,0.0949022,0.49576744,1.8697288,133.6522,0.9058087,-0.83266634,11.551345
1159,ship__p1__s1,taboo,7,1,0,0.010541944,0.063009664,0.28576866,149.54579,0.9152851,-0.83203477,11.80778
1160,ship__p1__s1,taboo,8,1,0,0.9219609,2.300811,3.7221828,184.82626,0.9187377,-0.83880657,11.100391
1161,ship__p1__s1,taboo,9,1,0,0.46481705,0.87357104,1.2233045,120.59675,0.9073479,-0.8179879,13.064867
1162,ship__p1__s1,taboo,10,1,0,0.005319133,0.048885338,0.3890794,111.50987,0.89921016,-0.82531923,12.413101
1163,ship__p1__s1,taboo,11,1,0,0.002875957,0.03089641,0.2953984,158.73727,0.89006865,-0.82741195,12.457855
1164,ship__p1__s1,taboo,12,1,0,0.25248218,1.0655694,2.9593425,93.72381,0.88038975,-0.8319794,11.611274
1165,ship__p1__s1,taboo,13,1,0,1.3077612,2.179864,1.8347147,144.67209,0.87235236,-0.81486285,13.163839
1166,ship__p1__s1,taboo,14,1,0,0.079367094,0.39345443,1.3399215,133.97389,0.8886363,-0.8378663,11.5251045
1167,ship__p1__s1,taboo,15,1,0,1.5480946,1.0944839,1.4975004,110.58008,0.87741023,-0.81929505,13.556469
1168,ship__p1__s1,taboo,16,1,0,0.15041915,0.7183529,2.408717,161.53403,0.8783246,-0.8219085,13.632837
1169,ship__p1__s1,taboo,17,1,0,0.48250252,1.3466792,2.1645634,166.98741,0.871427,-0.8090009,15.608838
1170,ship__p1__s1,taboo,18,1,0,0.9912983,1.6757191,1.9115726,156.31493,0.8731612,-0.8112956,15.657451
1171,ship__p1__s1,taboo,19,1,0,0.05018696,0.23368941,0.80221665,128.74564,0.868222,-0.8049041,16.479248
1172,ship__p1__s1,taboo,20,1,0,0.27583498,0.7525002,0.86205244,111.78479,0.8488476,-0.7757559,19.556679
1173,ship__p1__s1,taboo,21,1,0,0.0030458034,0.02655308,0.1976286,106.92994,0.8669287,-0.80282634,17.197906
1174,ship__p1__s1,taboo,22,1,0,0.0011855486,0.011757917,0.10666573,158.88866,0.8416801,-0.78783673,19.128973
1175,ship__p1__s1,taboo,23,1,0,1.0780768,0.7976187,0.84085596,105.279724,0.8370346,-0.78884286,16.090807
1176,ship__p1__s1,taboo,24,1,0,0.017537523,0.120748185,0.66603607,195.46413,0.8562293,-0.81056064,12.663616
1177,ship__p1__s1,taboo,25,1,0,0.15311657,0.7399303,2.486781,189.93933,0.8799238,-0.84235144,10.798576
1178,ship__p1__s1,taboo,26,1,0,0.0004379982,0.004410176,0.03835984,160.27855,0.85400325,-0.80883545,13.43109
1179,ship__p1__s1,taboo,27,1,0,0.052304246,0.27784953,1.1466511,161.90189,0.85140824,-0.8127055,13.096712
1180,ship__p1__s1,taboo,28,1,0,0.7935267,1.1799889,0.6192571,93.54713,0.8557688,-0.8215707,12.258362
1181,ship__p1__s1,taboo,29,1,0,0.010169713,0.066273145,0.33514708,111.59512,0.8489092,-0.81573164,13.294502
1182,ship__p1__s2,taboo,0,1,0,0.9414058,4.854913,13.558258,247.24857,0.97325814,-0.82088214,11.511385
1183,ship__p1__s2,taboo,1,1,0,1.9294796,2.0015225,2.90159,137.21362,0.9487665,-0.83114576,10.757842
1184,ship__p1__s2,taboo,2,1,0,0.36159313,0.695497,0.69190407,141.08504,0.9461997,-0.8429808,10.178444
1185,ship__p1__s2,taboo,3,1,0,0.81716114,2.385497,4.363063,182.26813,0.9394275,-0.84715384,10.205145
1186,ship__p1__s2,taboo,4,1,0,0.36178342,0.8750611,1.6193135,115.92036,0.925483,-0.82443184,12.37305
1187,ship__p1__s2,taboo,5,1,0,0.0077259536,0.06753084,0.5133139,113.98245,0.9150807,-0.83106226,11.800734
1188,ship__p1__s2,taboo,6,1,0,0.0034767676,0.037141375,0.35295433,153.17836,0.90504336,-0.831415,11.685913
1189,ship__p1__s2,taboo,7,1,0,0.38000342,1.2392073,2.832531,93.848015,0.89760107,-0.8382239,10.565705
1190,ship__p1__s2,taboo,8,1,0,0.5544765,1.7432362,2.7402987,154.8914,0.8955414,-0.8338084,11.448202
1191,ship__p1__s2,taboo,9,1,0,0.8128421,0.9699828,1.0808966,131.31566,0.88909775,-0.82800627,11.25305
1192,ship__p1__s2,taboo,10,1,0,0.12862173,0.67641383,2.6557353,158.57214,0.88067824,-0.82405376,11.937368
1193,ship__p1__s2,taboo,11,1,0,1.0551449,1.2830747,0.7165574,121.8851,0.8828134,-0.8339414,11.314259
1194,ship__p1__s2,taboo,12,1,0,1.8885849,1.525707,2.1420598,129.58594,0.886079,-0.8442527,10.618562
1195,ship__p1__s2,taboo,13,1,0,0.23036364,0.7966322,1.6015149,116.53767,0.8808197,-0.8354153,12.229749
1196,ship__p1__s2,taboo,14,1,0,1.8700521,1.7120147,2.0837083,177.80428,0.87338305,-0.826158,12.619617
1197,ship__p1__s2,taboo,15,1,0,0.10938489,0.55115736,2.018593,117.906166,0.8613614,-0.7995212,14.86271
1198,ship__p1__s2,taboo,16,1,0,0.10506859,0.56915885,2.576707,180.86888,0.87376064,-0.8273487,12.727884
1199,ship__p1__s2,taboo,17,1,1,1.102837,1.9717538,1.1448278,250.39137,0.86306477,-0.79527014,14.836994
1200,ship__p1__s2,taboo,18,1,0,0.70776564,2.044907,3.3299727,217.8121,0.8789903,-0.8332756,11.162205
1201,ship__p1__s2,taboo,19,1,0,0.00016282663,0.0020649175,0.023805676,135.92314,0.8709134,-0.8261903,12.262226
1202,ship__p1__s2,taboo,20,1,0,0.00058514636,0.006858971,0.0707475,154.54016,0.87068975,-0.8327924,12.113373
1203,ship__p1__s2,taboo,21,1,0,0.23070149,0.8006518,1.5992795,119.151855,0.85695827,-0.80999005,14.9159975
1204,ship__p1__s2,taboo,22,1,0,0.013581375,0.11759203,0.8868122,157.53827,0.86390936,-0.824914,13.766493
1205,ship__p1__s2,taboo,23,1,0,0.71090597,0.8044304,0.5396056,160.13837,0.8645297,-0.81066304,14.872424
1206,ship__p1__s2,taboo,24,1,0,0.30087095,1.0210955,2.0470946,114.7198,0.86193836,-0.78790337,17.840097
1207,ship__p1__s2,taboo,25,1,0,0.02319315,0.19527814,1.4274106,165.11737,0.85651845,-0.80401975,16.995628
1208,ship__p1__s2,taboo,26,1,0,1.8147427,1.4514214,1.9477346,183.52501,0.86146635,-0.8275542,13.619111
1209,ship__p1__s2,taboo,27,1,0,0.60195667,1.6359017,1.9791818,91.20596,0.86314714,-0.8340521,12.900174
1210,ship__p1__s2,taboo,28,1,0,0.020697214,0.12878281,0.59952545,92.90866,0.853679,-0.81350166,15.250126
1211,ship__p1__s2,taboo,29,1,0,0.02630068,0.19076544,1.1015627,148.66261,0.8614719,-0.82505715,14.130734
1212,ship__p1__s3,taboo,0,1,0,0.9528935,4.882047,13.484234,247.22289,0.9731773,-0.82072,11.529301
1213,ship__p1__s3,taboo,1,1,0,1.5413218,1.9840624,2.9423456,190.44609,0.9566647,-0.8515362,9.5231
1214,ship__p1__s3,taboo,2,1,0,0.3795135,0.97860426,1.2532175,173.31741,0.93675184,-0.83795404,10.856007
1215,ship__p1__s3,taboo,3,1,0,0.2123231,0.70762,1.5407673,134.82759,0.9259225,-0.83020365,11.9745455
1216,ship__p1__s3,taboo,4,1,0,0.024079723,0.15602633,0.8291518,166.97267,0.927762,-0.84911025,9.973018
1217,ship__p1__s3,taboo,5,1,0,0.020128978,0.120142594,0.5733337,143.78271,0.91778094,-0.81671315,13.266741
1218,ship__p1__s3,taboo,6,1,0,0.59350526,1.6618228,3.9628012,169.66197,0.91842514,-0.83175105,12.334509
1219,ship__p1__s3,taboo,7,1,0,0.0800598,0.4157032,1.5406104,148.07846,0.90511453,-0.81958437,12.942484
1220,ship__p1__s3,taboo,8,1,0,0.0024429497,0.02229283,0.1792341,158.02794,0.9069074,-0.8133373,13.344131
1221,ship__p1__s3,taboo,9,1,0,0.31547984,1.3703369,3.9916792,179.47063,0.9133286,-0.82309496,12.4237
1222,ship__p1__s3,taboo,10,1,0,0.1800433,0.62790716,1.406553,120.357925,0.91047996,-0.80874646,13.737552
1223,ship__p1__s3,taboo,11,1,0,0.0059567546,0.05387711,0.42428777,117.84316,0.90099955,-0.8195158,12.869725
1224,ship__p1__s3,taboo,12,1,0,0.004874964,0.04858856,0.42747217,149.24669,0.8817695,-0.8117904,14.142083
1225,ship__p1__s3,taboo,13,1,0,0.19061251,0.7066443,1.8291013,106.9902,0.87704504,-0.8183328,13.0556965
1226,ship__p1__s3,taboo,14,1,0,0.354897,1.103184,2.0524848,172.00903,0.87506527,-0.80765486,13.967746
1227,ship__p1__s3,taboo,15,1,0,0.035998445,0.1688849,0.5749572,133.14165,0.8782116,-0.8211628,11.5638895
1228,ship__p1__s3,taboo,16,1,0,0.01576637,0.11757442,0.7516888,149.5051,0.8800185,-0.82016677,11.822317
1229,ship__p1__s3,taboo,17,1,0,0.042876232,0.20390736,0.73758006,120.34316,0.88575476,-0.83900833,10.636179
1230,ship__p1__s3,taboo,18,1,0,0.014293432,0.07581385,0.27575225,150.08043,0.867764,-0.82889414,12.029965
1231,ship__p1__s3,taboo,19,1,0,0.28661123,1.1871967,3.410405,131.31982,0.8696564,-0.8368847,11.242521
1232,ship__p1__s3,taboo,20,1,0,0.0003326578,0.004594359,0.059399076,149.83092,0.86372715,-0.82696974,12.509422
1233,ship__p1__s3,taboo,21,1,0,0.91969633,1.9928001,2.007453,204.91202,0.85611635,-0.7976383,14.08667
1234,ship__p1__s3,taboo,22,1,0,0.33444598,1.3016493,3.154,187.75328,0.87374794,-0.8263081,11.974153
1235,ship__p1__s3,taboo,23,1,0,0.00009583968,0.0012842986,0.015409161,155.45753,0.86047894,-0.80236113,14.636404
1236,ship__p1__s3,taboo,24,1,0,0.04406407,0.26171368,1.266541,161.20778,0.8551992,-0.80900544,13.577761
1237,ship__p1__s3,taboo,25,1,0,1.0790929,1.2245195,0.65188634,99.67402,0.8603912,-0.82164395,12.3104725
1238,ship__p1__s3,taboo,26,1,0,0.017226124,0.09904476,0.42646188,114.56057,0.8549152,-0.81706935,13.180106
1239,ship__p1__s3,taboo,27,1,0,0.008095901,0.055895805,0.30441695,155.31728,0.8627615,-0.82720274,12.517069
1240,ship__p1__s3,taboo,28,1,0,0.000105256266,0.0013183804,0.015183447,141.34993,0.85892874,-0.81657714,13.760665
1241,ship__p1__s3,taboo,29,1,0,0.6127905,1.2603135,1.351984,151.23312,0.85709643,-0.8155578,13.773432
1242,ship__p1__s4,taboo,0,1,0,0.9528935,4.882047,13.484234,247.22289,0.9731773,-0.82072,11.529301
1243,ship__p1__s4,taboo,1,1,0,1.5413218,1.9840624,2.9423456,190.44609,0.9566647,-0.8515362,9.5231
1244,ship__p1__s4,taboo,2,1,0,0.3795135,0.97860426,1.2532175,173.31741,0.93675184,-0.83795404,10.856007
1245,ship__p1__s4,taboo,3,1,0,0.2123231,0.70762,1.5407673,134.82759,0.9259225,-0.83020365,11.9745455
1246,ship__p1__s4,taboo,4,1,0,0.024079723,0.15602633,0.8291518,166.97267,0.927762,-0.84911025,9.973018
1247,ship__p1__s4,taboo,5,1,0,0.020128978,0.120142594,0.5733337,143.78271,0.91778094,-0.81671315,13.266741
1248,ship__p1__s4,taboo,6,1,0,0.59350526,1.6618228,3.9628012,169.66197,0.91842514,-0.83175105,12.334509
1249,ship__p1__s4,taboo,7,1,0,0.0800598,0.4157032,1.5406104,148.07846,0.90511453,-0.81958437,12.942484
1250,ship__p1__s4,taboo,8,1,0,0.0024429497,0.02229283,0.1792341,158.02794,0.9069074,-0.8133373,13.344131
1251,ship__p1__s4,taboo,9,1,0,0.31547984,1.3703369,3.9916792,179.47063,0.9133286,-0.82309496,12.4237
1252,ship__p1__s4,taboo,10,1,0,0.1800433,0.62790716,1.406553,120.357925,0.91047996,-0.80874646,13.737552
1253,ship__p1__s4,taboo,11,1,0,0.0059567546,0.05387711,0.42428777,117.84316,0.90099955,-0.8195158,12.869725
1254,ship__p1__s4,taboo,12,1,0,0.004874964,0.04858856,0.42747217,149.24669,0.8817695,-0.8117904,14.142083
1255,ship__p1__s4,taboo,13,1,0,0.19061251,0.7066443,1.8291013,106.9902,0.87704504,-0.8183328,13.0556965
1256,ship__p1__s4,taboo,14,1,0,0.354897,1.103184,2.0524848,172.00903,0.87506527,-0.80765486,13.967746
1257,ship__p1__s4,taboo,15,1,0,0.035998445,0.1688849,0.5749572,133.14165,0.8782116,-0.8211628,11.5638895
1258,ship__p1__s4,taboo,16,1,0,0.01576637,0.11757442,0.7516888,149.5051,0.8800185,-0.82016677,11.822317
1259,ship__p1__s4,taboo,17,1,0,0.042876232,0.20390736,0.73758006,120.34316,0.88575476,-0.83900833,10.636179
1260,ship__p1__s4,taboo,18,1,0,0.014293432,0.07581385,0.27575225,150.08043,0.867764,-0.82889414,12.029965
1261,ship__p1__s4,taboo,19,1,0,0.28661123,1.1871967,3.410405,131.31982,0.8696564,-0.8368847,11.242521
1262,ship__p1__s4,taboo,20,1,0,0.0003326578,0.004594359,0.059399076,149.83092,0.86372715,-0.82696974,12.509422
1263,ship__p1__s4,taboo,21,1,0,2.4196963,1.9928001,2.007453,219.93253,0.8634159,-0.81826156,12.188957
1264,ship__p1__s4,taboo,22,1,0,1.0470222,3.2959883,7.2565093,230.55019,0.8656092,-0.8187796,12.435036
1265,ship__p1__s4,taboo,23,1,0,0.35481498,1.1933455,3.0410547,180.64977,0.88712406,-0.855648,9.389235
1266,ship__p1__s4,taboo,24,1,0,1.635928,2.3797584,2.6750274,189.67058,0.8634243,-0.83396405,12.108164
1267,ship__p1__s4,taboo,25,1,0,0.009210242,0.062073745,0.34965685,134.97351,0.8863059,-0.8482463,11.911031
1268,ship__p1__s4,taboo,26,1,0,0.00049912394,0.0063443887,0.07364775,137.94748,0.85021794,-0.81852645,14.426817
1269,ship__p1__s4,taboo,27,1,0,1.8742511,1.4769104,2.617518,156.82835,0.86217594,-0.8298831,13.200305
1270,ship__p1__s4,taboo,28,1,0,0.31316692,0.85317236,1.4769359,102.056786,0.8662388,-0.83798236,12.713656
1271,ship__p1__s4,taboo,29,1,0,0.0774741,0.3131202,0.9110602,109.82549,0.8481972,-0.80352765,16.433867
1272,ship__p1__s5,taboo,0,1,0,0.9528935,4.882047,13.484234,247.22289,0.9731773,-0.82072,11.529301
1273,ship__p1__s5,taboo,1,1,0,0.91632175,1.9840624,2.9423456,178.95584,0.9513455,-0.83348316,10.76613
1274,ship__p1__s5,taboo,2,1,0,0.020736096,0.14937879,0.9049221,181.68956,0.94791937,-0.87173027,7.7040105
1275,ship__p1__s5,taboo,3,1,0,0.016439466,0.1298621,0.8410952,156.98787,0.9221384,-0.8122277,13.596816
1276,ship__p1__s5,taboo,4,1,0,0.0075393897,0.04982437,0.2708702,104.41315,0.9254033,-0.8416613,10.682739
1277,ship__p1__s5,taboo,5,1,0,0.06780553,0.4014353,1.8751739,178.48885,0.9151364,-0.8287446,11.895601
1278,ship__p1__s5,taboo,6,1,0,0.0949022,0.49576744,1.8697288,133.6522,0.9058087,-0.83266634,11.551345
1279,ship__p1__s5,taboo,7,1,0,0.010541944,0.063009664,0.28576866,149.54579,0.9152851,-0.83203477,11.80778
1280,ship__p1__s5,taboo,8,1,0,0.9219609,2.300811,3.7221828,184.82626,0.9187377,-0.83880657,11.100391
1281,ship__p1__s5,taboo,9,1,0,0.46481705,0.87357104,1.2233045,120.59675,0.9073479,-0.8179879,13.064867
1282,ship__p1__s5,taboo,10,1,0,0.005319133,0.048885338,0.3890794,111.50987,0.89921016,-0.82531923,12.413101
1283,ship__p1__s5,taboo,11,1,0,0.002875957,0.03089641,0.2953984,158.73727,0.89006865,-0.82741195,12.457855
1284,ship__p1__s5,taboo,12,1,0,0.25248218,1.0655694,2.9593425,93.72381,0.88038975,-0.8319794,11.611274
1285,ship__p1__s5,taboo,13,1,0,2.6827612,2.179864,1.8347147,169.40419,0.88963085,-0.835477,11.020655
1286,ship__p1__s5,taboo,14,1,0,1.2175267,1.4131835,1.476542,114.46156,0.8797726,-0.82182926,13.16677
1287,ship__p1__s5,taboo,15,1,0,0.13972574,0.71245384,2.6031795,161.49359,0.87818205,-0.8211546,13.591219
1288,ship__p1__s5,taboo,16,1,0,0.5457786,1.458154,2.3339179,166.73369,0.8719599,-0.8083436,15.638009
1289,ship__p1__s5,taboo,17,1,0,2.185039,1.7003338,2.0677867,179.95294,0.86729896,-0.80375475,16.432447
1290,ship__p1__s5,taboo,18,1,0,0.764111,1.2683089,0.9307256,156.67438,0.85856175,-0.8017635,17.306486
1291,ship__p1__s5,taboo,19,1,0,0.756271,1.2362788,1.0824509,164.30054,0.87328357,-0.81250614,15.893517
1292,ship__p1__s5,taboo,20,1,0,0.07493999,0.4426139,1.9439038,128.93874,0.86138284,-0.8002599,17.00149
1293,ship__p1__s5,taboo,21,1,0,0.09630803,0.4434831,1.639652,155.34596,0.87600935,-0.8157318,15.827147
1294,ship__p1__s5,taboo,22,1,0,0.083457805,0.31809098,0.9289307,152.9911,0.8533216,-0.8002297,17.594973
1295,ship__p1__s5,taboo,23,1,0,0.27249914,1.0862653,2.59278,216.38045,0.85589296,-0.80685467,12.964645
1296,ship__p1__s5,taboo,24,1,0,0.18625936,0.8469645,2.5717432,192.82141,0.8875033,-0.8496093,10.569618
1297,ship__p1__s5,taboo,25,1,0,0.00058657606,0.005214463,0.03829,168.4298,0.85422695,-0.8080377,13.3614645
1298,ship__p1__s5,taboo,26,1,0,0.04642869,0.24653593,1.0347592,163.35638,0.8510106,-0.8113947,13.214408
1299,ship__p1__s5,taboo,27,1,0,0.97374296,1.2328582,0.5647652,92.65623,0.85557634,-0.82083887,12.342019
1300,ship__p1__s5,taboo,28,1,0,0.010900829,0.069579415,0.344907,111.13563,0.85001904,-0.81692374,13.195932
1301,ship__p1__s5,taboo,29,1,0,0.018043894,0.107631035,0.48310888,151.20625,0.85865533,-0.82724667,12.615917
1302,ship__p1__s6,taboo,0,1,0,0.9607756,4.902726,13.444285,247.31694,0.97331274,-0.8209904,11.508115
1303,ship__p1__s6,taboo,1,1,0,1.9166981,1.9860668,2.9495707,136.81776,0.94874674,-0.8310323,10.762846
1304,ship__p1__s6,taboo,2,1,0,1.236578,0.69539404,0.69177145,143.57486,0.9436108,-0.8496868,9.360522
1305,ship__p1__s6,taboo,3,1,0,2.4695377,2.34168,4.559534,172.42705,0.933514,-0.84307206,10.524499
1306,ship__p1__s6,taboo,4,1,0,2.2526717,2.2230568,2.3151863,113.824646,0.9153371,-0.83458084,11.047535
1307,ship__p1__s6,taboo,5,1,0,0.23464493,0.8697463,2.6243286,167.33392,0.91074306,-0.84690636,10.38038
1308,ship__p1__s6,taboo,6,1,0,2.270245,1.7197478,3.106153,164.46959,0.9058354,-0.8207966,13.870285
1309,ship__p1__s6,taboo,7,1,0,0.17762306,0.6753665,1.7381622,127.97065,0.89450943,-0.8036606,15.984568
1310,ship__p1__s6,taboo,8,1,0,0.062711105,0.32056144,1.2883025,112.082016,0.89610445,-0.80681956,15.929719
1311,ship__p1__s6,taboo,9,1,0,0.011144888,0.07814014,0.4867714,169.03845,0.88074607,-0.8037036,16.124775
1312,ship__p1__s6,taboo,10,1,0,2.216835,2.665522,2.266248,176.74796,0.8871988,-0.81424135,12.667871
1313,ship__p1__s6,taboo,11,1,0,0.91505164,1.8476119,2.2997403,187.84338,0.891017,-0.82602257,12.189515
1314,ship__p1__s6,taboo,12,1,0,0.32382908,1.1253655,2.5602424,174.80687,0.90969914,-0.850624,10.2264
1315,ship__p1__s6,taboo,13,1,0,0.05506103,0.21107247,0.45436895,195.9024,0.8789828,-0.81794167,13.675674
1316,ship__p1__s6,taboo,14,1,0,1.6681273,1.4542422,2.6830192,172.69406,0.88387585,-0.82409763,13.346174
1317,ship__p1__s6,taboo,15,1,0,0.83172894,1.3777854,1.4533994,141.94485,0.8799258,-0.799424,17.03202
1318,ship__p1__s6,taboo,16,1,0,0.73282796,1.5921377,2.1217465,116.165726,0.88204145,-0.8108267,16.32778
1319,ship__p1__s6,taboo,17,1,0,0.09540611,0.4690301,1.8175898,157.83522,0.8768455,-0.8140237,15.205668
1320,ship__p1__s6,taboo,18,1,0,0.42583188,0.9900286,1.5643121,149.76602,0.8736306,-0.82783765,13.969947
1321,ship__p1__s6,taboo,19,1,0,1.7339865,1.623661,1.0785265,148.1082,0.8659858,-0.79669815,16.877167
1322,ship__p1__s6,taboo,20,1,0,0.0028983036,0.023469651,0.15587467,143.13269,0.85627526,-0.80163825,16.966753
1323,ship__p1__s6,taboo,21,1,0,0.40580878,1.3533803,2.5633657,218.08571,0.8534468,-0.7879527,15.625011
1324,ship__p1__s6,taboo,22,1,0,1.7647982,2.1520755,2.5697136,189.64859,0.86671704,-0.8232829,13.032587
1325,ship__p1__s6,taboo,23,1,0,0.002333301,0.022215422,0.18349764,146.48306,0.8722999,-0.8262475,13.237492
1326,ship__p1__s6,taboo,24,1,0,1.1960324,2.16897,1.4780397,113.615486,0.8634836,-0.8183861,13.916067
1327,ship__p1__s6,taboo,25,1,0,0.0015175743,0.015480338,0.13604829,160.59363,0.8759484,-0.84149754,11.69475
1328,ship__p1__s6,taboo,26,1,0,0.5136832,1.1465721,1.1913662,161.41025,0.8658291,-0.8215637,14.313639
1329,ship__p1__s6,taboo,27,1,0,1.9378495,2.2298284,2.7360022,163.3787,0.86408067,-0.8170562,14.303384
1330,ship__p1__s6,taboo,28,1,0,0.36472163,1.0389245,1.5880263,84.821724,0.8614161,-0.8124566,14.960854
1331,ship__p1__s6,taboo,29,1,0,0.10261182,0.43754557,1.2984416,125.089584,0.86160475,-0.8208892,14.409421
1332,ship__p1__s7,taboo,0,1,0,0.9528935,4.882047,13.484234,247.22289,0.9731773,-0.82072,11.529301
1333,ship__p1__s7,taboo,1,1,0,1.5413218,1.9840624,2.9423456,190.44609,0.9566647,-0.8515362,9.5231
1334,ship__p1__s7,taboo,2,1,0,0.3795135,0.97860426,1.2532175,173.31741,0.93675184,-0.83795404,10.856007
1335,ship__p1__s7,taboo,3,1,0,0.2123231,0.70762,1.5407673,134.82759,0.9259225,-0.83020365,11.9745455
1336,ship__p1__s7,taboo,4,1,0,0.024079723,0.15602633,0.8291518,166.97267,0.927762,-0.84911025,9.973018
1337,ship__p1__s7,taboo,5,1,0,0.020128978,0.120142594,0.5733337,143.78271,0.91778094,-0.81671315,13.266741
1338,ship__p1__s7,taboo,6,1,0,0.59350526,1.6618228,3.9628012,169.66197,0.91842514,-0.83175105,12.334509
1339,ship__p1__s7,taboo,7,1,0,0.0800598,0.4157032,1.5406104,148.07846,0.90511453,-0.81958437,12.942484
1340,ship__p1__s7,taboo,8,1,0,0.0024429497,0.02229283,0.1792341,158.02794,0.9069074,-0.8133373,13.344131
1341,ship__p1__s7,taboo,9,1,0,0.31547984,1.3703369,3.9916792,179.47063,0.9133286,-0.82309496,12.4237
1342,ship__p1__s7,taboo,10,1,0,0.1800433,0.62790716,1.406553,120.357925,0.91047996,-0.80874646,13.737552
1343,ship__p1__s7,taboo,11,1,0,0.0059567546,0.05387711,0.42428777,117.84316,0.90099955,-0.8195158,12.869725
1344,ship__p1__s7,taboo,12,1,0,0.004874964,0.04858856,0.42747217,149.24669,0.8817695,-0.8117904,14.142083
1345,ship__p1__s7,taboo,13,1,0,0.19061251,0.7066443,1.8291013,106.9902,0.87704504,-0.8183328,13.0556965
1346,ship__p1__s7,taboo,14,1,0,0.354897,1.103184,2.0524848,172.00903,0.87506527,-0.80765486,13.967746
1347,ship__p1__s7,taboo,15,1,0,0.035998445,0.1688849,0.5749572,133.14165,0.8782116,-0.8211628,11.5638895
1348,ship__p1__s7,taboo,16,1,0,0.01576637,0.11757442,0.7516888,149.5051,0.8800185,-0.82016677,11.822317
1349,ship__p1__s7,taboo,17,1,0,0.042876232,0.20390736,0.73758006,120.34316,0.88575476,-0.83900833,10.636179
1350,ship__p1__s7,taboo,18,1,0,0.014293432,0.07581385,0.27575225,150.08043,0.867764,-0.82889414,12.029965
1351,ship__p1__s7,taboo,19,1,0,0.28661123,1.1871967,3.410405,131.31982,0.8696564,-0.8368847,11.242521
1352,ship__p1__s7,taboo,20,1,0,0.0003326578,0.004594359,0.059399076,149.83092,0.86372715,-0.82696974,12.509422
1353,ship__p1__s7,taboo,21,1,0,0.91969633,1.9928001,2.007453,204.91202,0.85611635,-0.7976383,14.08667
1354,ship__p1__s7,taboo,22,1,0,0.33444598,1.3016493,3.154,187.75328,0.87374794,-0.8263081,11.974153
1355,ship__p1__s7,taboo,23,1,0,0.00009583968,0.0012842986,0.015409161,155.45753,0.86047894,-0.80236113,14.636404
1356,ship__p1__s7,taboo,24,1,0,0.04406407,0.26171368,1.266541,161.20778,0.8551992,-0.80900544,13.577761
1357,ship__p1__s7,taboo,25,1,0,1.0790929,1.2245195,0.65188634,99.67402,0.8603912,-0.82164395,12.3104725
1358,ship__p1__s7,taboo,26,1,0,0.017226124,0.09904476,0.42646188,114.56057,0.8549152,-0.81706935,13.180106
1359,ship__p1__s7,taboo,27,1,0,0.008095901,0.055895805,0.30441695,155.31728,0.8627615,-0.82720274,12.517069
1360,ship__p1__s7,taboo,28,1,0,0.000105256266,0.0013183804,0.015183447,141.34993,0.85892874,-0.81657714,13.760665
1361,ship__p1__s7,taboo,29,1,0,1.9877906,1.2603135,1.351984,174.02779,0.8640775,-0.8289793,12.39953
1362,ship__p2__s0,taboo,0,1,1,0.59290504,2.4882002,9.150772,255.97896,0.97452366,-0.8203439,11.7234535
1363,ship__p2__s0,taboo,1,1,0,0.91401345,1.9949367,2.7983344,167.65567,0.95608604,-0.83525896,10.469948
1364,ship__p2__s0,taboo,2,1,0,0.029709684,0.21377584,1.3225051,184.39053,0.94882107,-0.86889523,7.825667
1365,ship__p2__s0,taboo,3,1,0,0.018219262,0.14190303,0.90014625,156.51787,0.92188996,-0.80537283,14.050438
1366,ship__p2__s0,taboo,4,1,0,0.0048935884,0.035938844,0.2241242,102.983665,0.92712754,-0.84168,10.694237
1367,ship__p2__s0,taboo,5,1,0,0.08122639,0.4460208,1.9523908,176.0166,0.9165973,-0.8277057,11.8820505
1368,ship__p2__s0,taboo,6,1,0,0.061680622,0.34963548,1.465522,129.1966,0.9032174,-0.8187027,12.519055
1369,ship__p2__s0,taboo,7,1,0,0.009151891,0.0555594,0.25695542,149.34854,0.91455543,-0.8259841,12.433841
1370,ship__p2__s0,taboo,8,1,0,1.1018182,2.1669574,3.3458,177.68684,0.9170753,-0.8336627,11.618569
1371,ship__p2__s0,taboo,9,1,0,0.5149618,0.8760411,0.97157675,110.772,0.90465254,-0.8156256,13.289291
1372,ship__p2__s0,taboo,10,1,0,0.010128411,0.0774007,0.5094211,105.072655,0.90123,-0.8264521,12.458845
1373,ship__p2__s0,taboo,11,1,0,0.002234464,0.025025606,0.24935302,153.00548,0.88847244,-0.82531416,12.755797
1374,ship__p2__s0,taboo,12,1,0,0.34371632,1.2010678,2.658764,91.417305,0.88083625,-0.82663983,12.021597
1375,ship__p2__s0,taboo,13,1,0,1.090261,2.1943102,1.9315817,142.74478,0.87272483,-0.8063428,13.873924
1376,ship__p2__s0,taboo,14,1,0,0.092471816,0.45100197,1.5123379,132.52213,0.8895859,-0.8337426,11.862631
1377,ship__p2__s0,taboo,15,1,0,0.6423497,1.4015548,1.3971221,107.24997,0.8844583,-0.82854587,12.876127
1378,ship__p2__s0,taboo,16,1,0,0.6890586,1.3867455,2.1594124,160.39671,0.87983316,-0.8224956,13.325724
1379,ship__p2__s0,taboo,17,1,0,0.6198036,1.6364579,2.6631627,164.1656,0.8737408,-0.80682576,15.864986
1380,ship__p2__s0,taboo,18,1,0,1.2766186,2.0799336,2.3269362,159.77438,0.8752244,-0.8080657,15.824591
1381,ship__p2__s0,taboo,19,1,0,0.06007841,0.27954853,0.978445,127.82899,0.8709664,-0.80188894,16.639517
1382,ship__p2__s0,taboo,20,1,0,0.34068537,0.8341341,0.75523186,109.725624,0.8562695,-0.7800512,19.613428
1383,ship__p2__s0,taboo,21,1,0,0.00276481,0.025322393,0.19972283,104.55958,0.87059635,-0.8010683,17.125685
1384,ship__p2__s0,taboo,22,1,0,0.0012730598,0.012987912,0.12270076,157.69603,0.8441451,-0.7852861,19.342943
1385,ship__p2__s0,taboo,23,1,0,0.4974529,0.8095745,0.8040803,202.87108,0.8570338,-0.80287963,13.30821
1386,ship__p2__s0,taboo,24,1,0,0.25555414,0.9384255,2.4812381,184.70895,0.88036084,-0.8351534,11.432051
1387,ship__p2__s0,taboo,25,1,0,0.00035577643,0.0037253643,0.034020253,160.13895,0.85797155,-0.80357265,13.814345
1388,ship__p2__s0,taboo,26,1,0,0.055031586,0.3008619,1.2683182,159.23622,0.8555994,-0.80923223,13.2806635
1389,ship__p2__s0,taboo,27,1,0,0.8541879,1.1588433,0.6335729,93.216255,0.8565807,-0.8164156,12.548565
1390,ship__p2__s0,taboo,28,1,0,0.010380327,0.0684422,0.35562572,110.41418,0.85041314,-0.81148356,13.534133
1391,ship__p2__s0,taboo,29,1,0,0.016506772,0.10115419,0.47513917,151.5143,0.8617176,-0.82598335,12.530901
1392,ship__p2__s1,taboo,0,1,1,0.5895765,2.4885616,9.218986,255.92513,0.97458476,-0.82041407,11.714699
1393,ship__p2__s1,taboo,1,1,0,0.9184376,2.0036929,2.786281,167.5414,0.95618033,-0.83557665,10.441472
1394,ship__p2__s1,taboo,2,1,0,0.02885716,0.20972325,1.3104844,184.48648,0.94873977,-0.86878794,7.8289766
1395,ship__p2__s1,taboo,3,1,0,0.018288206,0.14252165,0.9045546,156.60114,0.92177236,-0.8051743,14.058168
1396,ship__p2__s1,taboo,4,1,0,0.004896198,0.035972178,0.22451864,102.15964,0.9270054,-0.84170115,10.689153
1397,ship__p2__s1,taboo,5,1,0,0.08528249,0.45359036,1.9307152,175.93394,0.9165573,-0.82771015,11.8823185
1398,ship__p2__s1,taboo,6,1,0,0.06365764,0.35710382,1.4761289,129.21846,0.9034253,-0.8191047,12.487447
1399,ship__p2__s1,taboo,7,1,0,0.009152718,0.055569686,0.257079,149.27725,0.914542,-0.82618517,12.413601
1400,ship__p2__s1,taboo,8,1,0,2.3394127,2.1671963,3.3883927,176.29842,0.9106178,-0.8146102,14.37206
1401,ship__p2__s1,taboo,9,1,0,0.5663415,1.4555115,1.8670629,94.88382,0.9032831,-0.78628397,17.962543
1402,ship__p2__s1,taboo,10,1,0,0.38072765,0.8217863,1.4959636,88.678734,0.9035838,-0.80562687,16.707691
1403,ship__p2__s1,taboo,11,1,0,0.0009028411,0.011211077,0.12587403,156.34155,0.8815472,-0.80458736,16.273623
1404,ship__p2__s1,taboo,12,1,0,1.3251054,1.8638154,2.4971318,92.82937,0.8814819,-0.8162816,13.049143
1405,ship__p2__s1,taboo,13,1,0,2.4527972,2.5187817,1.8597552,178.40344,0.8851642,-0.80971813,14.570127
1406,ship__p2__s1,taboo,14,1,0,0.4265485,1.0483608,1.5428147,100.0071,0.8811536,-0.7810157,18.191822
1407,ship__p2__s1,taboo,15,1,0,0.06255882,0.34813187,1.5383465,160.4316,0.8601854,-0.7918686,17.105024
1408,ship__p2__s1,taboo,16,1,0,0.9754226,2.0058074,2.1338558,206.28548,0.86846256,-0.7890414,14.97746
1409,ship__p2__s1,taboo,17,1,0,0.3121285,1.1447937,2.9052472,178.77316,0.8772903,-0.8124184,13.210176
1410,ship__p2__s1,taboo,18,1,0,0.00016425691,0.0020898443,0.023837984,156.25525,0.8649111,-0.7925706,16.3553
1411,ship__p2__s1,taboo,19,1,0,1.3865058,1.0058748,2.1323519,110.39328,0.8733711,-0.81733924,13.794367
1412,ship__p2__s1,taboo,20,1,0,0.009729229,0.07304575,0.45567757,148.33742,0.87763125,-0.8185558,13.824987
1413,ship__p2__s1,taboo,21,1,0,0.22197777,0.95641863,2.5666006,110.634,0.86659384,-0.8102766,14.427663
1414,ship__p2__s1,taboo,22,1,0,0.00078027794,0.008668911,0.08482766,159.12672,0.8771521,-0.8342585,12.037402
1415,ship__p2__s1,taboo,23,1,0,1.5504507,1.2106874,0.865788,139.83646,0.86724234,-0.8222427,13.24801
1416,ship__p2__s1,taboo,24,1,0,0.078931056,0.36062217,1.0675135,127.007126,0.8654235,-0.80937093,13.73856
1417,ship__p2__s1,taboo,25,1,0,0.05655899,0.2458422,0.7081972,124.5424,0.86217356,-0.80827934,14.261961
1418,ship__p2__s1,taboo,26,1,0,1.7426413,1.8691078,2.1432886,173.38268,0.86843157,-0.811539,13.709997
1419,ship__p2__s1,taboo,27,1,0,0.8023791,0.96545035,1.3151698,118.82165,0.8638133,-0.7947537,15.961054
1420,ship__p2__s1,taboo,28,1,0,0.33209637,1.1175464,3.041545,165.77383,0.8643859,-0.817525,13.516045
1421,ship__p2__s1,taboo,29,1,0,0.61542684,1.1406264,1.2416551,162.45015,0.8596203,-0.80154717,15.955217
1422,ship__p2__s2,taboo,0,1,1,0.59453386,2.512545,9.290376,255.74187,0.97461414,-0.820785,11.695407
1423,ship__p2__s2,taboo,1,1,0,0.91369665,1.9926791,2.7855055,167.63805,0.9561756,-0.8355113,10.450716
1424,ship__p2__s2,taboo,2,1,0,0.030381905,0.21747029,1.3340712,184.93506,0.94873923,-0.86887234,7.833172
1425,ship__p2__s2,taboo,3,1,0,0.018086042,0.14091122,0.8952491,156.22406,0.9218424,-0.805384,14.053545
1426,ship__p2__s2,taboo,4,1,0,0.0054866676,0.039320666,0.23718187,102.338066,0.9268353,-0.8414375,10.705842
1427,ship__p2__s2,taboo,5,1,0,0.086568855,0.46042493,1.9533136,175.97636,0.916382,-0.8275685,11.90343
1428,ship__p2__s2,taboo,6,1,0,0.0641195,0.35958374,1.4840446,129.36209,0.90312666,-0.81867284,12.520103
1429,ship__p2__s2,taboo,7,1,0,0.009154253,0.055585425,0.25720066,149.05779,0.9144781,-0.82605594,12.431374
1430,ship__p2__s2,taboo,8,1,0,1.225405,2.163794,3.3422172,74.065056,0.9089228,-0.82676786,12.375473
1431,ship__p2__s2,taboo,9,1,0,1.1078582,1.7874404,2.7008874,176.27287,0.91151184,-0.83417445,11.708254
1432,ship__p2__s2,taboo,10,1,0,0.51612747,0.99932045,1.109142,97.9403,0.89640516,-0.78936833,17.085546
1433,ship__p2__s2,taboo,11,1,0,1.3761635,1.1026611,1.4159933,94.26669,0.89724815,-0.8049409,15.9682665
1434,ship__p2__s2,taboo,12,1,0,0.0027476912,0.026446436,0.22308397,168.74414,0.8769025,-0.8078125,15.35775
1435,ship__p2__s2,taboo,13,1,0,1.9226689,2.4250412,2.2831142,174.39957,0.8854843,-0.80899805,14.55336
1436,ship__p2__s2,taboo,14,1,0,1.6450182,1.0734289,1.6400023,117.48176,0.8831701,-0.8006452,16.32724
1437,ship__p2__s2,taboo,15,1,0,0.13873443,0.60845184,2.1508727,176.9378,0.86680347,-0.80361664,16.163702
1438,ship__p2__s2,taboo,16,1,0,0.7771893,2.0835385,2.969535,201.17935,0.86996883,-0.80183405,13.56417
1439,ship__p2__s2,taboo,17,1,0,0.36508563,1.189685,2.4456925,182.35287,0.8862251,-0.83382815,11.605829
1440,ship__p2__s2,taboo,18,1,0,0.00012146689,0.001602733,0.018900253,159.81332,0.8622656,-0.7995301,14.97199
1441,ship__p2__s2,taboo,19,1,0,0.30926347,0.74571776,1.2935917,163.40302,0.8655903,-0.8114687,13.082654
1442,ship__p2__s2,taboo,20,1,0,1.7004011,0.86571443,1.243686,99.48746,0.8667139,-0.8200219,12.404319
1443,ship__p2__s2,taboo,21,1,0,0.008578355,0.06009818,0.34131816,120.28506,0.8599803,-0.8154465,13.152909
1444,ship__p2__s2,taboo,22,1,0,0.023992324,0.13624658,0.5920207,154.46336,0.8733002,-0.83495504,11.751554
1445,ship__p2__s2,taboo,23,1,0,0.0005582205,0.005233113,0.04217937,139.54497,0.8635574,-0.8112443,14.236062
1446,ship__p2__s2,taboo,24,1,0,0.62131846,1.4482415,1.8264871,107.04612,0.86495495,-0.82298833,13.092189
1447,ship__p2__s2,taboo,25,1,0,0.1779017,0.71573365,1.8601848,97.86314,0.8652886,-0.81648636,14.645342
1448,ship__p2__s2,taboo,26,1,0,0.9595522,2.27191,2.4976892,145.05264,0.87318194,-0.8327964,12.868084
1449,ship__p2__s2,taboo,27,1,0,1.3102784,1.1871629,1.2239509,144.24187,0.8556576,-0.7935048,17.706388
1450,ship__p2__s2,taboo,28,1,0,0.011895199,0.083520114,0.49740672,171.97746,0.8506901,-0.81046677,15.978323
1451,ship__p2__s2,taboo,29,1,0,0.5430113,1.3838565,1.7656901,164.65228,0.8553564,-0.8141867,14.050433
1452,ship__p2__s3,taboo,0,1,0,0.60075074,2.5230925,9.237945,256.11176,0.97452515,-0.82050556,11.708542
1453,ship__p2__s3,taboo,1,1,0,0.918435,2.0034475,2.78059,167.75229,0.9563178,-0.8359276,10.42553
1454,ship__p2__s3,taboo,2,1,0,0.029107181,0.21082404,1.3110658,184.6202,0.94873303,-0.86905396,7.817648
1455,ship__p2__s3,taboo,3,1,0,0.01833795,0.14290036,0.9068802,156.33693,0.92177916,-0.80535835,14.068631
1456,ship__p2__s3,taboo,4,1,0,0.004899757,0.036015242,0.22496009,102.56114,0.92696476,-0.8416812,10.691433
1457,ship__p2__s3,taboo,5,1,0,0.085437045,0.4546994,1.9368486,175.94693,0.9164541,-0.82747096,11.91135
1458,ship__p2__s3,taboo,6,1,0,0.072353415,0.39570338,1.5801535,129.22955,0.90324754,-0.8187812,12.513592
1459,ship__p2__s3,taboo,7,1,0,0.009154253,0.05559389,0.25737807,149.43935,0.91454715,-0.82617056,12.431025
1460,ship__p2__s3,taboo,8,1,0,1.2176359,2.1741383,3.3826003,74.23437,0.9090353,-0.8269768,12.357862
1461,ship__p2__s3,taboo,9,1,0,0.9435872,1.8142846,2.7401104,170.47307,0.90471303,-0.8161443,14.1896715
1462,ship__p2__s3,taboo,10,1,0,0.58710855,1.2892904,1.4731284,90.73063,0.8991714,-0.78803134,17.75677
1463,ship__p2__s3,taboo,11,1,0,0.3362974,0.73591745,1.1610403,87.081825,0.90011877,-0.8080212,16.30503
1464,ship__p2__s3,taboo,12,1,0,0.00096346205,0.011236546,0.11871825,162.51718,0.87571764,-0.80584794,16.213753
1465,ship__p2__s3,taboo,13,1,0,0.6926692,1.9691803,2.6511776,166.05083,0.8816286,-0.801336,15.785162
1466,ship__p2__s3,taboo,14,1,0,0.5322642,1.1450827,1.2935646,112.0221,0.8806009,-0.7815004,18.860683
1467,ship__p2__s3,taboo,15,1,0,0.07039398,0.3252921,1.1848238,165.86813,0.8636688,-0.7960557,16.84487
1468,ship__p2__s3,taboo,16,1,0,1.2881323,2.00992,2.275735,158.18307,0.8859121,-0.8204628,13.320096
1469,ship__p2__s3,taboo,17,1,0,0.9345758,1.3068726,1.5669707,92.3531,0.8774031,-0.82216704,13.90675
1470,ship__p2__s3,taboo,18,1,0,0.20860751,0.8255057,1.9881074,180.412,0.8583692,-0.8015653,15.372137
1471,ship__p2__s3,taboo,19,1,0,0.21729966,0.93443215,2.6779666,203.71063,0.8642947,-0.7919247,14.694566
1472,ship__p2__s3,taboo,20,1,0,0.2762631,1.1021603,2.8880758,185.55952,0.88001734,-0.82608265,12.237999
1473,ship__p2__s3,taboo,21,1,0,0.00009035656,0.0012488123,0.015535169,165.21387,0.85808206,-0.7951042,15.821751
1474,ship__p2__s3,taboo,22,1,0,0.35688555,0.8593577,1.6227939,167.33478,0.8645348,-0.8095259,13.589318
1475,ship__p2__s3,taboo,23,1,0,0.23283687,0.7641671,1.5663738,119.031456,0.8662194,-0.8152882,13.462919
1476,ship__p2__s3,taboo,24,1,0,0.8111441,1.8221748,2.3753982,175.71243,0.8767177,-0.82807726,11.979918
1477,ship__p2__s3,taboo,25,1,0,0.517452,1.0732026,1.5791327,64.09423,0.86959535,-0.81564486,13.209387
1478,ship__p2__s3,taboo,26,1,0,0.027720105,0.20022397,1.1517124,118.97004,0.8597203,-0.79388565,15.751389
1479,ship__p2__s3,taboo,27,1,0,0.59846336,1.1552471,1.9579755,174.44417,0.8663428,-0.82210696,12.878948
1480,ship__p2__s3,taboo,28,1,0,0.96099806,1.4979985,1.5489526,161.00763,0.857127,-0.8163873,14.003964
1481,ship__p2__s3,taboo,29,1,0,0.010048989,0.0834558,0.57336366,92.51814,0.86007327,-0.82582647,13.358057
1482,ship__p2__s4,taboo,0,1,0,0.60075074,2.5230925,9.237945,256.11176,0.97452515,-0.82050556,11.708542
1483,ship__p2__s4,taboo,1,1,0,0.918435,2.0034475,2.78059,167.75229,0.9563178,-0.8359276,10.42553
1484,ship__p2__s4,taboo,2,1,0,0.029107181,0.21082404,1.3110658,184.6202,0.94873303,-0.86905396,7.817648
1485,ship__p2__s4,taboo,3,1,0,0.01833795,0.14290036,0.9068802,156.33693,0.92177916,-0.80535835,14.068631
1486,ship__p2__s4,taboo,4,1,0,0.004899757,0.036015242,0.22496009,102.56114,0.92696476,-0.8416812,10.691433
1487,ship__p2__s4,taboo,5,1,0,0.085437045,0.4546994,1.9368486,175.94693,0.9164541,-0.82747096,11.91135
1488,ship__p2__s4,taboo,6,1,0,0.072353415,0.39570338,1.5801535,129.22955,0.90324754,-0.8187812,12.513592
1489,ship__p2__s4,taboo,7,1,0,0.009154253,0.05559389,0.25737807,149.43935,0.91454715,-0.82617056,12.431025
1490,ship__p2__s4,taboo,8,1,0,1.2176359,2.1741383,3.3826003,74.23437,0.9090353,-0.8269768,12.357862
1491,ship__p2__s4,taboo,9,1,0,1.1935872,1.8142846,2.7401104,176.44736,0.91150564,-0.8340851,11.727691
1492,ship__p2__s4,taboo,10,1,0,0.46774274,0.96292686,1.1221739,97.99399,0.89660424,-0.78954667,17.076492
1493,ship__p2__s4,taboo,11,1,0,0.5012523,1.1033223,1.4193287,104.084946,0.90413654,-0.8279053,12.120101
1494,ship__p2__s4,taboo,12,1,0,0.001538047,0.017507087,0.17630364,159.39624,0.8866108,-0.8269917,12.721118
1495,ship__p2__s4,taboo,13,1,0,1.8720744,2.689011,2.3128042,200.85425,0.8778103,-0.8088156,12.833476
1496,ship__p2__s4,taboo,14,1,0,0.19499221,0.8370942,2.4984326,187.48074,0.8894374,-0.837045,11.207253
1497,ship__p2__s4,taboo,15,1,0,0.00019870214,0.0024366484,0.026598858,159.72777,0.8750767,-0.80902475,13.771352
1498,ship__p2__s4,taboo,16,1,0,0.11914131,0.56661177,2.0645485,164.56346,0.8695398,-0.81382954,12.923225
1499,ship__p2__s4,taboo,17,1,0,0.43540096,0.9556327,0.9739656,119.78219,0.8722392,-0.8209406,12.680295
1500,ship__p2__s4,taboo,18,1,0,1.0193229,1.556916,1.6426615,163.15894,0.871572,-0.81694716,12.753494
1501,ship__p2__s4,taboo,19,1,0,0.001648735,0.015222621,0.12192581,90.29209,0.86888653,-0.81362134,13.195787
1502,ship__p2__s4,taboo,20,1,0,0.016448377,0.120143756,0.70819604,113.3199,0.85768807,-0.79206085,15.606107
1503,ship__p2__s4,taboo,21,1,0,0.67880666,0.93451524,1.1533147,96.114494,0.86479753,-0.8126216,13.170101
1504,ship__p2__s4,taboo,22,1,0,0.104781464,0.3579867,0.82943416,169.4732,0.8685833,-0.8221558,13.116071
1505,ship__p2__s4,taboo,23,1,0,0.93378586,1.6734761,1.5464077,178.39774,0.8649194,-0.8243529,13.316728
1506,ship__p2__s4,taboo,24,1,0,1.8501954,2.524763,1.7203412,165.02771,0.87913084,-0.8427842,11.163749
1507,ship__p2__s4,taboo,25,1,0,0.39940247,0.99490273,1.0413404,139.20992,0.85925967,-0.80718404,13.99643
1508,ship__p2__s4,taboo,26,1,0,0.10163254,0.4450693,1.3459398,147.71536,0.8665639,-0.829529,13.249359
1509,ship__p2__s4,taboo,27,1,0,0.16533779,0.63330233,1.5771549,162.42726,0.8368282,-0.8004071,15.787328
1510,ship__p2__s4,taboo,28,1,0,0.32299227,1.0253699,1.8293151,245.06114,0.8415966,-0.7810723,16.475525
1511,ship__p2__s4,taboo,29,1,0,0.48865086,1.5742884,3.0268073,222.77489,0.86391044,-0.81924117,12.157025
1512,ship__p2__s5,taboo,0,1,1,0.59290504,2.4882002,9.150772,255.97896,0.97452366,-0.8203439,11.7234535
1513,ship__p2__s5,taboo,1,1,0,0.91401345,1.9949367,2.7983344,167.65567,0.95608604,-0.83525896,10.469948
1514,ship__p2__s5,taboo,2,1,0,0.029709684,0.21377584,1.3225051,184.39053,0.94882107,-0.86889523,7.825667
1515,ship__p2__s5,taboo,3,1,0,0.018219262,0.14190303,0.90014625,156.51787,0.92188996,-0.80537283,14.050438
1516,ship__p2__s5,taboo,4,1,0,0.0048935884,0.035938844,0.2241242,102.983665,0.92712754,-0.84168,10.694237
1517,ship__p2__s5,taboo,5,1,0,0.08122639,0.4460208,1.9523908,176.0166,0.9165973,-0.8277057,11.8820505
1518,ship__p2__s5,taboo,6,1,0,0.061680622,0.34963548,1.465522,129.1966,0.9032174,-0.8187027,12.519055
1519,ship__p2__s5,taboo,7,1,0,0.009151891,0.0555594,0.25695542,149.34854,0.91455543,-0.8259841,12.433841
1520,ship__p2__s5,taboo,8,1,0,1.1018182,2.1669574,3.3458,177.68684,0.9170753,-0.8336627,11.618569
1521,ship__p2__s5,taboo,9,1,0,0.5149618,0.8760411,0.97157675,110.772,0.90465254,-0.8156256,13.289291
1522,ship__p2__s5,taboo,10,1,0,0.010128411,0.0774007,0.5094211,105.072655,0.90123,-0.8264521,12.458845
1523,ship__p2__s5,taboo,11,1,0,0.002234464,0.025025606,0.24935302,153.00548,0.88847244,-0.82531416,12.755797
1524,ship__p2__s5,taboo,12,1,0,0.34371632,1.2010678,2.658764,91.417305,0.88083625,-0.82663983,12.021597
1525,ship__p2__s5,taboo,13,1,0,1.090261,2.1943102,1.9315817,142.74478,0.87272483,-0.8063428,13.873924
1526,ship__p2__s5,taboo,14,1,0,0.092471816,0.45100197,1.5123379,132.52213,0.8895859,-0.8337426,11.862631
1527,ship__p2__s5,taboo,15,1,0,1.5173497,1.4015548,1.3971221,113.45527,0.8797151,-0.816863,13.978017
1528,ship__p2__s5,taboo,16,1,0,0.17154945,0.8290538,2.8438416,163.42393,0.8787364,-0.8171013,14.010326
1529,ship__p2__s5,taboo,17,1,0,0.59558153,1.5186957,2.437107,165.47627,0.8736141,-0.8039457,16.284365
1530,ship__p2__s5,taboo,18,1,0,1.3544271,1.950525,2.186479,155.20901,0.87504256,-0.8101701,14.77043
1531,ship__p2__s5,taboo,19,1,0,0.03914823,0.19558361,0.7603283,138.87146,0.8704794,-0.80337536,16.546717
1532,ship__p2__s5,taboo,20,1,0,0.3996722,0.8902917,0.67146933,108.73295,0.8564431,-0.7809076,19.52132
1533,ship__p2__s5,taboo,21,1,0,0.0031190102,0.028587647,0.22586995,111.199486,0.86368066,-0.7916772,17.79169
1534,ship__p2__s5,taboo,22,1,0,0.005336326,0.03866507,0.24292742,160.64693,0.844102,-0.78919995,18.688656
1535,ship__p2__s5,taboo,23,1,0,0.20201655,0.5940257,1.141416,201.86523,0.85684234,-0.8036303,13.242558
1536,ship__p2__s5,taboo,24,1,0,0.22067249,0.8726994,2.4307466,186.21135,0.883291,-0.8402697,11.135664
1537,ship__p2__s5,taboo,25,1,0,0.00040070133,0.0041366597,0.037186787,161.6389,0.85753185,-0.8040399,13.775597
1538,ship__p2__s5,taboo,26,1,0,0.058535803,0.30420086,1.2022889,159.64163,0.85544217,-0.8101646,13.289969
1539,ship__p2__s5,taboo,27,1,0,0.87812334,1.173118,0.6049626,93.02102,0.85734046,-0.8176546,12.529114
1540,ship__p2__s5,taboo,28,1,0,0.010358619,0.068225764,0.35389566,110.00733,0.8516261,-0.81340283,13.4407425
1541,ship__p2__s5,taboo,29,1,0,0.016585099,0.10172863,0.47844154,151.47722,0.8613514,-0.8259903,12.605507
1542,ship__p2__s6,taboo,0,1,1,0.59290504,2.4882002,9.150772,255.97896,0.97452366,-0.8203439,11.7234535
1543,ship__p2__s6,taboo,1,1,0,0.91401345,1.9949367,2.7983344,167.65567,0.95608604,-0.83525896,10.469948
1544,ship__p2__s6,taboo,2,1,0,0.029709684,0.21377584,1.3225051,184.39053,0.94882107,-0.86889523,7.825667
1545,ship__p2__s6,taboo,3,1,0,0.018219262,0.14190303,0.90014625,156.51787,0.92188996,-0.80537283,14.050438
1546,ship__p2__s6,taboo,4,1,0,0.0048935884,0.035938844,0.2241242,102.983665,0.92712754,-0.84168,10.694237
1547,ship__p2__s6,taboo,5,1,0,0.08122639,0.4460208,1.9523908,176.0166,0.9165973,-0.8277057,11.8820505
1548,ship__p2__s6,taboo,6,1,0,0.061680622,0.34963548,1.465522,129.1966,0.9032174,-0.8187027,12.519055
1549,ship__p2__s6,taboo,7,1,0,0.009151891,0.0555594,0.25695542,149.34854,0.91455543,-0.8259841,12.433841
1550,ship__p2__s6,taboo,8,1,0,1.2268182,2.1669574,3.3458,74.06073,0.90890396,-0.82684106,12.377684
1551,ship__p2__s6,taboo,9,1,0,0.9669943,1.7854006,2.7571244,170.62766,0.90475446,-0.81628764,14.161831
1552,ship__p2__s6,taboo,10,1,0,0.5920328,1.2998462,1.4709041,90.82864,0.89925325,-0.7880498,17.749521
1553,ship__p2__s6,taboo,11,1,0,0.33812004,0.7423467,1.1662723,87.00038,0.9001195,-0.8080333,16.301731
1554,ship__p2__s6,taboo,12,1,0,0.0009585791,0.011189969,0.118376635,162.57083,0.87571317,-0.8058578,16.201675
1555,ship__p2__s6,taboo,13,1,0,0.6489469,1.9117705,2.697576,166.1526,0.88153917,-0.80112326,15.793535
1556,ship__p2__s6,taboo,14,1,0,1.2814084,1.1433783,1.2967064,119.55962,0.88102484,-0.79698557,16.736797
1557,ship__p2__s6,taboo,15,1,0,0.081610784,0.38302767,1.4996257,175.49962,0.8669058,-0.8042588,16.059008
1558,ship__p2__s6,taboo,16,1,0,1.9370157,2.315303,2.9055443,169.40411,0.86941165,-0.81313497,13.352808
1559,ship__p2__s6,taboo,17,1,0,0.84076035,1.6268239,1.5405352,184.01212,0.8739457,-0.8269812,12.066882
1560,ship__p2__s6,taboo,18,1,0,1.5564039,1.5307345,2.8618379,149.99797,0.88452786,-0.8410846,10.968773
1561,ship__p2__s6,taboo,19,1,0,0.036035586,0.1657596,0.50997657,178.48013,0.88604784,-0.8341733,11.198962
1562,ship__p2__s6,taboo,20,1,0,0.39768985,0.72242516,0.8518486,113.847244,0.8823088,-0.82474273,11.937703
1563,ship__p2__s6,taboo,21,1,0,0.27286616,1.063282,3.2658014,156.31635,0.8808773,-0.84139013,10.805699
1564,ship__p2__s6,taboo,22,1,0,1.6204572,2.1580112,2.0537744,205.4271,0.85047275,-0.782788,15.233861
1565,ship__p2__s6,taboo,23,1,0,0.4997872,1.1192763,1.7799668,180.45146,0.8743283,-0.82194054,12.383074
1566,ship__p2__s6,taboo,24,1,0,0.00019250448,0.002338997,0.025131222,159.48672,0.84922767,-0.788459,15.9734745
1567,ship__p2__s6,taboo,25,1,0,1.723684,0.6119709,1.0577644,109.7602,0.8618789,-0.8121977,13.964161
1568,ship__p2__s6,taboo,26,1,0,0.0062552146,0.047713276,0.30186588,148.38068,0.8666348,-0.81231195,14.2855835
1569,ship__p2__s6,taboo,27,1,0,0.15636182,0.74856055,2.3208096,110.046455,0.8550535,-0.80402774,14.747165
1570,ship__p2__s6,taboo,28,1,0,0.0005728749,0.006639092,0.06815435,165.32303,0.8669423,-0.8280191,12.610284
1571,ship__p2__s6,taboo,29,1,0,0.7823547,1.3404098,1.0457666,172.24176,0.8634508,-0.8143372,14.72014
1572,ship__p2__s7,taboo,0,1,1,0.5926482,2.500485,9.250944,255.9705,0.9745811,-0.82047904,11.708174
1573,ship__p2__s7,taboo,1,1,0,2.0435266,2.003932,2.783706,136.93369,0.9523664,-0.8138739,12.377026
1574,ship__p2__s7,taboo,2,1,0,0.5790937,1.0091162,1.733431,129.63829,0.9465288,-0.8348873,10.98573
1575,ship__p2__s7,taboo,3,1,0,0.9422395,2.3674026,4.0633693,179.76266,0.9397728,-0.84259045,10.6591625
1576,ship__p2__s7,taboo,4,1,0,0.67497617,0.93917215,1.1872838,109.674614,0.92454416,-0.8220653,12.633945
1577,ship__p2__s7,taboo,5,1,0,0.01611881,0.1128084,0.66833776,112.042534,0.9174352,-0.8311944,11.954535
1578,ship__p2__s7,taboo,6,1,0,0.0035063473,0.035713032,0.3220114,142.13797,0.9054644,-0.82887423,12.003294
1579,ship__p2__s7,taboo,7,1,0,1.4517896,1.1608849,2.1305366,151.16357,0.8990196,-0.81989205,12.105837
1580,ship__p2__s7,taboo,8,1,0,1.0430398,0.97876054,1.1222351,136.25343,0.9003527,-0.8237529,11.686132
1581,ship__p2__s7,taboo,9,1,0,0.19214697,0.9292057,3.2647812,164.41963,0.8943759,-0.8244503,11.567358
1582,ship__p2__s7,taboo,10,1,0,1.495779,1.2664409,0.818478,149.36256,0.88338006,-0.8115007,12.979342
1583,ship__p2__s7,taboo,11,1,0,0.02943539,0.1821404,0.91871977,157.58119,0.8942923,-0.8373706,11.054465
1584,ship__p2__s7,taboo,12,1,0,0.00014613991,0.0019298694,0.023170505,146.75078,0.8846242,-0.8192013,13.017303
1585,ship__p2__s7,taboo,13,1,0,1.1460023,1.6929822,1.3364003,162.6738,0.8845926,-0.8211463,12.648649
1586,ship__p2__s7,taboo,14,1,0,0.0059441933,0.045604836,0.2922001,83.92766,0.88048005,-0.8158476,13.177723
1587,ship__p2__s7,taboo,15,1,0,0.028162705,0.18387014,0.95509547,111.271286,0.87220067,-0.79274803,15.446706
1588,ship__p2__s7,taboo,16,1,0,0.4803036,0.9079606,1.3251312,174.75664,0.8782235,-0.82021326,12.910985
1589,ship__p2__s7,taboo,17,1,0,1.0982202,1.8774184,1.2517359,164.11118,0.8764634,-0.8284301,12.434222
1590,ship__p2__s7,taboo,18,1,0,0.03441049,0.204065,0.94160277,98.343376,0.87474763,-0.830522,12.276085
1591,ship__p2__s7,taboo,19,1,0,0.06420961,0.31891423,1.1613911,92.78456,0.8712322,-0.81354076,14.310945
1592,ship__p2__s7,taboo,20,1,0,0.03864372,0.27066422,1.5161037,147.20692,0.87144727,-0.8213892,13.769144
1593,ship__p2__s7,taboo,21,1,1,0.724477,1.1381285,1.6189079,220.42061,0.85899466,-0.7803418,16.319553
1594,ship__p3__s0,taboo,0,1,1,1.0334688,3.2318807,5.5750513,261.22647,0.9741126,-0.84447634,10.773396
1595,ship__p3__s0,taboo,1,1,1,0.17921256,0.7095068,2.3296456,169.69571,0.959198,-0.87527496,8.965321
1596,ship__p3__s0,taboo,2,1,1,1.067735,2.769853,4.5507402,174.92862,0.94602394,-0.8636244,10.226744
1597,ship__p3__s0,taboo,3,1,1,1.2156897,3.2350354,4.7258883,111.4774,0.9472373,-0.882543,8.442595
1598,ship__p3__s0,taboo,4,1,1,1.3842982,3.352385,5.8735676,183.18143,0.93561184,-0.86993295,9.881632
1599,ship__p3__s0,taboo,5,1,1,0.0008827127,0.010717325,0.12002489,161.38345,0.93734664,-0.8838706,9.322302
1600,ship__p3__s0,taboo,6,1,1,1.729919,4.4367533,6.3511724,193.69992,0.93024683,-0.88589364,8.746234
1601,ship__p3__s0,taboo,7,1,1,0.82445073,2.1017742,2.976589,171.58496,0.92652535,-0.8853976,8.759847
1602,ship__p3__s0,taboo,8,1,1,0.8310584,1.9534894,2.8658795,104.86765,0.92323446,-0.8859701,8.7967
1603,ship__p3__s0,taboo,9,1,1,0.69772935,1.894464,2.7169778,93.68938,0.91744876,-0.8804839,9.389728
1604,ship__p3__s0,taboo,10,1,0,0.43793154,1.4032665,3.0170717,214.53378,0.9206144,-0.8656832,10.965792
1605,ship__p3__s0,taboo,11,1,1,0.0000036954812,0.00006149658,0.0009173141,222.71906,0.89363927,-0.84897625,12.907457
1606,ship__p3__s0,taboo,12,1,1,0.51164895,1.3528559,2.003076,183.1517,0.88758355,-0.83696365,13.599414
1607,ship__p3__s0,taboo,13,1,1,0.7557641,2.4122841,7.230521,140.11705,0.889324,-0.8313624,13.198762
1608,ship__p3__s0,taboo,14,1,1,1.3266823,3.064013,4.989074,159.5225,0.9017081,-0.86001885,10.356568
1609,ship__p3__s0,taboo,15,1,1,1.6291527,4.6795006,7.1618395,206.8876,0.90763533,-0.86515504,10.001146
1610,ship__p3__s0,taboo,16,1,1,1.235602,2.1130717,3.074608,176.45534,0.9040187,-0.8631932,10.455267
1611,ship__p3__s0,taboo,17,1,1,0.99098974,2.0563357,2.9646862,187.00276,0.9048204,-0.8686597,10.092664
1612,ship__p3__s0,taboo,18,1,1,1.4263511,3.080692,5.649395,161.47762,0.9019313,-0.8610878,10.470962
1613,ship__p3__s0,taboo,19,1,1,1.2080597,2.08075,1.7734921,139.22931,0.90467757,-0.8679291,10.117309
1614,ship__p3__s0,taboo,20,1,1,0.2889063,0.7243378,1.0573859,116.26458,0.9029924,-0.8692651,10.920178
1615,ship__p3__s0,taboo,21,1,1,0.4631877,1.3646939,3.6495252,209.08113,0.899852,-0.8639881,10.373366
1616,ship__p3__s0,taboo,22,1,1,1.5051169,2.4244547,1.3557384,158.20308,0.8694347,-0.82821465,14.316774
1617,ship__p3__s0,taboo,23,1,1,0.92946637,1.8887738,2.7116938,150.57153,0.88974637,-0.85134536,10.779918
1618,ship__p3__s0,taboo,24,1,1,0.13271667,0.52418673,1.3637084,162.79317,0.9002398,-0.8746689,9.546726
1619,ship__p3__s0,taboo,25,1,1,0.8086466,2.5360045,5.8242073,183.92204,0.8960758,-0.87178975,9.389249
1620,ship__p3__s0,taboo,26,1,1,0.6239971,1.5998417,3.1713142,106.27865,0.88602513,-0.86350214,10.622417
1621,ship__p3__s0,taboo,27,1,1,1.7624842,3.2393675,2.9466603,170.44261,0.8755129,-0.85097426,11.852934
1622,ship__p3__s0,taboo,28,1,1,0.04490054,0.33915016,2.1556041,166.5802,0.8787144,-0.8564028,11.729866
1623,ship__p3__s0,taboo,29,1,1,1.4277174,3.0062308,3.086052,144.10992,0.873793,-0.8490515,11.796223
1624,ship__p3__s1,taboo,0,1,0,3.6517448,3.2316191,5.641929,236.92159,0.976685,-0.8651373,8.298545
1625,ship__p3__s1,taboo,1,1,1,0.06883717,0.32409793,1.0652697,250.2804,0.9595934,-0.8360473,12.052373
1626,ship__p3__s1,taboo,2,1,1,2.4366753,2.4280734,5.1830616,253.7449,0.9522225,-0.8295784,12.2128315
1627,ship__p3__s1,taboo,3,1,1,0.058643393,0.27825522,1.0825927,198.6352,0.9463075,-0.86289006,10.359543
1628,ship__p3__s1,taboo,4,1,1,2.1524765,2.3777213,5.3087406,185.93668,0.9439033,-0.87603027,9.0284605
1629,ship__p3__s1,taboo,5,1,1,0.726496,2.6916194,5.962697,201.02106,0.94093704,-0.88464034,8.530362
1630,ship__p3__s1,taboo,6,1,1,1.3915647,4.039042,6.253006,154.33803,0.9339925,-0.88212997,8.889145
1631,ship__p3__s1,taboo,7,1,1,0.67906225,2.7208166,7.31001,204.71552,0.93125457,-0.87947506,9.346537
1632,ship__p3__s1,taboo,8,1,1,4.1460857,4.6283355,5.977088,139.05775,0.93534356,-0.8965458,7.812133
1633,ship__p3__s1,taboo,9,1,1,1.1401854,2.686794,3.8445218,206.38033,0.9160931,-0.8741932,10.152464
1634,ship__p3__s1,taboo,10,1,1,0.51088965,1.5138996,2.4849877,202.47345,0.9177444,-0.87993306,9.639157
1635,ship__p3__s1,taboo,11,1,1,0.89457065,2.9248302,6.0257206,195.68349,0.9044936,-0.86566174,11.065266
1636,ship__p3__s1,taboo,12,1,1,0.5444833,1.3437448,2.1474922,172.21509,0.88332635,-0.8374298,14.117516
1637,ship__p3__s1,taboo,13,1,1,1.6605021,4.2107744,7.297104,123.951416,0.8988472,-0.8632106,10.452468
1638,ship__p3__s1,taboo,14,1,1,3.0105565,4.817586,6.3644886,204.91895,0.9280059,-0.90123004,7.1124315
1639,ship__p3__s1,taboo,15,1,1,0.002587663,0.020593785,0.13966689,180.83554,0.90566754,-0.87430334,9.862274
1640,ship__p3__s1,taboo,16,1,1,0.021091575,0.12669139,0.60367,169.5628,0.89957035,-0.86965483,10.29114
1641,ship__p3__s1,taboo,17,1,1,1.3877629,2.8719835,5.470981,200.84183,0.89282954,-0.8576342,11.348814
1642,ship__p3__s1,taboo,18,1,1,0.42818743,0.96771324,1.4578986,187.44765,0.87648284,-0.84986585,12.711359
1643,ship__p3__s1,taboo,19,1,1,0.8815684,3.702245,10.146711,248.27596,0.9065158,-0.8809199,8.979427
1644,ship__p3__s1,taboo,20,1,1,0.00004458328,0.00054313603,0.005805093,240.47433,0.86302894,-0.82402986,15.846328
1645,ship__p3__s1,taboo,21,1,1,0.7837766,1.6215937,3.0221615,129.55014,0.86944693,-0.82515955,14.89338
1646,ship__p3__s1,taboo,22,1,1,0.12406335,0.7244457,3.4331017,141.49438,0.8659068,-0.8206418,14.892
1647,ship__p3__s1,taboo,23,1,1,2.454381,3.104764,4.745068,131.94138,0.8798448,-0.84774894,12.405524
1648,ship__p3__s1,taboo,24,1,1,3.5406218,5.412197,4.963972,183.3499,0.89272696,-0.8614975,10.622032
1649,ship__p3__s1,taboo,25,1,1,1.04773,2.4342432,5.347844,163.53876,0.8836563,-0.8504924,12.334234
1650,ship__p3__s1,taboo,26,1,1,4.485553,5.2246637,5.828444,104.336296,0.8977376,-0.86965245,10.614106
1651,ship__p3__s1,taboo,27,1,1,2.4912558,4.493623,5.5427694,124.20194,0.89813185,-0.8724788,10.46615
1652,ship__p3__s1,taboo,28,1,1,0.7465644,2.3988392,4.9116087,198.78725,0.8728675,-0.83935404,13.941004
1653,ship__p3__s1,taboo,29,1,1,2.1270716,2.2782981,3.8214638,207.64421,0.88720554,-0.8609707,11.083652
1654,ship__p3__s2,taboo,0,1,1,1.0334688,3.2318807,5.5750513,261.22647,0.9741126,-0.84447634,10.773396
1655,ship__p3__s2,taboo,1,1,1,0.17921256,0.7095068,2.3296456,169.69571,0.959198,-0.87527496,8.965321
1656,ship__p3__s2,taboo,2,1,1,2.067735,2.769853,4.5507402,187.16461,0.9495364,-0.8781263,8.834072
1657,ship__p3__s2,taboo,3,1,1,2.9205768,2.3677425,5.355836,73.987724,0.9443335,-0.88879937,7.958063
1658,ship__p3__s2,taboo,4,1,1,0.41344422,1.852922,6.005694,198.56836,0.9377685,-0.88448393,8.67631
1659,ship__p3__s2,taboo,5,1,1,2.4038906,4.039128,5.5108624,165.38779,0.9330742,-0.8816735,8.444191
1660,ship__p3__s2,taboo,6,1,1,0.49606925,1.4471647,2.591854,145.94681,0.9304438,-0.8840206,9.081728
1661,ship__p3__s2,taboo,7,1,1,0.899055,1.5263083,4.146965,216.22783,0.93020016,-0.8922982,8.2145
1662,ship__p3__s2,taboo,8,1,1,2.063875,4.16696,6.7209415,214.51048,0.92924017,-0.900852,7.8924494
1663,ship__p3__s2,taboo,9,1,1,0.97967476,0.7077795,0.36795574,206.83237,0.92820793,-0.89776987,7.3404865
1664,ship__p3__s2,taboo,10,1,1,0.074002415,0.3290076,1.1638054,154.95581,0.89834726,-0.8532724,11.949016
1665,ship__p3__s2,taboo,11,1,1,0.3867218,1.3999155,2.9105697,163.80331,0.88692623,-0.8468065,12.570475
1666,ship__p3__s2,taboo,12,1,1,0.29410437,1.1601813,3.4107795,163.08241,0.8915148,-0.8579112,12.210029
1667,ship__p3__s2,taboo,13,1,1,0.010724292,0.116441146,1.1344593,222.73953,0.90240455,-0.8795814,9.607109
1668,ship__p3__s2,taboo,14,1,1,2.2508454,4.194426,5.8093953,214.3086,0.9125607,-0.87137836,10.572394
1669,ship__p3__s2,taboo,15,1,1,0.27558252,0.8053956,1.4113021,220.85448,0.8994728,-0.86779875,10.67462
1670,ship__p3__s2,taboo,16,1,1,0.9345609,0.86984694,0.8479538,147.22076,0.87912166,-0.83212245,13.963568
1671,ship__p3__s2,taboo,17,1,1,0.15579367,0.78305596,2.844316,130.47621,0.9016878,-0.8569156,11.012035
1672,ship__p3__s2,taboo,18,1,1,0.0020998113,0.019631961,0.15382381,158.10898,0.8883636,-0.85210484,12.202681
1673,ship__p3__s2,taboo,19,1,1,0.19798908,0.854789,2.4445221,119.91272,0.884758,-0.8476948,12.492103
1674,ship__p3__s2,taboo,20,1,1,0.6420202,2.4929328,6.3761683,203.99736,0.8877914,-0.8498697,12.392072
1675,ship__p3__s2,taboo,21,1,1,0.38989806,1.1174775,1.6980596,202.83144,0.8702127,-0.8365838,13.52956
1676,ship__p3__s2,taboo,22,1,1,2.7463212,3.613638,4.609473,184.50835,0.8770764,-0.83103687,14.640883
1677,ship__p3__s2,taboo,23,1,1,1.3227377,1.3047392,1.8480366,200.03372,0.8764694,-0.82278836,14.780715
1678,ship__p3__s2,taboo,24,1,1,0.18601929,0.78249204,2.8368874,172.25362,0.8734544,-0.82015955,13.939276
1679,ship__p3__s2,taboo,25,1,1,2.3279674,3.374891,6.871381,158.11238,0.88375723,-0.84570646,11.836274
1680,ship__p3__s2,taboo,26,1,1,4.6580734,5.508236,6.773865,222.42847,0.89310104,-0.85883325,11.075263
1681,ship__p3__s2,taboo,27,1,1,0.4267541,1.7463673,4.748687,91.26178,0.88861656,-0.85878927,10.816874
1682,ship__p3__s2,taboo,28,1,1,1.1758664,3.2967262,4.945052,184.43942,0.8890148,-0.8556673,11.100699
1683,ship__p3__s2,taboo,29,1,1,0.058027707,0.24101478,0.715399,108.83677,0.88494146,-0.8558011,11.342317
1684,ship__p3__s3,taboo,0,1,1,1.048106,3.2371974,5.5491343,261.22305,0.97408164,-0.84427816,10.787043
1685,ship__p3__s3,taboo,1,1,1,0.20020193,0.7636377,2.4287076,169.28352,0.9590801,-0.8751716,8.971895
1686,ship__p3__s3,taboo,2,1,1,1.0962243,2.7768946,4.4553366,175.05511,0.94598156,-0.86350137,10.2369995
1687,ship__p3__s3,taboo,3,1,1,2.232199,3.2362926,4.6692166,176.12666,0.94433767,-0.87780076,8.619896
1688,ship__p3__s3,taboo,4,1,1,0.18802437,0.6577499,1.3731855,182.40881,0.93667877,-0.8795943,9.258046
1689,ship__p3__s3,taboo,5,1,1,3.865638,3.987661,4.7194233,138.35712,0.92710936,-0.8748936,9.8033085
1690,ship__p3__s3,taboo,6,1,1,1.5942485,4.593728,7.099704,151.98427,0.932088,-0.8926698,7.954274
1691,ship__p3__s3,taboo,7,1,1,0.2647688,1.2442203,3.925572,199.48994,0.91875833,-0.87157357,10.258944
1692,ship__p3__s3,taboo,8,1,1,0.5763364,1.6434898,2.3726993,184.52869,0.8994661,-0.84269184,12.382695
1693,ship__p3__s3,taboo,9,1,1,1.834599,3.1480021,3.4371655,159.6764,0.8994506,-0.85118085,11.19408
1694,ship__p3__s3,taboo,10,1,1,0.6422355,2.2500653,4.1882677,183.35449,0.90536016,-0.86376524,10.851756
1695,ship__p3__s3,taboo,11,1,1,1.7711267,2.8651533,2.8105373,190.1666,0.9106184,-0.87361985,9.575246
1696,ship__p3__s3,taboo,12,1,1,2.356332,3.0577621,3.341221,153.61388,0.91862327,-0.89148206,8.061515
1697,ship__p3__s3,taboo,13,1,1,0.008706466,0.067725435,0.42327887,224.40396,0.93721503,-0.92115116,5.9579873
1698,ship__p3__s3,taboo,14,1,1,0.1049735,0.41217622,1.151696,215.73885,0.90033484,-0.84898865,11.519929
1699,ship__p3__s3,taboo,15,1,1,0.023637176,0.114325486,0.3726549,162.09064,0.88937753,-0.85148376,12.166573
1700,ship__p3__s3,taboo,16,1,1,0.00014494799,0.001797493,0.019694326,143.4685,0.9162273,-0.897618,7.70848
1701,ship__p3__s3,taboo,17,1,1,1.0807178,1.313294,1.4243793,108.64402,0.9144413,-0.89800465,7.8446565
1702,ship__p3__s3,taboo,18,1,1,0.05459745,0.2992203,1.2156937,160.60977,0.8845435,-0.85619795,12.2564535
1703,ship__p3__s3,taboo,19,1,1,0.73827875,2.0550869,3.1351066,257.52994,0.889381,-0.80957395,15.702682
1704,ship__p3__s4,taboo,0,1,1,1.048106,3.2371974,5.5491343,261.22305,0.97408164,-0.84427816,10.787043
1705,ship__p3__s4,taboo,1,1,1,0.20020193,0.7636377,2.4287076,169.28352,0.9590801,-0.8751716,8.971895
1706,ship__p3__s4,taboo,2,1,1,1.0962243,2.7768946,4.4553366,175.05511,0.94598156,-0.86350137,10.2369995
1707,ship__p3__s4,taboo,3,1,1,1.232199,3.2362926,4.6692166,111.337685,0.9471362,-0.8823542,8.452735
1708,ship__p3__s4,taboo,4,1,1,1.3765872,3.3431447,5.910927,182.93385,0.9355963,-0.8698845,9.885205
1709,ship__p3__s4,taboo,5,1,1,0.0007884969,0.009656373,0.109013304,161.90762,0.9373751,-0.8839914,9.308098
1710,ship__p3__s4,taboo,6,1,1,4.54068,4.4348245,6.350261,146.53032,0.9275401,-0.8824372,9.411335
1711,ship__p3__s4,taboo,7,1,1,2.6687443,4.98417,6.30582,211.03851,0.92635024,-0.8852912,8.616722
1712,ship__p3__s4,taboo,8,1,1,0.698036,1.6839107,2.2086616,181.15681,0.9017977,-0.85952616,11.431938
1713,ship__p3__s4,taboo,9,1,1,2.7425694,2.5184648,4.8589745,157.77197,0.89367384,-0.84025735,12.082695
1714,ship__p3__s4,taboo,10,1,1,1.3882953,3.2679915,4.963161,172.08134,0.9035348,-0.8593009,11.373234
1715,ship__p3__s4,taboo,11,1,1,1.7102528,2.0706024,2.6164105,174.07327,0.89105874,-0.8462602,12.409871
1716,ship__p3__s4,taboo,12,1,1,0.80065215,2.1443732,4.7517166,141.98784,0.8907838,-0.8505642,12.044164
1717,ship__p3__s4,taboo,13,1,1,0.26689535,1.0981603,3.3545473,154.79688,0.8860654,-0.8508016,12.62681
1718,ship__p3__s4,taboo,14,1,1,0.21461405,0.9604601,3.429538,196.03308,0.8843197,-0.8460426,12.578932
1719,ship__p3__s4,taboo,15,1,1,0.96465933,1.9085025,2.5411444,204.3047,0.88072973,-0.83374196,12.914107
1720,ship__p3__s4,taboo,16,1,1,0.4750815,1.5295808,3.5649018,177.99443,0.878148,-0.8384144,13.058024
1721,ship__p3__s4,taboo,17,1,1,1.2927185,2.2225978,3.150346,141.03564,0.8865157,-0.84489167,12.642679
1722,ship__p3__s4,taboo,18,1,1,1.0952437,2.9159188,4.5341635,177.43051,0.8836693,-0.8441858,12.905682
1723,ship__p3__s4,taboo,19,1,1,1.3850236,1.3663704,1.6665599,254.33621,0.8820087,-0.8041229,16.224035
1724,ship__p3__s5,taboo,0,1,1,1.0588987,3.2291384,5.475306,261.08307,0.974119,-0.8444249,10.774218
1725,ship__p3__s5,taboo,1,1,1,0.17755151,0.70257294,2.3183026,169.70438,0.9590913,-0.87521124,8.967027
1726,ship__p3__s5,taboo,2,1,1,1.100093,2.7661138,4.4580574,175.08878,0.9458991,-0.8634538,10.233722
1727,ship__p3__s5,taboo,3,1,1,3.2161703,3.2369094,4.7236176,162.41557,0.94324607,-0.8806386,8.993895
1728,ship__p3__s5,taboo,4,1,1,2.5227346,4.0224304,3.9919055,168.69916,0.94187814,-0.89525384,7.5863853
1729,ship__p3__s5,taboo,5,1,1,0.014190951,0.09973201,0.6072657,201.63635,0.93460757,-0.88131934,9.050913
1730,ship__p3__s5,taboo,6,1,1,0.6176316,2.3138075,5.705368,84.13829,0.92836607,-0.8809213,9.261194
1731,ship__p3__s5,taboo,7,1,1,3.2688737,3.3619335,4.030683,158.2247,0.92931896,-0.8909416,8.325848
1732,ship__p3__s5,taboo,8,1,1,0.75471765,2.184629,4.484416,98.40171,0.91495675,-0.87696314,10.265438
1733,ship__p3__s5,taboo,9,1,1,0.602735,1.8639741,4.0949545,199.36362,0.9069113,-0.8581392,11.376639
1734,ship__p3__s5,taboo,10,1,1,0.8181134,1.7502863,1.8419013,186.3818,0.89360124,-0.8376519,13.384642
1735,ship__p3__s5,taboo,11,1,1,1.4806004,3.2042036,6.270151,139.40378,0.8931726,-0.8303286,13.341234
1736,ship__p3__s5,taboo,12,1,1,2.2707045,3.031232,5.3504057,153.72887,0.90233546,-0.8533255,11.211407
1737,ship__p3__s5,taboo,13,1,1,2.7535264,3.4492524,5.0190096,129.36514,0.90598214,-0.86333054,10.893349
1738,ship__p3__s5,taboo,14,1,1,2.2015448,3.1688418,5.509734,195.27739,0.9155121,-0.8761348,9.087163
1739,ship__p3__s5,taboo,15,1,1,0.0015588762,0.013596289,0.09800212,160.54465,0.9021984,-0.86867064,10.501543
1740,ship__p3__s5,taboo,16,1,1,0.7844728,2.5732048,6.1098323,191.32568,0.8946625,-0.85773915,11.309422
1741,ship__p3__s5,taboo,17,1,1,0.007114434,0.05646613,0.39147478,145.57922,0.8746363,-0.83102655,13.307688
1742,ship__p3__s5,taboo,18,1,1,0.4440049,2.1038105,7.0453005,182.523,0.8927164,-0.8550863,11.641523
1743,ship__p3__s5,taboo,19,1,1,2.6750388,2.5067377,5.468293,216.71783,0.89376056,-0.86441433,10.751971
1744,ship__p3__s5,taboo,20,1,1,1.2222869,3.2290804,5.4589033,178.5907,0.8996475,-0.8718271,10.401976
1745,ship__p3__s5,taboo,21,1,1,0.87012845,1.8603736,2.1792004,177.24907,0.8841275,-0.85979414,11.798322
1746,ship__p3__s5,taboo,22,1,1,1.1784084,2.7239776,5.3467007,183.83664,0.8833534,-0.8525471,12.207281
1747,ship__p3__s5,taboo,23,1,1,0.4754128,1.355515,2.120422,152.92819,0.8898654,-0.8596305,11.034546
1748,ship__p3__s5,taboo,24,1,1,0.57838917,1.2694881,2.2325122,191.62614,0.8811526,-0.83839697,14.14167
1749,ship__p3__s5,taboo,25,1,1,0.025359241,0.17858163,1.0053034,248.02892,0.88126385,-0.7989274,16.965366
1750,ship__p3__s6,taboo,0,1,1,2.920775,3.2282991,5.5330534,264.85184,0.97600615,-0.88290113,8.010103
1751,ship__p3__s6,taboo,1,1,1,0.52701116,1.5928342,4.0005884,146.00104,0.9552705,-0.87941283,8.863137
1752,ship__p3__s6,taboo,2,1,1,0.30630594,1.6956736,6.905369,171.01433,0.9454984,-0.87886477,9.173112
1753,ship__p3__s6,taboo,3,1,1,1.3965137,3.6729536,6.0428653,182.91316,0.94126254,-0.886572,8.488722
1754,ship__p3__s6,taboo,4,1,1,2.3240905,3.1988456,5.161595,197.42542,0.9409848,-0.89717543,7.532181
1755,ship__p3__s6,taboo,5,1,1,1.5364335,1.9606133,2.7425017,99.11628,0.9361871,-0.8979592,7.5758004
1756,ship__p3__s6,taboo,6,1,1,0.30443278,0.7242491,1.2715378,203.11142,0.9181756,-0.87325525,10.240182
1757,ship__p3__s6,taboo,7,1,1,0.5436447,1.6991107,2.9704504,173.7465,0.90321666,-0.8537499,12.107924
1758,ship__p3__s6,taboo,8,1,1,2.5566168,3.9231403,7.10553,196.14848,0.9164525,-0.87582886,9.25596
1759,ship__p3__s6,taboo,9,1,1,1.3640004,2.9416013,4.233104,177.02939,0.9138207,-0.8794527,9.627007
1760,ship__p3__s6,taboo,10,1,1,1.5748093,1.4304333,2.1466584,192.49294,0.89743644,-0.86201286,11.0596285
1761,ship__p3__s6,taboo,11,1,1,0.8248152,2.6907752,5.1054387,187.43797,0.9071683,-0.87149614,10.502673
1762,ship__p3__s6,taboo,12,1,1,0.009395077,0.07110463,0.43115962,162.79977,0.8951017,-0.8581478,11.668513
1763,ship__p3__s6,taboo,13,1,1,0.044783596,0.19350079,0.5723352,105.53388,0.8858969,-0.85306066,11.775805
1764,ship__p3__s6,taboo,14,1,1,0.25037596,1.1473324,4.2581997,83.45593,0.8940882,-0.8647985,10.460483
1765,ship__p3__s6,taboo,15,1,1,4.71345,4.8202515,5.337134,267.74762,0.91632164,-0.88851875,8.3825
1766,ship__p3__s6,taboo,16,1,1,0.037136815,0.17234619,0.5407616,250.28006,0.8765501,-0.8427486,13.661679
1767,ship__p3__s6,taboo,17,1,1,1.7148459,2.981347,3.0283756,189.11293,0.8847008,-0.85277146,11.820142
1768,ship__p3__s6,taboo,18,1,1,0.38538188,1.514429,3.603478,135.65588,0.8955854,-0.8635006,10.782681
1769,ship__p3__s6,taboo,19,1,1,0.5399642,1.2383006,1.5751333,191.54721,0.8770735,-0.8251373,15.397879
1770,ship__p3__s6,taboo,20,1,1,0.27567872,1.0884892,2.8354208,245.70747,0.8954538,-0.80720943,15.930161
1771,ship__p3__s7,taboo,0,1,1,1.031666,3.233082,5.59132,261.18616,0.9740947,-0.84456724,10.767343
1772,ship__p3__s7,taboo,1,1,1,0.19975774,0.76242614,2.430652,169.5794,0.9590379,-0.8750725,8.981541
1773,ship__p3__s7,taboo,2,1,1,1.1484386,2.8438578,4.506196,175.01581,0.9458926,-0.8634159,10.238891
1774,ship__p3__s7,taboo,3,1,1,1.146675,3.164845,4.7970114,111.441,0.9471347,-0.88246405,8.452715
1775,ship__p3__s7,taboo,4,1,1,1.3764559,3.3387785,5.9127817,183.0544,0.9355923,-0.869904,9.881046
1776,ship__p3__s7,taboo,5,1,1,0.00092809036,0.011113962,0.12292524,161.88782,0.9373362,-0.88395625,9.319013
1777,ship__p3__s7,taboo,6,1,1,1.7293017,4.437093,6.328316,193.64272,0.9301449,-0.8858021,8.763071
1778,ship__p3__s7,taboo,7,1,1,0.81726664,2.086824,2.983327,171.52237,0.9266338,-0.885585,8.741668
1779,ship__p3__s7,taboo,8,1,1,2.6087441,1.9592187,2.8259249,177.27713,0.9099458,-0.86746424,11.148155
1780,ship__p3__s7,taboo,9,1,1,1.9698707,1.4341781,2.566986,190.02295,0.8919432,-0.84429073,13.014058
1781,ship__p3__s7,taboo,10,1,1,1.064142,2.6050467,5.837512,147.88823,0.9076864,-0.8613688,10.040922
1782,ship__p3__s7,taboo,11,1,1,0.8630041,2.3765342,5.40621,156.50555,0.9118952,-0.87126917,9.470421
1783,ship__p3__s7,taboo,12,1,1,1.7784662,2.9799218,3.2399583,184.62337,0.9091832,-0.8660579,10.106747
1784,ship__p3__s7,taboo,13,1,1,0.7660764,1.0560274,0.5450204,151.00653,0.90169406,-0.86457914,10.8601
1785,ship__p3__s7,taboo,14,1,1,1.6499224,2.5305166,2.9364834,117.38839,0.9125768,-0.8776142,9.612445
1786,ship__p3__s7,taboo,15,1,1,0.23615798,0.76782835,1.4966726,141.58952,0.8957605,-0.85857767,11.698133
1787,ship__p3__s7,taboo,16,1,1,0.84631574,1.7367249,1.4678568,155.50664,0.8850522,-0.85226077,12.483834
1788,ship__p3__s7,taboo,17,1,1,0.21727683,1.1170939,4.133392,169.41945,0.8847186,-0.8405941,13.528013
1789,ship__p3__s7,taboo,18,1,1,1.3315269,1.4496897,1.5382822,255.43008,0.89359117,-0.8091205,15.726999
1790,snow__p0__s0,taboo,0,1,0,0.106088035,0.85509574,6.1284695,247.2126,0.9741561,-0.8309453,10.606024
1791,snow__p0__s0,taboo,1,1,0,0.57398325,1.4933951,2.069347,152.84695,0.957181,-0.8489035,9.298832
1792,snow__p0__s0,taboo,2,1,0,0.00832835,0.071881026,0.5254968,175.06764,0.9505259,-0.8669853,7.8790603
1793,snow__p0__s0,taboo,3,1,0,0.013539978,0.10622132,0.6787375,156.93271,0.926259,-0.809099,13.795876
1794,snow__p0__s0,taboo,4,1,0,0.0024010895,0.018682718,0.124173135,115.124756,0.9319208,-0.841482,10.578663
1795,snow__p0__s0,taboo,5,1,0,0.025281252,0.17661682,1.0084012,165.0679,0.9248134,-0.83267635,11.499177
1796,snow__p0__s0,taboo,6,1,0,0.023138406,0.15820207,0.85358524,132.02057,0.9120394,-0.83210546,11.528082
1797,snow__p0__s0,taboo,7,1,0,0.018711483,0.09634784,0.34514144,142.933,0.9199982,-0.8321624,11.688275
1798,snow__p0__s0,taboo,8,1,0,0.15921357,0.7283146,2.2973545,165.12128,0.92168677,-0.83747625,11.3301
1799,snow__p0__s0,taboo,9,1,0,0.5817711,0.7330696,0.34713364,122.38688,0.91474485,-0.8207431,12.916429
1800,snow__p0__s0,taboo,10,1,0,0.0043269824,0.036569808,0.27086955,113.89581,0.9091298,-0.82576174,12.963413
1801,snow__p0__s0,taboo,11,1,0,0.0010634965,0.012391508,0.12863886,159.30078,0.89290875,-0.8269376,12.61423
1802,snow__p0__s0,taboo,12,1,0,0.47035962,1.4694617,2.6471932,90.10922,0.8874273,-0.8310871,11.510044
1803,snow__p0__s0,taboo,13,1,0,1.4066467,2.282202,1.5543647,145.51788,0.8783243,-0.8063857,13.949379
1804,snow__p0__s0,taboo,14,1,0,0.09181376,0.411223,1.2288189,131.64355,0.8962327,-0.83424103,11.7798605
1805,snow__p0__s0,taboo,15,1,0,0.36762786,1.0860428,1.6000149,105.21352,0.8921982,-0.83228886,12.193303
1806,snow__p0__s0,taboo,16,1,0,0.5521894,1.0574584,1.4817035,161.83754,0.8858001,-0.82359457,13.085423
1807,snow__p0__s0,taboo,17,1,0,0.8285015,1.6655494,1.8603698,164.32457,0.8792338,-0.81156045,14.921253
1808,snow__p0__s0,taboo,18,1,0,1.0192057,1.6824577,1.4847037,155.01407,0.88003933,-0.81346,14.30576
1809,snow__p0__s0,taboo,19,1,0,0.04293208,0.20263223,0.7135855,137.04713,0.8756127,-0.80585,15.948847
1810,snow__p0__s0,taboo,20,1,0,0.6741421,1.0621259,0.33355004,107.18876,0.8611182,-0.7853033,18.924587
1811,snow__p0__s0,taboo,21,1,0,0.0025184602,0.02387263,0.196464,111.413124,0.86869717,-0.7920455,17.421104
1812,snow__p0__s0,taboo,22,1,0,0.0031914988,0.02610429,0.18877321,163.39293,0.8457192,-0.7860972,18.0091
1813,snow__p0__s0,taboo,23,1,0,0.13482267,0.510665,1.2786205,219.35648,0.86498916,-0.80803406,13.052882
1814,snow__p0__s0,taboo,24,1,0,0.11878781,0.6089846,2.1676598,193.3641,0.8823533,-0.830299,11.591736
1815,snow__p0__s0,taboo,25,1,0,0.00007724464,0.0010511696,0.012798761,158.82674,0.86761904,-0.8108825,13.161459
1816,snow__p0__s0,taboo,26,1,0,0.037793044,0.2033303,0.88486403,154.36282,0.86551243,-0.81638014,12.740369
1817,snow__p0__s0,taboo,27,1,0,0.83299285,1.2263914,0.62898296,94.97627,0.864601,-0.8197479,12.390525
1818,snow__p0__s0,taboo,28,1,0,0.010441673,0.06857424,0.35222095,108.567314,0.8592622,-0.81394243,13.45607
1819,snow__p0__s0,taboo,29,1,0,0.012592919,0.07835201,0.37507713,146.8139,0.86482847,-0.8243284,12.624186
1820,snow__p0__s1,taboo,0,1,0,0.1057878,0.8510485,6.09293,246.87608,0.9741154,-0.8311972,10.5937195
1821,snow__p0__s1,taboo,1,1,0,0.57392216,1.4930446,2.0679178,152.90634,0.9571886,-0.8490917,9.293037
1822,snow__p0__s1,taboo,2,1,0,0.008322321,0.07183141,0.5252372,174.9946,0.9504331,-0.86681587,7.8907285
1823,snow__p0__s1,taboo,3,1,0,0.013549269,0.10632296,0.6797127,157.0306,0.92623734,-0.8090665,13.8082905
1824,snow__p0__s1,taboo,4,1,0,0.0024034681,0.018705025,0.12433696,116.10991,0.931861,-0.8412981,10.586718
1825,snow__p0__s1,taboo,5,1,0,0.028624339,0.1961979,1.0960927,164.7948,0.92485684,-0.8327552,11.494029
1826,snow__p0__s1,taboo,6,1,0,0.025935315,0.17401874,0.91789955,132.42372,0.9120473,-0.8321657,11.5155
1827,snow__p0__s1,taboo,7,1,0,0.018710312,0.09633148,0.34490246,143.2875,0.92007107,-0.8322477,11.671337
1828,snow__p0__s1,taboo,8,1,0,0.15681887,0.7203649,2.2913008,164.99161,0.92156035,-0.8373515,11.336229
1829,snow__p0__s1,taboo,9,1,0,0.58212477,0.7351553,0.35560018,122.52185,0.91466516,-0.8207291,12.910498
1830,snow__p0__s1,taboo,10,1,0,0.0043104836,0.03638017,0.2689693,113.77005,0.90909934,-0.8256156,12.96798
1831,snow__p0__s1,taboo,11,1,0,0.0010595666,0.012361594,0.1285005,159.70546,0.89272267,-0.82686806,12.621506
1832,snow__p0__s1,taboo,12,1,0,0.47053474,1.4706025,2.6530354,89.74679,0.887174,-0.83078957,11.527969
1833,snow__p0__s1,taboo,13,1,0,1.6572537,2.2843924,1.5586745,222.23494,0.88534147,-0.8111235,12.826241
1834,snow__p0__s1,taboo,14,1,0,0.28460276,0.96538985,2.1273217,192.96893,0.88570344,-0.819886,12.313665
1835,snow__p0__s1,taboo,15,1,0,0.00010227634,0.0013747234,0.016574962,147.16304,0.886313,-0.8169059,12.880468
1836,snow__p0__s1,taboo,16,1,0,0.10783596,0.4385415,1.4107077,153.77155,0.8808028,-0.8223693,12.240858
1837,snow__p0__s1,taboo,17,1,0,1.1038008,1.1609004,0.76599824,116.99303,0.88233083,-0.82889175,11.946822
1838,snow__p0__s1,taboo,18,1,0,1.1629106,1.2868586,1.5070205,165.34415,0.88299906,-0.8290597,11.749737
1839,snow__p0__s1,taboo,19,1,0,0.15045874,0.4514268,0.7838156,63.378986,0.8803394,-0.8223624,12.704111
1840,snow__p0__s1,taboo,20,1,0,0.010679711,0.08344266,0.531687,116.44693,0.87232006,-0.7985464,14.957858
1841,snow__p0__s1,taboo,21,1,0,0.6772847,0.9085654,0.95575285,94.216095,0.87323296,-0.81203383,13.330127
1842,snow__p0__s1,taboo,22,1,0,0.07284065,0.27669206,0.7145882,164.2999,0.8753703,-0.8261464,12.708552
1843,snow__p0__s1,taboo,23,1,0,0.6245256,1.4950948,1.5804927,170.40108,0.872414,-0.8301684,12.672518
1844,snow__p0__s1,taboo,24,1,0,1.2046072,2.231597,1.5996139,162.27376,0.88470525,-0.84510785,11.186738
1845,snow__p0__s1,taboo,25,1,0,0.19400689,0.70445406,1.3680916,140.51385,0.8696486,-0.8032319,14.997584
1846,snow__p0__s1,taboo,26,1,0,0.1396767,0.5122923,1.2003608,145.05241,0.8714195,-0.8292832,13.1833315
1847,snow__p0__s1,taboo,27,1,0,0.09224714,0.406258,1.2407387,162.27351,0.84235466,-0.8025503,15.637231
1848,snow__p0__s1,taboo,28,1,0,0.23170324,0.82781625,1.7768505,244.8876,0.84985965,-0.7858644,15.811682
1849,snow__p0__s1,taboo,29,1,0,0.39359868,1.2924178,2.646108,202.9635,0.86752665,-0.8187281,12.333157
1850,snow__p0__s2,taboo,0,1,0,0.106088035,0.85509574,6.1284695,247.2126,0.9741561,-0.8309453,10.606024
1851,snow__p0__s2,taboo,1,1,0,1.8239832,1.4933951,2.069347,165.8084,0.95650953,-0.8566209,8.615426
1852,snow__p0__s2,taboo,2,1,0,0.26776072,0.67404974,0.7628355,164.75327,0.9384353,-0.8391275,10.636862
1853,snow__p0__s2,taboo,3,1,0,0.15148318,0.5239332,1.2044667,140.50047,0.93036294,-0.8364053,11.207691
1854,snow__p0__s2,taboo,4,1,0,0.014157925,0.104002476,0.63001394,167.17807,0.9279479,-0.84418297,10.435856
1855,snow__p0__s2,taboo,5,1,0,0.03873432,0.19120602,0.7098217,141.68951,0.9226479,-0.8207675,13.014502
1856,snow__p0__s2,taboo,6,1,0,0.34903082,1.4729029,4.182225,170.50804,0.92067236,-0.83313495,12.246273
1857,snow__p0__s2,taboo,7,1,0,0.10617638,0.49058878,1.5318328,139.18681,0.9073481,-0.8201936,13.188394
1858,snow__p0__s2,taboo,8,1,0,0.0021030232,0.01759706,0.1268723,141.03316,0.90918833,-0.81182617,13.411615
1859,snow__p0__s2,taboo,9,1,0,0.052114725,0.3103457,1.424951,167.61377,0.9169995,-0.82589245,12.396713
1860,snow__p0__s2,taboo,10,1,0,0.90232605,0.7127803,0.3232203,115.76403,0.91330636,-0.7928698,15.956858
1861,snow__p0__s2,taboo,11,1,0,0.07974009,0.32588992,0.9775116,122.18198,0.90859896,-0.80953664,14.351781
1862,snow__p0__s2,taboo,12,1,0,0.0018181951,0.018521797,0.16706651,143.29358,0.8820946,-0.80832493,15.09401
1863,snow__p0__s2,taboo,13,1,0,0.1688039,0.61579716,1.6135905,110.41326,0.88284874,-0.8144871,13.235389
1864,snow__p0__s2,taboo,14,1,0,0.2579873,0.87071884,1.8263603,182.41829,0.88216275,-0.79973286,14.566291
1865,snow__p0__s2,taboo,15,1,0,0.023771403,0.1163132,0.39918765,133.80447,0.8886382,-0.8179483,11.9160795
1866,snow__p0__s2,taboo,16,1,0,0.025911503,0.16466632,0.8554796,146.40393,0.89386606,-0.8228679,11.705026
1867,snow__p0__s2,taboo,17,1,0,0.059699915,0.2529432,0.7776123,124.6275,0.8934364,-0.8339599,11.199068
1868,snow__p0__s2,taboo,18,1,0,0.014424102,0.07711174,0.28566796,148.31685,0.87605757,-0.829047,11.9764595
1869,snow__p0__s2,taboo,19,1,0,0.32951185,1.222918,2.9463124,131.95087,0.87553936,-0.83439523,11.670901
1870,snow__p0__s2,taboo,20,1,0,0.00037746457,0.0052731745,0.06910341,154.96822,0.87328,-0.82687587,12.4268055
1871,snow__p0__s2,taboo,21,1,0,1.1977422,2.1420884,1.7096817,208.41234,0.8667074,-0.7963447,14.266901
1872,snow__p0__s2,taboo,22,1,0,0.5374027,1.5828216,2.6053848,186.35104,0.8751129,-0.8091292,13.407902
1873,snow__p0__s2,taboo,23,1,0,0.00008129743,0.0010822541,0.01303098,149.1437,0.8751415,-0.8064856,14.1255455
1874,snow__p0__s2,taboo,24,1,0,0.04917095,0.27451295,1.27145,153.38322,0.87075096,-0.8128461,13.30415
1875,snow__p0__s2,taboo,25,1,0,0.92752314,1.2253612,0.63772005,124.31517,0.8715627,-0.8209972,12.905478
1876,snow__p0__s2,taboo,26,1,0,1.2600691,1.5113152,1.6487789,166.97858,0.87476957,-0.8238579,12.335368
1877,snow__p0__s2,taboo,27,1,0,0.14642401,0.42659062,0.6749093,69.23254,0.87499654,-0.8183301,12.993687
1878,snow__p0__s2,taboo,28,1,0,0.0070902877,0.059413303,0.40850204,121.30949,0.86531675,-0.79256976,15.632938
1879,snow__p0__s2,taboo,29,1,0,0.51700985,0.8907142,1.1106483,98.032005,0.8684832,-0.81044024,13.591614
1880,snow__p0__s3,taboo,0,1,0,0.1048447,0.84202605,6.015628,246.83495,0.9741885,-0.8314137,10.587011
1881,snow__p0__s3,taboo,1,1,0,0.53199506,1.4388597,2.0825324,152.86842,0.95716375,-0.84903544,9.299967
1882,snow__p0__s3,taboo,2,1,0,0.00760588,0.066186845,0.48771352,175.24754,0.9503292,-0.866764,7.8848963
1883,snow__p0__s3,taboo,3,1,0,0.013880272,0.10849142,0.6898153,157.22395,0.92626625,-0.80922395,13.789981
1884,snow__p0__s3,taboo,4,1,0,0.0024046572,0.018721212,0.124540605,115.90341,0.9318725,-0.841506,10.583392
1885,snow__p0__s3,taboo,5,1,0,0.028560158,0.19563451,1.0920373,165.22139,0.92480767,-0.8328506,11.49239
1886,snow__p0__s3,taboo,6,1,0,0.027377877,0.18067002,0.9349019,132.3159,0.9119878,-0.83228666,11.519449
1887,snow__p0__s3,taboo,7,1,0,0.01871312,0.09636329,0.3452341,142.95009,0.91993654,-0.8321476,11.685886
1888,snow__p0__s3,taboo,8,1,0,0.15913172,0.72786564,2.2965345,165.03612,0.92166865,-0.83760405,11.320558
1889,snow__p0__s3,taboo,9,1,0,0.58176965,0.7330576,0.34714606,122.6802,0.91472316,-0.8208024,12.899096
1890,snow__p0__s3,taboo,10,1,0,0.0043349345,0.03664636,0.27139515,113.936775,0.90916413,-0.8257944,12.950126
1891,snow__p0__s3,taboo,11,1,0,0.0010696887,0.0124686975,0.12949422,159.08913,0.8926316,-0.8268653,12.62122
1892,snow__p0__s3,taboo,12,1,0,0.47050688,1.4703715,2.6511035,90.197586,0.88718975,-0.83083487,11.521502
1893,snow__p0__s3,taboo,13,1,0,1.656367,2.282546,1.5594605,221.9645,0.88536,-0.81123704,12.813551
1894,snow__p0__s3,taboo,14,1,0,0.30474064,0.9954452,2.1007035,192.99301,0.8856945,-0.8199529,12.297346
1895,snow__p0__s3,taboo,15,1,0,0.000102514736,0.0013841944,0.016761038,147.12439,0.8862498,-0.8168489,12.880928
1896,snow__p0__s3,taboo,16,1,0,0.10773857,0.43774748,1.4056385,153.77171,0.88072294,-0.82234985,12.240032
1897,snow__p0__s3,taboo,17,1,0,0.7502407,1.1770954,0.73821855,95.93962,0.87684,-0.8254306,11.85665
1898,snow__p0__s3,taboo,18,1,0,0.01208849,0.07696387,0.3780126,108.65609,0.87126184,-0.8208696,12.850243
1899,snow__p0__s3,taboo,19,1,0,0.010629112,0.067891076,0.34225023,145.97643,0.87703586,-0.83033574,12.153805
1900,snow__p0__s3,taboo,20,1,0,0.00016592556,0.0019508577,0.020771157,132.48686,0.8800437,-0.8259184,12.613249
1901,snow__p0__s3,taboo,21,1,0,0.4893862,1.1805025,1.3891567,144.95772,0.87525725,-0.820682,13.062301
1902,snow__p0__s3,taboo,22,1,0,0.0006531727,0.0066702235,0.060199738,97.77351,0.8748374,-0.8173916,13.322411
1903,snow__p0__s3,taboo,23,1,0,0.0068706926,0.054891195,0.35771304,112.74433,0.8682507,-0.79842967,15.246015
1904,snow__p0__s3,taboo,24,1,0,1.259678,0.77851564,0.8870689,89.55384,0.87144095,-0.81217337,13.353429
1905,snow__p0__s3,taboo,25,1,0,0.05660326,0.2279048,0.6249544,155.447,0.86953044,-0.8213784,13.247376
1906,snow__p0__s3,taboo,26,1,0,0.89609534,1.6522192,1.1012747,164.43654,0.87020403,-0.83002913,12.792116
1907,snow__p0__s3,taboo,27,1,0,1.7203168,2.0610933,1.8219088,89.84705,0.86912906,-0.83112013,12.565034
1908,snow__p0__s3,taboo,28,1,0,0.004022128,0.034505434,0.2442021,94.276596,0.8671508,-0.8175139,14.284576
1909,snow__p0__s3,taboo,29,1,0,0.022837136,0.16131213,0.91259444,151.11668,0.8665662,-0.82260656,14.16417
1910,snow__p0__s4,taboo,0,1,0,0.106088035,0.85509574,6.1284695,247.2126,0.9741561,-0.8309453,10.606024
1911,snow__p0__s4,taboo,1,1,0,1.8239832,1.4933951,2.069347,165.8084,0.95650953,-0.8566209,8.615426
1912,snow__p0__s4,taboo,2,1,0,0.26776072,0.67404974,0.7628355,164.75327,0.9384353,-0.8391275,10.636862
1913,snow__p0__s4,taboo,3,1,0,0.15148318,0.5239332,1.2044667,140.50047,0.93036294,-0.8364053,11.207691
1914,snow__p0__s4,taboo,4,1,0,0.014157925,0.104002476,0.63001394,167.17807,0.9279479,-0.84418297,10.435856
1915,snow__p0__s4,taboo,5,1,0,0.03873432,0.19120602,0.7098217,141.68951,0.9226479,-0.8207675,13.014502
1916,snow__p0__s4,taboo,6,1,0,0.34903082,1.4729029,4.182225,170.50804,0.92067236,-0.83313495,12.246273
1917,snow__p0__s4,taboo,7,1,0,0.10617638,0.49058878,1.5318328,139.18681,0.9073481,-0.8201936,13.188394
1918,snow__p0__s4,taboo,8,1,0,0.0021030232,0.01759706,0.1268723,141.03316,0.90918833,-0.81182617,13.411615
1919,snow__p0__s4,taboo,9,1,0,0.052114725,0.3103457,1.424951,167.61377,0.9169995,-0.82589245,12.396713
1920,snow__p0__s4,taboo,10,1,0,0.90232605,0.7127803,0.3232203,115.76403,0.91330636,-0.7928698,15.956858
1921,snow__p0__s4,taboo,11,1,0,0.07974009,0.32588992,0.9775116,122.18198,0.90859896,-0.80953664,14.351781
1922,snow__p0__s4,taboo,12,1,0,0.0018181951,0.018521797,0.16706651,143.29358,0.8820946,-0.80832493,15.09401
1923,snow__p0__s4,taboo,13,1,0,0.1688039,0.61579716,1.6135905,110.41326,0.88284874,-0.8144871,13.235389
1924,snow__p0__s4,taboo,14,1,0,0.2579873,0.87071884,1.8263603,182.41829,0.88216275,-0.79973286,14.566291
1925,snow__p0__s4,taboo,15,1,0,0.023771403,0.1163132,0.39918765,133.80447,0.8886382,-0.8179483,11.9160795
1926,snow__p0__s4,taboo,16,1,0,0.025911503,0.16466632,0.8554796,146.40393,0.89386606,-0.8228679,11.705026
1927,snow__p0__s4,taboo,17,1,0,0.059699915,0.2529432,0.7776123,124.6275,0.8934364,-0.8339599,11.199068
1928,snow__p0__s4,taboo,18,1,0,0.014424102,0.07711174,0.28566796,148.31685,0.87605757,-0.829047,11.9764595
1929,snow__p0__s4,taboo,19,1,0,0.32951185,1.222918,2.9463124,131.95087,0.87553936,-0.83439523,11.670901
1930,snow__p0__s4,taboo,20,1,0,0.00037746457,0.0052731745,0.06910341,154.96822,0.87328,-0.82687587,12.4268055
1931,snow__p0__s4,taboo,21,1,0,1.6977422,2.1420884,1.7096817,214.17924,0.86863476,-0.79899913,14.077433
1932,snow__p0__s4,taboo,22,1,0,1.643079,1.4320605,2.232824,197.34067,0.8811165,-0.8187544,12.148704
1933,snow__p0__s4,taboo,23,1,0,0.39456567,1.2491666,2.383428,176.75996,0.89625996,-0.8571355,9.232547
1934,snow__p0__s4,taboo,24,1,0,2.0858521,2.0043406,2.424725,205.02234,0.90171665,-0.8508534,10.514365
1935,snow__p0__s4,taboo,25,1,0,0.0052476283,0.032890283,0.14735807,192.45097,0.8645057,-0.83260053,12.367965
1936,snow__p0__s4,taboo,26,1,0,0.021749083,0.12391114,0.5184241,154.94226,0.8621972,-0.8291836,12.850355
1937,snow__p0__s4,taboo,27,1,0,0.009973337,0.06678751,0.35548264,131.16643,0.8526569,-0.8001343,16.968136
1938,snow__p0__s4,taboo,28,1,0,0.00017510311,0.0022979183,0.027535861,119.66332,0.8545496,-0.8153209,14.744465
1939,snow__p0__s4,taboo,29,1,0,2.1099253,1.7026231,1.5756602,176.34853,0.8638504,-0.82324094,13.575388
1940,snow__p0__s5,taboo,0,1,0,0.10609758,0.8572171,6.1604514,246.95615,0.9742406,-0.83136076,10.590119
1941,snow__p0__s5,taboo,1,1,0,0.5736625,1.4916582,2.06502,153.2166,0.9571853,-0.8489111,9.306554
1942,snow__p0__s5,taboo,2,1,0,0.008494792,0.073021315,0.5310888,175.31905,0.9503976,-0.86685723,7.883651
1943,snow__p0__s5,taboo,3,1,0,0.013782335,0.10779617,0.6861956,157.06085,0.9263178,-0.8093502,13.781977
1944,snow__p0__s5,taboo,4,1,0,0.0024026355,0.018707585,0.12452444,115.43005,0.9318267,-0.8414356,10.5839615
1945,snow__p0__s5,taboo,5,1,0,0.025044922,0.17552552,1.0070119,164.85794,0.9248501,-0.8328314,11.492539
1946,snow__p0__s5,taboo,6,1,0,0.025334833,0.17066297,0.9059551,132.26852,0.9122633,-0.83280843,11.49707
1947,snow__p0__s5,taboo,7,1,0,0.018711248,0.09634144,0.34501445,143.0967,0.9199893,-0.8321735,11.683149
1948,snow__p0__s5,taboo,8,1,0,0.17728226,0.78601736,2.3812103,165.25858,0.92156184,-0.8374659,11.32593
1949,snow__p0__s5,taboo,9,1,0,0.58171874,0.7326907,0.34528375,122.698395,0.9145874,-0.8207016,12.914485
1950,snow__p0__s5,taboo,10,1,0,0.004324727,0.036532257,0.27030605,113.835526,0.90906256,-0.8258075,12.961547
1951,snow__p0__s5,taboo,11,1,0,0.0010698078,0.012465414,0.12936431,159.40018,0.8928087,-0.8269827,12.607935
1952,snow__p0__s5,taboo,12,1,0,0.46781015,1.4633418,2.6534033,90.18586,0.8872604,-0.83104897,11.510651
1953,snow__p0__s5,taboo,13,1,0,1.6647582,2.2871163,1.544293,222.01756,0.885397,-0.8112755,12.807555
1954,snow__p0__s5,taboo,14,1,0,0.2859176,0.9719861,2.1470735,193.16875,0.88564205,-0.8199237,12.310048
1955,snow__p0__s5,taboo,15,1,0,0.00010132276,0.0013660144,0.016540244,147.27179,0.886222,-0.81683314,12.879968
1956,snow__p0__s5,taboo,16,1,0,0.10716149,0.43507707,1.4002709,153.59404,0.880794,-0.822457,12.234582
1957,snow__p0__s5,taboo,17,1,0,1.1038098,1.1609821,0.76653427,116.77378,0.88216746,-0.8288401,11.947275
1958,snow__p0__s5,taboo,18,1,0,0.6606412,1.2798057,1.4999721,157.22318,0.87763363,-0.81867933,12.756697
1959,snow__p0__s5,taboo,19,1,0,0.00069570175,0.0073617543,0.06955992,99.764915,0.8818922,-0.8223893,12.615816
1960,snow__p0__s5,taboo,20,1,0,0.0091135,0.07215445,0.4698017,113.574936,0.87188405,-0.797517,15.116315
1961,snow__p0__s5,taboo,21,1,0,0.61574733,0.89401793,1.002303,177.30388,0.8763385,-0.82536584,12.686657
1962,snow__p0__s5,taboo,22,1,0,0.46829265,1.2846766,1.7428367,165.16371,0.872507,-0.82948667,12.544687
1963,snow__p0__s5,taboo,23,1,0,0.012024653,0.08713855,0.49965823,95.11249,0.8723049,-0.8332677,12.245951
1964,snow__p0__s5,taboo,24,1,0,0.009052544,0.06637638,0.3931265,93.01695,0.869456,-0.8190299,14.123505
1965,snow__p0__s5,taboo,25,1,0,0.024421336,0.17070428,0.96257657,151.80168,0.86862,-0.8246641,13.88597
1966,snow__p0__s5,taboo,26,1,0,0.6042908,1.3326194,1.5239424,82.41567,0.85301757,-0.7954984,17.06325
1967,snow__p0__s5,taboo,27,1,0,0.3306922,1.1001344,2.264367,247.52744,0.852374,-0.78737134,15.671564
1968,snow__p0__s5,taboo,28,1,0,0.78010285,1.8622123,2.418111,207.30464,0.8727608,-0.82506746,11.891049
1969,snow__p0__s5,taboo,29,1,0,0.00013171759,0.001628962,0.018392168,113.0829,0.86776,-0.8209942,12.927734
1970,snow__p0__s6,taboo,0,1,0,0.1048447,0.84202605,6.015628,246.83495,0.9741885,-0.8314137,10.587011
1971,snow__p0__s6,taboo,1,1,0,0.53199506,1.4388597,2.0825324,152.86842,0.95716375,-0.84903544,9.299967
1972,snow__p0__s6,taboo,2,1,0,0.00760588,0.066186845,0.48771352,175.24754,0.9503292,-0.866764,7.8848963
1973,snow__p0__s6,taboo,3,1,0,0.013880272,0.10849142,0.6898153,157.22395,0.92626625,-0.80922395,13.789981
1974,snow__p0__s6,taboo,4,1,0,0.0024046572,0.018721212,0.124540605,115.90341,0.9318725,-0.841506,10.583392
1975,snow__p0__s6,taboo,5,1,0,0.028560158,0.19563451,1.0920373,165.22139,0.92480767,-0.8328506,11.49239
1976,snow__p0__s6,taboo,6,1,0,0.027377877,0.18067002,0.9349019,132.3159,0.9119878,-0.83228666,11.519449
1977,snow__p0__s6,taboo,7,1,0,0.01871312,0.09636329,0.3452341,142.95009,0.91993654,-0.8321476,11.685886
1978,snow__p0__s6,taboo,8,1,0,0.15913172,0.72786564,2.2965345,165.03612,0.92166865,-0.83760405,11.320558
1979,snow__p0__s6,taboo,9,1,0,0.58176965,0.7330576,0.34714606,122.6802,0.91472316,-0.8208024,12.899096
1980,snow__p0__s6,taboo,10,1,0,0.0043349345,0.03664636,0.27139515,113.936775,0.90916413,-0.8257944,12.950126
1981,snow__p0__s6,taboo,11,1,0,0.0010696887,0.0124686975,0.12949422,159.08913,0.8926316,-0.8268653,12.62122
1982,snow__p0__s6,taboo,12,1,0,0.47050688,1.4703715,2.6511035,90.197586,0.88718975,-0.83083487,11.521502
1983,snow__p0__s6,taboo,13,1,0,1.406367,2.282546,1.5594605,145.36217,0.8781032,-0.80640346,13.94431
1984,snow__p0__s6,taboo,14,1,0,0.0922091,0.41338375,1.2361033,131.53009,0.89618766,-0.8343689,11.770767
1985,snow__p0__s6,taboo,15,1,0,0.35989124,1.0720495,1.6116292,105.32662,0.8921575,-0.83244175,12.186477
1986,snow__p0__s6,taboo,16,1,0,0.55411947,1.0639546,1.4891102,161.85007,0.8857462,-0.823599,13.078039
1987,snow__p0__s6,taboo,17,1,0,1.7272127,1.6646355,1.8172871,172.12129,0.88810843,-0.8153824,14.450984
1988,snow__p0__s6,taboo,18,1,0,0.24453893,1.0283735,2.8742476,118.40766,0.8815531,-0.8067275,15.421246
1989,snow__p0__s6,taboo,19,1,0,1.5530137,2.0830975,3.2856393,127.495605,0.879775,-0.8258215,13.0574465
1990,snow__p0__s6,taboo,20,1,0,0.10595455,0.42141074,1.2555178,163.57193,0.85480094,-0.8033585,15.053627
1991,snow__p0__s6,taboo,21,1,0,0.31877178,0.76057476,1.0702326,215.26306,0.86945945,-0.8104728,12.742803
1992,snow__p0__s6,taboo,22,1,0,0.08677217,0.49051848,1.9992437,196.41133,0.8862373,-0.83585817,11.207086
1993,snow__p0__s6,taboo,23,1,0,0.00019512657,0.0023084662,0.024196584,159.33182,0.86856705,-0.81219476,13.0280695
1994,snow__p0__s6,taboo,24,1,0,0.030097501,0.1711103,0.7906436,152.03044,0.8650717,-0.81603205,12.836291
1995,snow__p0__s6,taboo,25,1,0,1.4256945,1.19118,0.72239554,130.82826,0.8549124,-0.80728513,13.826954
1996,snow__p0__s6,taboo,26,1,0,0.032557193,0.19158724,0.83691645,153.75499,0.86812687,-0.82813895,12.060869
1997,snow__p0__s6,taboo,27,1,0,0.000056265202,0.0008424515,0.011633895,135.96193,0.86859673,-0.82135737,13.033703
1998,snow__p0__s6,taboo,28,1,0,0.9361126,1.5207741,0.93159676,173.67767,0.87146723,-0.8288539,12.420673
1999,snow__p0__s6,taboo,29,1,0,0.1194913,0.4712825,1.1314101,153.39351,0.864968,-0.80188066,14.903089
2000,snow__p0__s7,taboo,0,1,0,0.106088035,0.85509574,6.1284695,247.2126,0.9741561,-0.8309453,10.606024
2001,snow__p0__s7,taboo,1,1,0,0.57398325,1.4933951,2.069347,152.84695,0.957181,-0.8489035,9.298832
2002,snow__p0__s7,taboo,2,1,0,0.00832835,0.071881026,0.5254968,175.06764,0.9505259,-0.8669853,7.8790603
2003,snow__p0__s7,taboo,3,1,0,0.013539978,0.10622132,0.6787375,156.93271,0.926259,-0.809099,13.795876
2004,snow__p0__s7,taboo,4,1,0,0.0024010895,0.018682718,0.124173135,115.124756,0.9319208,-0.841482,10.578663
2005,snow__p0__s7,taboo,5,1,0,0.025281252,0.17661682,1.0084012,165.0679,0.9248134,-0.83267635,11.499177
2006,snow__p0__s7,taboo,6,1,0,0.023138406,0.15820207,0.85358524,132.02057,0.9120394,-0.83210546,11.528082
2007,snow__p0__s7,taboo,7,1,0,0.018711483,0.09634784,0.34514144,142.933,0.9199982,-0.8321624,11.688275
2008,snow__p0__s7,taboo,8,1,0,0.15921357,0.7283146,2.2973545,165.12128,0.92168677,-0.83747625,11.3301
2009,snow__p0__s7,taboo,9,1,0,0.5817711,0.7330696,0.34713364,122.38688,0.91474485,-0.8207431,12.916429
2010,snow__p0__s7,taboo,10,1,0,0.0043269824,0.036569808,0.27086955,113.89581,0.9091298,-0.82576174,12.963413
2011,snow__p0__s7,taboo,11,1,0,0.0010634965,0.012391508,0.12863886,159.30078,0.89290875,-0.8269376,12.61423
2012,snow__p0__s7,taboo,12,1,0,0.47035962,1.4694617,2.6471932,90.10922,0.8874273,-0.8310871,11.510044
2013,snow__p0__s7,taboo,13,1,0,1.4066467,2.282202,1.5543647,145.51788,0.8783243,-0.8063857,13.949379
2014,snow__p0__s7,taboo,14,1,0,0.09181376,0.411223,1.2288189,131.64355,0.8962327,-0.83424103,11.7798605
2015,snow__p0__s7,taboo,15,1,0,0.36762786,1.0860428,1.6000149,105.21352,0.8921982,-0.83228886,12.193303
2016,snow__p0__s7,taboo,16,1,0,1.0521894,1.0574584,1.4817035,156.37549,0.88852066,-0.81831217,13.39379
2017,snow__p0__s7,taboo,17,1,0,0.05024761,0.3439504,1.8817165,161.51477,0.8847882,-0.82453793,13.15532
2018,snow__p0__s7,taboo,18,1,0,0.98302007,1.2684085,1.5357219,85.04626,0.87437755,-0.81232196,15.08564
2019,snow__p0__s7,taboo,19,1,0,0.081051186,0.4311331,1.7001805,156.24591,0.86987495,-0.80610925,15.380415
2020,snow__p0__s7,taboo,20,1,0,1.5232496,1.990627,2.672987,159.97054,0.8777821,-0.8111588,14.719421
2021,snow__p0__s7,taboo,21,1,0,0.03193539,0.16918395,0.69887227,137.30713,0.8737959,-0.80344266,16.37129
2022,snow__p0__s7,taboo,22,1,0,1.3346703,1.1064188,0.23554921,85.22611,0.87662405,-0.8112052,15.357921
2023,snow__p0__s7,taboo,23,1,0,0.35649112,0.65766424,0.42090338,121.62439,0.86895967,-0.80184793,16.631573
2024,snow__p0__s7,taboo,24,1,0,0.00093702273,0.010941716,0.114867516,162.70067,0.8440554,-0.78437996,17.639784
2025,snow__p0__s7,taboo,25,1,0,0.052677292,0.26823184,1.0295877,213.12659,0.8604271,-0.8041405,13.4472475
2026,snow__p0__s7,taboo,26,1,0,0.13677152,0.6657976,2.1981757,193.56558,0.8816485,-0.83031476,11.659156
2027,snow__p0__s7,taboo,27,1,0,0.00009750845,0.0012852238,0.015132593,157.11812,0.8658441,-0.81072134,13.2520485
2028,snow__p0__s7,taboo,28,1,0,0.033592403,0.18496096,0.82175916,154.20607,0.8652803,-0.81639194,12.813631
2029,snow__p0__s7,taboo,29,1,0,0.8660439,1.2403936,0.614926,95.347885,0.8635031,-0.81932133,12.546886
2030,snow__p1__s0,taboo,0,1,0,0.54627854,2.9439468,12.184413,249.05777,0.9742589,-0.82525903,10.898004
2031,snow__p1__s0,taboo,1,1,0,0.94601274,1.7803658,2.1758862,166.10751,0.9561813,-0.84196043,9.816343
2032,snow__p1__s0,taboo,2,1,0,0.016833166,0.12540132,0.78383505,180.40842,0.94966274,-0.8663241,7.9006395
2033,snow__p1__s0,taboo,3,1,0,0.015648548,0.12040509,0.7569783,160.08495,0.9240968,-0.8066656,13.884527
2034,snow__p1__s0,taboo,4,1,0,0.0050260862,0.034735717,0.19831501,119.02485,0.9299956,-0.837542,10.8621855
2035,snow__p1__s0,taboo,5,1,0,0.052733723,0.3178956,1.5310807,178.23936,0.9213472,-0.83071816,11.5167465
2036,snow__p1__s0,taboo,6,1,0,0.062173422,0.36349326,1.5643487,133.28426,0.9120289,-0.8366658,11.283783
2037,snow__p1__s0,taboo,7,1,0,0.015645614,0.08791767,0.36624828,148.13156,0.9194462,-0.83099836,11.715938
2038,snow__p1__s0,taboo,8,1,0,0.6596919,1.825778,3.3959818,180.38254,0.92205626,-0.83865577,10.802128
2039,snow__p1__s0,taboo,9,1,0,0.6539037,0.83811796,0.81527096,122.93466,0.91050017,-0.80367166,14.715351
2040,snow__p1__s0,taboo,10,1,0,0.06586327,0.33169815,1.269453,111.33331,0.90446335,-0.8235385,12.454218
2041,snow__p1__s0,taboo,11,1,0,0.0016465929,0.017682396,0.16751972,166.57127,0.8933607,-0.82773745,12.282109
2042,snow__p1__s0,taboo,12,1,0,0.24488902,1.1022928,3.2827334,102.26043,0.8825277,-0.8286066,11.683789
2043,snow__p1__s0,taboo,13,1,0,1.2228367,2.1279783,1.7378926,222.8076,0.8816098,-0.8130526,12.511784
2044,snow__p1__s0,taboo,14,1,0,0.1740952,0.7351494,2.1306715,194.57169,0.8848636,-0.8280522,11.595792
2045,snow__p1__s0,taboo,15,1,0,0.00013290952,0.0017188259,0.019801745,152.02834,0.87749964,-0.8104833,13.679782
2046,snow__p1__s0,taboo,16,1,0,0.12123879,0.5310632,1.9013181,156.29288,0.873865,-0.82111114,12.312404
2047,snow__p1__s0,taboo,17,1,0,0.88636357,1.1515863,0.7135392,94.89009,0.8706592,-0.8237352,11.916255
2048,snow__p1__s0,taboo,18,1,0,0.010679829,0.07007838,0.35966584,110.5857,0.8638753,-0.8182713,12.891951
2049,snow__p1__s0,taboo,19,1,0,0.013322383,0.081010796,0.38259503,147.76474,0.87336814,-0.830622,12.016769
2050,snow__p1__s0,taboo,20,1,0,0.00022146634,0.0024623186,0.024505526,133.77017,0.8721948,-0.8232504,12.818089
2051,snow__p1__s0,taboo,21,1,0,0.49136746,1.1814973,1.4053204,146.47362,0.86876523,-0.81955606,13.08061
2052,snow__p1__s0,taboo,22,1,0,0.00084817194,0.008163625,0.068901725,94.12669,0.86699617,-0.8152092,13.396928
2053,snow__p1__s0,taboo,23,1,0,0.0040608337,0.03623355,0.26884294,114.37079,0.85566807,-0.7933987,15.654765
2054,snow__p1__s0,taboo,24,1,0,0.42324558,0.8079908,0.9420282,169.24237,0.863774,-0.81947136,13.341082
2055,snow__p1__s0,taboo,25,1,0,0.7574124,1.477876,1.2906159,158.86586,0.863776,-0.8273787,12.913767
2056,snow__p1__s0,taboo,26,1,0,0.017062185,0.109964855,0.55425584,89.64658,0.8656961,-0.83276075,12.455698
2057,snow__p1__s0,taboo,27,1,0,0.012992607,0.086457804,0.45205092,91.30994,0.8605544,-0.8155188,14.529913
2058,snow__p1__s0,taboo,28,1,0,0.027264664,0.19085245,1.0600321,146.99333,0.8592998,-0.8184237,14.482381
2059,snow__p1__s0,taboo,29,1,0,0.66451174,1.1510364,1.0034542,84.510765,0.84550315,-0.7895379,17.565971
2060,snow__p1__s1,taboo,0,1,0,0.55747473,2.992703,12.287428,249.00836,0.9742409,-0.82526475,10.897968
2061,snow__p1__s1,taboo,1,1,0,1.3208958,1.7794678,2.1701999,179.8291,0.9564561,-0.84496987,9.918157
2062,snow__p1__s1,taboo,2,1,0,1.6673375,0.78750753,1.1798953,108.97128,0.9351811,-0.8120562,13.32848
2063,snow__p1__s1,taboo,3,1,0,0.02703646,0.1900753,1.0570376,185.4737,0.93144625,-0.8192593,11.997043
2064,snow__p1__s1,taboo,4,1,0,0.26290512,0.9446639,2.0304837,162.29414,0.9227618,-0.8184623,12.901266
2065,snow__p1__s1,taboo,5,1,0,0.13574699,0.5079731,1.4690684,168.00583,0.9237726,-0.83927125,10.822705
2066,snow__p1__s1,taboo,6,1,0,0.007686325,0.05484935,0.32688433,138.69325,0.91759324,-0.8121029,13.474738
2067,snow__p1__s1,taboo,7,1,0,0.45297065,1.655732,4.4478,173.2169,0.91734946,-0.8249755,12.675786
2068,snow__p1__s1,taboo,8,1,0,0.037086617,0.22540298,1.031056,134.35643,0.91052425,-0.83042777,12.073046
2069,snow__p1__s1,taboo,9,1,0,0.019162765,0.10248895,0.41953522,154.65224,0.9045077,-0.8077712,13.809258
2070,snow__p1__s1,taboo,10,1,0,0.19436237,0.9684841,3.4508808,178.66508,0.912105,-0.8219368,12.347132
2071,snow__p1__s1,taboo,11,1,0,1.2826225,0.84628284,0.92989707,126.0744,0.9100982,-0.7943365,15.25034
2072,snow__p1__s1,taboo,12,1,0,0.029762683,0.18294753,0.9151584,108.74746,0.9052345,-0.81969815,12.776065
2073,snow__p1__s1,taboo,13,1,0,0.0028279335,0.028712563,0.25935483,167.81058,0.8860202,-0.8151889,13.825581
2074,snow__p1__s1,taboo,14,1,0,0.23168811,0.8538154,2.194216,114.11599,0.87512463,-0.815118,13.335026
2075,snow__p1__s1,taboo,15,1,0,0.20436706,0.7620256,1.8435539,182.6781,0.8700584,-0.7975205,14.943112
2076,snow__p1__s1,taboo,16,1,0,0.050091263,0.20733997,0.57042354,134.05565,0.8778743,-0.8172683,12.001053
2077,snow__p1__s1,taboo,17,1,0,0.01949367,0.13759325,0.80966127,148.00887,0.8821753,-0.8197579,11.937427
2078,snow__p1__s1,taboo,18,1,0,0.09587325,0.3512135,0.8902917,119.98028,0.8777214,-0.8181044,11.744735
2079,snow__p1__s1,taboo,19,1,0,0.012834211,0.07060988,0.27339512,147.62843,0.87035483,-0.8272338,11.970308
2080,snow__p1__s1,taboo,20,1,0,0.30495593,1.23961,3.2292056,131.49895,0.8713487,-0.8338159,11.558675
2081,snow__p1__s1,taboo,21,1,0,0.00058991194,0.007846225,0.0983423,155.25156,0.86613756,-0.82590324,12.362904
2082,snow__p1__s1,taboo,22,1,0,1.0233376,2.0058951,1.9179159,205.42546,0.8584517,-0.79581136,14.054494
2083,snow__p1__s1,taboo,23,1,0,1.9793437,1.4825413,2.619672,189.94366,0.8719579,-0.8151681,12.272631
2084,snow__p1__s1,taboo,24,1,0,0.45872363,1.4024043,2.4097602,176.18756,0.8911952,-0.8560716,9.267755
2085,snow__p1__s1,taboo,25,1,0,0.64190114,1.8813567,2.9805896,179.9992,0.8667379,-0.83306617,11.70894
2086,snow__p1__s1,taboo,26,1,0,0.034572303,0.15606786,0.47889012,141.62453,0.88730496,-0.84193516,11.765458
2087,snow__p1__s1,taboo,27,1,0,0.0025016938,0.019253585,0.12070903,138.21487,0.85577846,-0.8185999,13.515914
2088,snow__p1__s1,taboo,28,1,0,0.054371223,0.31934714,1.4699142,179.99979,0.8565647,-0.82374144,13.317333
2089,snow__p1__s1,taboo,29,1,0,0.023102062,0.15182419,0.8023849,126.543236,0.84485835,-0.79747766,16.104074
2090,snow__p1__s2,taboo,0,1,0,0.55747473,2.992703,12.287428,249.00836,0.9742409,-0.82526475,10.897968
2091,snow__p1__s2,taboo,1,1,0,0.9458958,1.7794678,2.1701999,166.61153,0.956148,-0.84196293,9.808808
2092,snow__p1__s2,taboo,2,1,0,0.019014932,0.13902365,0.850723,180.6898,0.94960696,-0.8664209,7.8838897
2093,snow__p1__s2,taboo,3,1,0,0.014225739,0.11081966,0.7049793,160.21689,0.9239658,-0.8067465,13.884277
2094,snow__p1__s2,taboo,4,1,0,0.005023714,0.034709655,0.19806764,119.335365,0.929972,-0.8375368,10.866338
2095,snow__p1__s2,taboo,5,1,0,0.052820344,0.3183796,1.5326049,178.44139,0.9212473,-0.83039325,11.542764
2096,snow__p1__s2,taboo,6,1,0,0.05509172,0.32985413,1.4661171,133.1409,0.912004,-0.8363328,11.285167
2097,snow__p1__s2,taboo,7,1,0,0.017410304,0.09489363,0.3786147,148.09903,0.9195082,-0.8310262,11.725475
2098,snow__p1__s2,taboo,8,1,0,0.66421545,1.8408885,3.4170303,180.55115,0.92205644,-0.8387827,10.783816
2099,snow__p1__s2,taboo,9,1,0,0.6536039,0.836843,0.81302154,123.08021,0.910408,-0.8037316,14.707565
2100,snow__p1__s2,taboo,10,1,0,0.060678363,0.31536132,1.2532064,111.245926,0.9045346,-0.8235082,12.448803
2101,snow__p1__s2,taboo,11,1,0,0.0016457598,0.017676523,0.16749665,166.6791,0.8935838,-0.82806647,12.270112
2102,snow__p1__s2,taboo,12,1,0,0.25354016,1.1257892,3.2770195,101.97136,0.8826963,-0.8287112,11.674196
2103,snow__p1__s2,taboo,13,1,0,2.0687153,2.157619,1.7382011,186.51497,0.8838957,-0.8371205,10.0406275
2104,snow__p1__s2,taboo,14,1,0,0.24058612,0.6726425,1.0477338,153.46683,0.89021087,-0.849607,10.306936
2105,snow__p1__s2,taboo,15,1,0,1.9117655,1.3366854,1.4168563,165.42424,0.89472675,-0.8464799,10.267475
2106,snow__p1__s2,taboo,16,1,0,0.011901325,0.07800649,0.40736884,109.17,0.8746551,-0.810101,14.136833
2107,snow__p1__s2,taboo,17,1,0,0.20485164,0.71272546,1.7254486,183.59161,0.8683954,-0.8239641,12.9819565
2108,snow__p1__s2,taboo,18,1,0,0.11640201,0.42638168,0.92409176,193.46442,0.88448316,-0.8279678,12.25807
2109,snow__p1__s2,taboo,19,1,0,0.15878282,0.62308955,1.555407,103.30632,0.87622416,-0.8066868,14.248006
2110,snow__p1__s2,taboo,20,1,0,0.776381,1.029802,1.0424147,171.60518,0.8550523,-0.8026558,15.025009
2111,snow__p1__s2,taboo,21,1,0,0.3530412,0.64472085,0.45219356,189.21579,0.8599263,-0.79501736,14.007801
2112,snow__p1__s2,taboo,22,1,0,0.082063444,0.4115713,1.4922583,181.98895,0.88552165,-0.8391185,11.279431
2113,snow__p1__s2,taboo,23,1,0,0.00006747018,0.0008721066,0.010219503,161.45943,0.86147827,-0.802905,14.037866
2114,snow__p1__s2,taboo,24,1,0,0.069641955,0.29678494,0.9670125,153.61066,0.85689574,-0.81000817,13.271407
2115,snow__p1__s2,taboo,25,1,0,0.882528,1.1298116,0.6106172,121.05839,0.8626035,-0.81920224,12.884062
2116,snow__p1__s2,taboo,26,1,0,0.65600836,1.3693669,1.6386127,162.53862,0.8586076,-0.8094632,13.619974
2117,snow__p1__s2,taboo,27,1,0,0.00040713605,0.0045727836,0.04637273,103.656715,0.8631575,-0.8141988,13.324868
2118,snow__p1__s2,taboo,28,1,0,0.0046665096,0.041851304,0.31305665,116.10635,0.8492817,-0.78846836,16.037018
2119,snow__p1__s2,taboo,29,1,0,0.5556805,0.86175394,0.96464026,97.51675,0.85322267,-0.8059563,13.916088
2120,snow__p1__s3,taboo,0,1,0,0.55747473,2.992703,12.287428,249.00836,0.9742409,-0.82526475,10.897968
2121,snow__p1__s3,taboo,1,1,0,1.3208958,1.7794678,2.1701999,179.8291,0.9564561,-0.84496987,9.918157
2122,snow__p1__s3,taboo,2,1,0,0.29233757,0.78750753,1.1798953,173.62872,0.9375663,-0.8296428,11.384501
2123,snow__p1__s3,taboo,3,1,0,0.21167235,0.70292896,1.5239589,134.187,0.92868334,-0.8226051,12.508235
2124,snow__p1__s3,taboo,4,1,0,0.03479016,0.20318916,0.968663,169.42474,0.9289914,-0.84082204,10.658125
2125,snow__p1__s3,taboo,5,1,0,0.020031184,0.119511195,0.5717406,142.36362,0.920845,-0.8128325,13.488926
2126,snow__p1__s3,taboo,6,1,0,0.5144597,1.6473732,4.322852,171.65506,0.921087,-0.82711756,12.623113
2127,snow__p1__s3,taboo,7,1,0,0.05295399,0.30502337,1.2934098,138.27876,0.9095225,-0.8195678,13.131939
2128,snow__p1__s3,taboo,8,1,0,0.004165782,0.033287268,0.23258893,154.65332,0.91029316,-0.80899143,13.700358
2129,snow__p1__s3,taboo,9,1,0,0.22742723,1.0883185,3.6571548,179.7196,0.91650236,-0.82042944,12.530479
2130,snow__p1__s3,taboo,10,1,0,0.3385495,0.8018045,1.0725682,124.57066,0.9164271,-0.8102345,13.578395
2131,snow__p1__s3,taboo,11,1,0,0.0063716597,0.056082033,0.42386067,118.925644,0.90542233,-0.8175619,13.135409
2132,snow__p1__s3,taboo,12,1,0,0.0047869366,0.046685822,0.39742485,152.40765,0.8866588,-0.8125089,13.978093
2133,snow__p1__s3,taboo,13,1,0,0.20507976,0.7240906,1.781053,108.91088,0.87908304,-0.81646293,13.121442
2134,snow__p1__s3,taboo,14,1,0,0.3326868,1.0148013,1.8626239,183.69482,0.8764766,-0.8001837,14.68195
2135,snow__p1__s3,taboo,15,1,0,0.024568023,0.12394377,0.46144146,134.20659,0.8820142,-0.8187502,11.849741
2136,snow__p1__s3,taboo,16,1,0,0.016362302,0.114583924,0.685058,146.90541,0.88595575,-0.82165545,11.6962805
2137,snow__p1__s3,taboo,17,1,0,0.06770627,0.2786987,0.828889,124.75385,0.89113045,-0.83817494,10.867066
2138,snow__p1__s3,taboo,18,1,0,0.016364647,0.08560357,0.30899307,148.46327,0.8712218,-0.8294997,11.932805
2139,snow__p1__s3,taboo,19,1,0,0.25730902,1.0933113,3.1751626,136.11322,0.8724049,-0.8353661,11.566937
2140,snow__p1__s3,taboo,20,1,0,0.00034397884,0.004980172,0.06783962,158.26625,0.8671495,-0.82806265,12.299565
2141,snow__p1__s3,taboo,21,1,0,0.75213635,1.8219348,2.0847557,211.89653,0.85897595,-0.79592204,14.2463875
2142,snow__p1__s3,taboo,22,1,0,0.31375235,1.183098,2.714517,187.08865,0.86671305,-0.806077,13.6880665
2143,snow__p1__s3,taboo,23,1,0,0.00007867504,0.0010661434,0.013096533,149.46161,0.86441034,-0.7964158,15.624043
2144,snow__p1__s3,taboo,24,1,0,0.05444878,0.32839668,1.6359031,159.81015,0.8619111,-0.8111848,13.397514
2145,snow__p1__s3,taboo,25,1,0,1.1682048,1.25071,0.7158898,100.8935,0.8628573,-0.8181972,12.594269
2146,snow__p1__s3,taboo,26,1,0,0.017172458,0.099234894,0.43364975,112.63989,0.8577306,-0.8140464,13.5004425
2147,snow__p1__s3,taboo,27,1,0,0.008395616,0.0572252,0.30915093,150.64467,0.86480945,-0.8234214,12.814703
2148,snow__p1__s3,taboo,28,1,0,0.00012933371,0.0015866607,0.01796517,139.81966,0.8621563,-0.81614506,13.69063
2149,snow__p1__s3,taboo,29,1,0,0.6224274,1.2827094,1.2431483,151.9288,0.85921115,-0.8118976,14.1759205
2150,snow__p1__s4,taboo,0,1,0,0.55747473,2.992703,12.287428,249.00836,0.9742409,-0.82526475,10.897968
2151,snow__p1__s4,taboo,1,1,0,1.3208958,1.7794678,2.1701999,179.8291,0.9564561,-0.84496987,9.918157
2152,snow__p1__s4,taboo,2,1,0,0.29233757,0.78750753,1.1798953,173.62872,0.9375663,-0.8296428,11.384501
2153,snow__p1__s4,taboo,3,1,0,0.21167235,0.70292896,1.5239589,134.187,0.92868334,-0.8226051,12.508235
2154,snow__p1__s4,taboo,4,1,0,0.03479016,0.20318916,0.968663,169.42474,0.9289914,-0.84082204,10.658125
2155,snow__p1__s4,taboo,5,1,0,0.020031184,0.119511195,0.5717406,142.36362,0.920845,-0.8128325,13.488926
2156,snow__p1__s4,taboo,6,1,0,0.5144597,1.6473732,4.322852,171.65506,0.921087,-0.82711756,12.623113
2157,snow__p1__s4,taboo,7,1,0,0.05295399,0.30502337,1.2934098,138.27876,0.9095225,-0.8195678,13.131939
2158,snow__p1__s4,taboo,8,1,0,0.004165782,0.033287268,0.23258893,154.65332,0.91029316,-0.80899143,13.700358
2159,snow__p1__s4,taboo,9,1,0,0.22742723,1.0883185,3.6571548,179.7196,0.91650236,-0.82042944,12.530479
2160,snow__p1__s4,taboo,10,1,0,0.3385495,0.8018045,1.0725682,124.57066,0.9164271,-0.8102345,13.578395
2161,snow__p1__s4,taboo,11,1,0,0.0063716597,0.056082033,0.42386067,118.925644,0.90542233,-0.8175619,13.135409
2162,snow__p1__s4,taboo,12,1,0,0.0047869366,0.046685822,0.39742485,152.40765,0.8866588,-0.8125089,13.978093
2163,snow__p1__s4,taboo,13,1,0,0.20507976,0.7240906,1.781053,108.91088,0.87908304,-0.81646293,13.121442
2164,snow__p1__s4,taboo,14,1,0,0.3326868,1.0148013,1.8626239,183.69482,0.8764766,-0.8001837,14.68195
2165,snow__p1__s4,taboo,15,1,0,0.024568023,0.12394377,0.46144146,134.20659,0.8820142,-0.8187502,11.849741
2166,snow__p1__s4,taboo,16,1,0,0.016362302,0.114583924,0.685058,146.90541,0.88595575,-0.82165545,11.6962805
2167,snow__p1__s4,taboo,17,1,0,0.06770627,0.2786987,0.828889,124.75385,0.89113045,-0.83817494,10.867066
2168,snow__p1__s4,taboo,18,1,0,0.016364647,0.08560357,0.30899307,148.46327,0.8712218,-0.8294997,11.932805
2169,snow__p1__s4,taboo,19,1,0,0.25730902,1.0933113,3.1751626,136.11322,0.8724049,-0.8353661,11.566937
2170,snow__p1__s4,taboo,20,1,0,0.00034397884,0.004980172,0.06783962,158.26625,0.8671495,-0.82806265,12.299565
2171,snow__p1__s4,taboo,21,1,0,1.7521363,1.8219348,2.0847557,217.80472,0.8606208,-0.7978565,14.075447
2172,snow__p1__s4,taboo,22,1,0,0.3092982,1.1301985,2.4455624,198.98602,0.8672987,-0.80933565,13.243797
2173,snow__p1__s4,taboo,23,1,1,0.00011026251,0.0014253624,0.016421024,150.00887,0.864056,-0.798256,15.292572
2174,snow__p1__s4,taboo,24,1,0,0.052868173,0.30399,1.4578092,159.13022,0.86217344,-0.81228065,13.231627
2175,snow__p1__s4,taboo,25,1,0,1.1649759,1.2327242,0.6423584,125.98087,0.8649069,-0.82123214,12.818859
2176,snow__p1__s4,taboo,26,1,0,0.80113906,1.6143905,1.7968209,162.9452,0.8601943,-0.808513,13.974643
2177,snow__p1__s4,taboo,27,1,0,0.0002801026,0.0034705182,0.039241426,113.21572,0.86549497,-0.8160515,13.199328
2178,snow__p1__s4,taboo,28,1,0,0.0059168185,0.052080683,0.37972897,119.44175,0.8504965,-0.78692013,16.32469
2179,snow__p1__s4,taboo,29,1,0,1.0878446,0.8487542,1.1051221,179.29402,0.8622584,-0.8190076,13.119467
2180,snow__p1__s5,taboo,0,1,0,0.55747473,2.992703,12.287428,249.00836,0.9742409,-0.82526475,10.897968
2181,snow__p1__s5,taboo,1,1,0,0.9458958,1.7794678,2.1701999,166.61153,0.956148,-0.84196293,9.808808
2182,snow__p1__s5,taboo,2,1,0,0.019014932,0.13902365,0.850723,180.6898,0.94960696,-0.8664209,7.8838897
2183,snow__p1__s5,taboo,3,1,0,0.014225739,0.11081966,0.7049793,160.21689,0.9239658,-0.8067465,13.884277
2184,snow__p1__s5,taboo,4,1,0,0.005023714,0.034709655,0.19806764,119.335365,0.929972,-0.8375368,10.866338
2185,snow__p1__s5,taboo,5,1,0,0.052820344,0.3183796,1.5326049,178.44139,0.9212473,-0.83039325,11.542764
2186,snow__p1__s5,taboo,6,1,0,0.05509172,0.32985413,1.4661171,133.1409,0.912004,-0.8363328,11.285167
2187,snow__p1__s5,taboo,7,1,0,0.017410304,0.09489363,0.3786147,148.09903,0.9195082,-0.8310262,11.725475
2188,snow__p1__s5,taboo,8,1,0,0.66421545,1.8408885,3.4170303,180.55115,0.92205644,-0.8387827,10.783816
2189,snow__p1__s5,taboo,9,1,0,0.7786039,0.836843,0.81302154,125.589584,0.91317075,-0.82188743,12.56052
2190,snow__p1__s5,taboo,10,1,0,0.013022142,0.09802898,0.62048346,115.644455,0.902972,-0.8256696,12.415729
2191,snow__p1__s5,taboo,11,1,0,0.0029869725,0.029433161,0.2546441,156.68224,0.891798,-0.8263904,12.366363
2192,snow__p1__s5,taboo,12,1,0,0.24898697,1.0291955,2.7972631,95.51104,0.88305324,-0.8314115,11.477093
2193,snow__p1__s5,taboo,13,1,0,1.3648497,2.208746,1.6682909,150.17448,0.87419224,-0.809015,13.653592
2194,snow__p1__s5,taboo,14,1,0,0.08453599,0.38550058,1.1816906,137.4533,0.8891146,-0.8309991,12.15882
2195,snow__p1__s5,taboo,15,1,0,1.7050579,1.2043283,1.553411,113.27003,0.8793757,-0.8141095,13.955932
2196,snow__p1__s5,taboo,16,1,0,0.16655502,0.74913573,2.316786,165.22081,0.8804739,-0.8190586,13.750734
2197,snow__p1__s5,taboo,17,1,0,1.6583068,1.4527105,1.7639523,139.8348,0.87883484,-0.8125269,15.595138
2198,snow__p1__s5,taboo,18,1,0,0.18000476,0.71507835,1.8177501,133.65703,0.8705696,-0.79224855,18.321
2199,snow__p1__s5,taboo,19,1,0,0.05833284,0.3344795,1.4528189,128.99265,0.87341654,-0.80479795,16.604671
2200,snow__p1__s5,taboo,20,1,0,0.25769758,0.58381253,0.73150516,147.72704,0.84970134,-0.787408,18.562426
2201,snow__p1__s5,taboo,21,1,0,0.2918675,1.1325877,2.5330086,222.76265,0.862018,-0.8089866,12.856191
2202,snow__p1__s5,taboo,22,1,0,0.09193077,0.49170962,1.8798256,195.31895,0.8808798,-0.83427066,11.230053
2203,snow__p1__s5,taboo,23,1,0,0.00018070496,0.0021821042,0.023241468,158.41885,0.86060196,-0.8062192,13.699507
2204,snow__p1__s5,taboo,24,1,0,0.055110674,0.27664363,1.1188848,158.51779,0.8602729,-0.8166054,12.631455
2205,snow__p1__s5,taboo,25,1,0,1.1188916,1.2188808,0.64247143,121.878204,0.86163193,-0.8211207,12.545396
2206,snow__p1__s5,taboo,26,1,0,0.8859874,1.6969532,1.5982211,163.04996,0.8584694,-0.81290144,13.15529
2207,snow__p1__s5,taboo,27,1,0,0.0009024838,0.008795148,0.07555924,96.95085,0.8625335,-0.8168417,13.045157
2208,snow__p1__s5,taboo,28,1,1,0.005997992,0.052093007,0.37424144,118.193954,0.8472039,-0.790148,15.955456
2209,snow__p1__s5,taboo,29,1,0,0.9330869,0.8663375,0.94017905,177.36212,0.8603186,-0.82056016,12.870057
2210,snow__p1__s6,taboo,0,1,0,0.55747473,2.992703,12.287428,249.00836,0.9742409,-0.82526475,10.897968
2211,snow__p1__s6,taboo,1,1,0,1.3208958,1.7794678,2.1701999,179.8291,0.9564561,-0.84496987,9.918157
2212,snow__p1__s6,taboo,2,1,0,0.29233757,0.78750753,1.1798953,173.62872,0.9375663,-0.8296428,11.384501
2213,snow__p1__s6,taboo,3,1,0,0.21167235,0.70292896,1.5239589,134.187,0.92868334,-0.8226051,12.508235
2214,snow__p1__s6,taboo,4,1,0,0.03479016,0.20318916,0.968663,169.42474,0.9289914,-0.84082204,10.658125
2215,snow__p1__s6,taboo,5,1,0,0.020031184,0.119511195,0.5717406,142.36362,0.920845,-0.8128325,13.488926
2216,snow__p1__s6,taboo,6,1,0,0.5144597,1.6473732,4.322852,171.65506,0.921087,-0.82711756,12.623113
2217,snow__p1__s6,taboo,7,1,0,0.05295399,0.30502337,1.2934098,138.27876,0.9095225,-0.8195678,13.131939
2218,snow__p1__s6,taboo,8,1,0,0.004165782,0.033287268,0.23258893,154.65332,0.91029316,-0.80899143,13.700358
2219,snow__p1__s6,taboo,9,1,0,0.22742723,1.0883185,3.6571548,179.7196,0.91650236,-0.82042944,12.530479
2220,snow__p1__s6,taboo,10,1,0,0.3385495,0.8018045,1.0725682,124.57066,0.9164271,-0.8102345,13.578395
2221,snow__p1__s6,taboo,11,1,0,0.0063716597,0.056082033,0.42386067,118.925644,0.90542233,-0.8175619,13.135409
2222,snow__p1__s6,taboo,12,1,0,0.0047869366,0.046685822,0.39742485,152.40765,0.8866588,-0.8125089,13.978093
2223,snow__p1__s6,taboo,13,1,0,0.20507976,0.7240906,1.781053,108.91088,0.87908304,-0.81646293,13.121442
2224,snow__p1__s6,taboo,14,1,0,0.3326868,1.0148013,1.8626239,183.69482,0.8764766,-0.8001837,14.68195
2225,snow__p1__s6,taboo,15,1,0,0.024568023,0.12394377,0.46144146,134.20659,0.8820142,-0.8187502,11.849741
2226,snow__p1__s6,taboo,16,1,0,0.016362302,0.114583924,0.685058,146.90541,0.88595575,-0.82165545,11.6962805
2227,snow__p1__s6,taboo,17,1,0,0.06770627,0.2786987,0.828889,124.75385,0.89113045,-0.83817494,10.867066
2228,snow__p1__s6,taboo,18,1,0,0.016364647,0.08560357,0.30899307,148.46327,0.8712218,-0.8294997,11.932805
2229,snow__p1__s6,taboo,19,1,0,0.25730902,1.0933113,3.1751626,136.11322,0.8724049,-0.8353661,11.566937
2230,snow__p1__s6,taboo,20,1,0,0.00034397884,0.004980172,0.06783962,158.26625,0.8671495,-0.82806265,12.299565
2231,snow__p1__s6,taboo,21,1,0,0.75213635,1.8219348,2.0847557,211.89653,0.85897595,-0.79592204,14.2463875
2232,snow__p1__s6,taboo,22,1,0,0.31375235,1.183098,2.714517,187.08865,0.86671305,-0.806077,13.6880665
2233,snow__p1__s6,taboo,23,1,0,0.00007867504,0.0010661434,0.013096533,149.46161,0.86441034,-0.7964158,15.624043
2234,snow__p1__s6,taboo,24,1,0,0.05444878,0.32839668,1.6359031,159.81015,0.8619111,-0.8111848,13.397514
2235,snow__p1__s6,taboo,25,1,0,1.0432048,1.25071,0.7158898,137.60338,0.85345745,-0.8053051,14.032022
2236,snow__p1__s6,taboo,26,1,0,0.016276922,0.11286156,0.61661184,157.85075,0.86711484,-0.82679653,12.366473
2237,snow__p1__s6,taboo,27,1,0,0.0000483978,0.00078921963,0.011945542,142.10844,0.8593257,-0.81295604,14.060219
2238,snow__p1__s6,taboo,28,1,0,1.5168073,1.4368992,1.2666733,122.482216,0.8653221,-0.82884806,12.447162
2239,snow__p1__s6,taboo,29,1,0,0.24904795,0.88912916,1.7716722,110.82659,0.86467737,-0.82522595,13.305688
2240,snow__p1__s7,taboo,0,1,0,0.5061966,2.8168192,12.129954,248.94556,0.97433966,-0.8253233,10.900599
2241,snow__p1__s7,taboo,1,1,0,0.9525429,1.7838533,2.1439815,166.41612,0.95623857,-0.84216684,9.802396
2242,snow__p1__s7,taboo,2,1,0,0.016816402,0.1252118,0.7819339,180.47395,0.9498082,-0.8666401,7.8745728
2243,snow__p1__s7,taboo,3,1,0,0.0141549865,0.11033526,0.7028404,159.92044,0.9240352,-0.8066837,13.884148
2244,snow__p1__s7,taboo,4,1,0,0.0044375993,0.03124211,0.182097,118.63256,0.9300082,-0.83766997,10.8519535
2245,snow__p1__s7,taboo,5,1,0,0.046789944,0.28850818,1.4262357,178.28119,0.92129815,-0.8306219,11.532181
2246,snow__p1__s7,taboo,6,1,0,0.056577463,0.33661795,1.4813228,132.9434,0.9117221,-0.8358022,11.307719
2247,snow__p1__s7,taboo,7,1,0,0.017520187,0.09567119,0.3825055,148.041,0.9194991,-0.831048,11.7113905
2248,snow__p1__s7,taboo,8,1,0,1.6620091,1.8315613,3.3938074,75.27053,0.9136553,-0.831302,11.614502
2249,snow__p1__s7,taboo,9,1,0,0.80031717,2.0050495,3.3327992,184.28612,0.91704303,-0.8384862,10.948452
2250,snow__p1__s7,taboo,10,1,0,0.8526169,0.8481894,0.80296427,125.15994,0.9101074,-0.82051915,12.822454
2251,snow__p1__s7,taboo,11,1,0,0.011789174,0.0917024,0.59720206,116.12324,0.9003646,-0.8262087,12.315653
2252,snow__p1__s7,taboo,12,1,0,0.0019470559,0.020663876,0.19442049,166.35945,0.8861431,-0.823386,12.859875
2253,snow__p1__s7,taboo,13,1,0,1.3222116,2.3676324,2.213261,223.94936,0.880694,-0.8162412,12.134827
2254,snow__p1__s7,taboo,14,1,0,0.090060994,0.46933526,1.7910383,198.55214,0.8864273,-0.8330578,11.165173
2255,snow__p1__s7,taboo,15,1,0,0.00024923557,0.0029607785,0.030984722,159.18095,0.8740194,-0.808167,13.690487
2256,snow__p1__s7,taboo,16,1,0,0.09625151,0.44897386,1.7106516,158.74553,0.8706456,-0.8201975,12.230942
2257,snow__p1__s7,taboo,17,1,0,0.88536465,1.2092278,0.7303654,95.8424,0.8685339,-0.8235585,11.897766
2258,snow__p1__s7,taboo,18,1,0,0.01148423,0.073678955,0.3683173,110.08352,0.8622345,-0.81910294,12.857431
2259,snow__p1__s7,taboo,19,1,0,0.017774932,0.10310994,0.45182577,147.9769,0.87211823,-0.83132154,11.94328
2260,snow__p1__s7,taboo,20,1,0,0.00020811777,0.002360118,0.024026118,134.3847,0.86821234,-0.82108843,12.888009
2261,snow__p1__s7,taboo,21,1,0,1.3959558,1.2028801,1.4269135,113.26493,0.870204,-0.8309147,11.922802
2262,snow__p1__s7,taboo,22,1,0,0.15129833,0.6240475,1.6000793,106.494576,0.86910313,-0.8264271,12.918591
2263,snow__p1__s7,taboo,23,1,0,2.0945225,1.6324725,1.831047,171.87604,0.86194754,-0.8159154,13.605457
2264,snow__p1__s7,taboo,24,1,0,0.3554452,1.0117815,1.6397192,121.39821,0.84703326,-0.78956455,15.756732
2265,snow__p1__s7,taboo,25,1,0,0.079050906,0.40596855,1.8279138,182.6703,0.8599271,-0.81715137,13.626957
2266,snow__p1__s7,taboo,26,1,0,0.91372263,1.8679798,1.4043219,246.21408,0.84629077,-0.78712887,15.536353
2267,snow__p1__s7,taboo,27,1,0,2.030762,1.7838986,2.6760721,214.13264,0.8604551,-0.8142318,12.922784
2268,snow__p1__s7,taboo,28,1,0,0.08118452,0.2900224,0.63435894,154.03793,0.86217546,-0.8232388,12.987074
2269,snow__p1__s7,taboo,29,1,0,0.08802267,0.39198148,1.2468661,156.9375,0.8637249,-0.8275164,11.957474
2270,snow__p2__s0,taboo,0,1,0,0.6066561,2.779869,9.175322,254.64311,0.9744873,-0.8228203,11.065096
2271,snow__p2__s0,taboo,1,1,0,0.909091,1.8991256,2.4458518,156.53162,0.9567395,-0.84121704,9.714002
2272,snow__p2__s0,taboo,2,1,0,0.021476798,0.16486762,1.0803783,176.28181,0.9493108,-0.8631067,8.006492
2273,snow__p2__s0,taboo,3,1,0,0.0119996825,0.09519968,0.6270734,154.87283,0.92374426,-0.8010699,14.262007
2274,snow__p2__s0,taboo,4,1,0,0.0029428767,0.023376733,0.16209386,108.9828,0.9290744,-0.83589536,10.896679
2275,snow__p2__s0,taboo,5,1,0,0.07004082,0.37648255,1.6217349,169.93973,0.9210717,-0.8270241,11.763589
2276,snow__p2__s0,taboo,6,1,0,0.05396334,0.31346416,1.3539156,128.79729,0.910117,-0.82266635,12.095359
2277,snow__p2__s0,taboo,7,1,0,0.013545859,0.077558875,0.33322412,148.70029,0.9180327,-0.82445526,12.371164
2278,snow__p2__s0,taboo,8,1,0,0.7266395,1.8968385,3.2093801,175.51186,0.919215,-0.8304834,11.70264
2279,snow__p2__s0,taboo,9,1,0,0.73414683,0.90217185,0.885235,110.30394,0.90640485,-0.79020137,16.462896
2280,snow__p2__s0,taboo,10,1,0,0.30679753,0.93403906,1.7875752,103.39639,0.9106617,-0.824964,12.347495
2281,snow__p2__s0,taboo,11,1,0,0.0014851979,0.017071135,0.17348367,160.49411,0.8926182,-0.8247566,12.753035
2282,snow__p2__s0,taboo,12,1,0,0.34181306,1.3099877,3.157357,99.65897,0.8831357,-0.82130575,12.286106
2283,snow__p2__s0,taboo,13,1,0,1.1652505,2.198235,1.886447,146.19685,0.87598807,-0.80186284,13.977049
2284,snow__p2__s0,taboo,14,1,0,0.07464154,0.37340993,1.3176684,135.82451,0.8912668,-0.82638115,12.57372
2285,snow__p2__s0,taboo,15,1,0,0.6425318,1.4303159,1.379772,106.12381,0.8863549,-0.82275623,13.577111
2286,snow__p2__s0,taboo,16,1,0,0.89631313,1.4825351,2.0602374,163.44421,0.8830387,-0.8097952,14.383922
2287,snow__p2__s0,taboo,17,1,0,0.14526634,0.7891987,3.206161,164.28423,0.8816325,-0.8191094,13.812948
2288,snow__p2__s0,taboo,18,1,0,0.40272295,1.0822976,1.8978221,82.27143,0.8707162,-0.8068658,15.872197
2289,snow__p2__s0,taboo,19,1,0,0.082756154,0.46375918,1.962107,159.44331,0.8668373,-0.80010843,16.264204
2290,snow__p2__s0,taboo,20,1,0,1.1705308,2.4509337,2.9763746,163.14795,0.8751388,-0.80210125,16.558947
2291,snow__p2__s0,taboo,21,1,0,0.064509965,0.30477452,1.0841267,127.91931,0.8726229,-0.7956533,17.113203
2292,snow__p2__s0,taboo,22,1,0,0.45894754,0.9475057,0.57383573,106.47778,0.8577752,-0.77503294,20.0043
2293,snow__p2__s0,taboo,23,1,0,0.0029079316,0.026841352,0.21616375,104.47944,0.8707482,-0.79420686,17.802774
2294,snow__p2__s0,taboo,24,1,0,0.0010219357,0.01089257,0.10913092,157.95195,0.844066,-0.78015524,19.46185
2295,snow__p2__s0,taboo,25,1,0,0.50618535,0.8432804,0.86247945,204.76614,0.8565125,-0.7959056,13.765062
2296,snow__p2__s0,taboo,26,1,0,0.23514213,0.9339754,2.5481362,181.2,0.8776112,-0.8215725,12.115317
2297,snow__p2__s0,taboo,27,1,0,0.000110143315,0.0014614229,0.017418632,153.32018,0.86029863,-0.80073845,14.029486
2298,snow__p2__s0,taboo,28,1,0,0.049484357,0.26970714,1.1554677,152.59473,0.860888,-0.8091842,13.1739855
2299,snow__p2__s0,taboo,29,1,0,0.96252406,1.1648622,0.7108707,119.305046,0.86170673,-0.8133572,13.261399
2300,snow__p2__s1,taboo,0,1,0,0.6133308,2.8034992,9.198538,254.56998,0.9744484,-0.8228302,11.061366
2301,snow__p2__s1,taboo,1,1,0,0.90866184,1.8978596,2.4487586,156.94777,0.9568775,-0.84126836,9.722611
2302,snow__p2__s1,taboo,2,1,0,0.021367233,0.16384807,1.0722364,176.22261,0.94936997,-0.8629487,8.013623
2303,snow__p2__s1,taboo,3,1,0,0.011768203,0.0936182,0.6194855,154.4521,0.9238954,-0.8013782,14.253557
2304,snow__p2__s1,taboo,4,1,0,0.0029366962,0.02329949,0.16125351,109.39976,0.9291427,-0.8358337,10.9171915
2305,snow__p2__s1,taboo,5,1,0,0.07807606,0.4075596,1.7013729,170.04907,0.9211873,-0.82705015,11.763854
2306,snow__p2__s1,taboo,6,1,0,0.060779106,0.34427738,1.4384129,128.71014,0.9099477,-0.8222627,12.105241
2307,snow__p2__s1,taboo,7,1,0,0.012082601,0.07113523,0.31818688,148.6181,0.91801953,-0.8244395,12.372622
2308,snow__p2__s1,taboo,8,1,0,0.7274876,1.8967913,3.1914725,175.66753,0.9192531,-0.83057207,11.693435
2309,snow__p2__s1,taboo,9,1,0,0.79758036,0.89996487,0.9094912,117.05636,0.9115628,-0.8170557,12.953728
2310,snow__p2__s1,taboo,10,1,0,0.02068145,0.1358179,0.7378408,109.878426,0.90564626,-0.8239053,12.541647
2311,snow__p2__s1,taboo,11,1,0,0.0025403393,0.026412161,0.24280983,150.68144,0.8908502,-0.82352823,12.793962
2312,snow__p2__s1,taboo,12,1,0,0.34265968,1.1751857,2.5605803,95.15612,0.8830464,-0.8240517,12.066508
2313,snow__p2__s1,taboo,13,1,0,1.1379644,2.200891,1.830693,147.25932,0.87499684,-0.8020243,14.108393
2314,snow__p2__s1,taboo,14,1,0,0.082945436,0.3991199,1.3440845,132.97034,0.88989216,-0.8262855,12.572773
2315,snow__p2__s1,taboo,15,1,0,0.54469264,1.3311244,1.4895492,104.48832,0.88555384,-0.8226332,13.499193
2316,snow__p2__s1,taboo,16,1,0,0.78049266,1.3307703,1.9410352,159.80696,0.8814174,-0.8185479,13.673888
2317,snow__p2__s1,taboo,17,1,0,0.6623188,1.6253482,2.337339,164.2317,0.8757066,-0.8044364,15.890706
2318,snow__p2__s1,taboo,18,1,0,1.9847795,1.9714402,1.9586821,174.95264,0.87141305,-0.7996321,16.467705
2319,snow__p2__s1,taboo,19,1,0,0.8270671,1.2553478,0.85011566,150.76678,0.8616714,-0.7984162,17.15463
2320,snow__p2__s1,taboo,20,1,0,1.6711352,1.1069239,1.1767182,144.07414,0.8765508,-0.80769604,16.016514
2321,snow__p2__s1,taboo,21,1,0,0.022997918,0.15538855,0.8156279,123.62215,0.86971456,-0.78967226,18.28807
2322,snow__p2__s1,taboo,22,1,0,0.015887462,0.11937081,0.7470933,124.762024,0.86904234,-0.7906887,17.740654
2323,snow__p2__s1,taboo,23,1,0,0.055730976,0.2499029,0.8450947,152.4401,0.84435755,-0.78020304,18.900152
2324,snow__p2__s1,taboo,24,1,0,0.0956357,0.48236084,1.7647243,210.88603,0.8627449,-0.8035247,13.125116
2325,snow__p2__s1,taboo,25,1,0,0.11574168,0.5980108,2.182616,189.55115,0.88403827,-0.8334314,11.407324
2326,snow__p2__s1,taboo,26,1,0,0.00018189683,0.0022717663,0.025316365,159.57184,0.8600997,-0.8027615,13.700334
2327,snow__p2__s1,taboo,27,1,0,0.032714687,0.19313866,0.9132727,155.08244,0.8599709,-0.8107975,13.080942
2328,snow__p2__s1,taboo,28,1,0,1.0695156,1.2379081,0.6339792,121.87671,0.86043096,-0.8140322,13.254723
2329,snow__p2__s1,taboo,29,1,0,1.0851042,1.6643199,1.4711133,162.1117,0.8598339,-0.80909914,13.454501
2330,snow__p2__s2,taboo,0,1,0,0.6066561,2.779869,9.175322,254.64311,0.9744873,-0.8228203,11.065096
2331,snow__p2__s2,taboo,1,1,0,2.659091,1.8991256,2.4458518,183.31792,0.9537297,-0.8329871,10.947867
2332,snow__p2__s2,taboo,2,1,0,1.8123373,1.1744585,1.7218025,167.46277,0.93407726,-0.8303351,11.2820835
2333,snow__p2__s2,taboo,3,1,0,0.16827846,0.6319572,1.5488601,148.53165,0.9328413,-0.8295848,11.216542
2334,snow__p2__s2,taboo,4,1,0,0.12898098,0.5183714,1.5241624,170.01385,0.92593515,-0.83679783,10.948212
2335,snow__p2__s2,taboo,5,1,0,0.025276719,0.14106342,0.60920435,144.09235,0.91939366,-0.81293076,13.35517
2336,snow__p2__s2,taboo,6,1,0,0.5290487,2.003881,4.8986144,174.32674,0.9183383,-0.8242381,12.754969
2337,snow__p2__s2,taboo,7,1,0,0.04318808,0.25951275,1.1721698,134.16876,0.9055312,-0.8174063,13.187525
2338,snow__p2__s2,taboo,8,1,0,0.0058847032,0.043228008,0.26940748,147.67365,0.90871227,-0.80901426,13.658558
2339,snow__p2__s2,taboo,9,1,0,0.17472932,0.93200946,3.5404875,177.46619,0.91338617,-0.821238,12.455294
2340,snow__p2__s2,taboo,10,1,0,1.1711035,0.7995905,0.84914196,112.14069,0.9078648,-0.78491455,16.561714
2341,snow__p2__s2,taboo,11,1,0,0.060326584,0.30092305,1.1919364,111.53578,0.90952754,-0.81819785,12.883111
2342,snow__p2__s2,taboo,12,1,0,0.0027846629,0.029299632,0.2694933,152.30501,0.88706684,-0.81611776,13.912828
2343,snow__p2__s2,taboo,13,1,0,0.31546113,0.8828683,1.8528035,111.60873,0.8793917,-0.81169367,13.581984
2344,snow__p2__s2,taboo,14,1,0,0.08514477,0.45508912,1.8051476,177.79636,0.87756276,-0.79066175,14.9521475
2345,snow__p2__s2,taboo,15,1,0,0.035051364,0.16143426,0.5316645,134.14032,0.8862077,-0.8153982,11.882506
2346,snow__p2__s2,taboo,16,1,0,0.030614203,0.20945367,1.1811906,151.37245,0.8883711,-0.8160388,12.030909
2347,snow__p2__s2,taboo,17,1,0,0.08803043,0.34347236,0.9641029,120.08852,0.8860887,-0.8242141,11.802853
2348,snow__p2__s2,taboo,18,1,0,0.018578093,0.094909266,0.33149356,147.24854,0.87158257,-0.8226995,12.39186
2349,snow__p2__s2,taboo,19,1,0,0.5678755,1.7224602,3.1185203,134.79152,0.87384176,-0.83186024,11.780912
2350,snow__p2__s2,taboo,20,1,0,0.0010421803,0.01209303,0.13239303,153.65208,0.868372,-0.8235052,12.53245
2351,snow__p2__s2,taboo,21,1,0,1.9836551,2.2529867,1.8086854,206.52382,0.8636939,-0.79287475,14.316646
2352,snow__p2__s2,taboo,22,1,0,0.32478875,1.1985925,2.696948,183.23938,0.8739402,-0.8083682,13.398033
2353,snow__p2__s2,taboo,23,1,0,0.00011276563,0.0014599657,0.01696194,148.79181,0.8672208,-0.7988889,14.739442
2354,snow__p2__s2,taboo,24,1,0,0.046140846,0.2669977,1.2719634,156.30789,0.86409503,-0.8054229,13.7614
2355,snow__p2__s2,taboo,25,1,0,0.97145045,1.2397486,0.6801845,98.37644,0.86553055,-0.8133044,12.86544
2356,snow__p2__s2,taboo,26,1,0,0.015295471,0.09168072,0.42709488,113.353676,0.8629524,-0.81126547,13.495668
2357,snow__p2__s2,taboo,27,1,0,0.01697077,0.10290611,0.48592198,152.44266,0.8676165,-0.8212458,13.072178
2358,snow__p2__s2,taboo,28,1,0,0.00017736769,0.0020956956,0.02289595,141.63399,0.86570865,-0.8111267,14.073788
2359,snow__p2__s2,taboo,29,1,0,0.7887801,1.455608,1.1780181,151.60341,0.8646229,-0.8096408,14.106649
2360,snow__p2__s3,taboo,0,1,0,0.5479337,2.626816,9.179029,254.64638,0.97442573,-0.8225765,11.072334
2361,snow__p2__s3,taboo,1,1,0,0.9062016,1.8971426,2.463454,156.8468,0.95694655,-0.8417735,9.675735
2362,snow__p2__s3,taboo,2,1,0,0.019037273,0.14863278,0.99130476,176.50644,0.9493208,-0.86293536,8.013767
2363,snow__p2__s3,taboo,3,1,0,0.011778218,0.0937303,0.62032944,154.82266,0.9238233,-0.80106825,14.258243
2364,snow__p2__s3,taboo,4,1,0,0.0029407372,0.023353139,0.16193682,108.935005,0.92905444,-0.8358852,10.900438
2365,snow__p2__s3,taboo,5,1,0,0.06984597,0.3747849,1.6098883,169.99919,0.920995,-0.82678175,11.775159
2366,snow__p2__s3,taboo,6,1,0,0.053971697,0.31355062,1.3547109,128.61069,0.9098857,-0.82243204,12.095712
2367,snow__p2__s3,taboo,7,1,0,0.013546446,0.07756698,0.33331406,148.5839,0.9180437,-0.8245246,12.366316
2368,snow__p2__s3,taboo,8,1,0,0.7554426,1.8943822,3.1454368,176.00012,0.91916835,-0.8305395,11.692196
2369,snow__p2__s3,taboo,9,1,0,0.671095,0.89015335,0.85735345,110.69056,0.906336,-0.7901781,16.464066
2370,snow__p2__s3,taboo,10,1,0,0.293496,0.9167603,1.8235459,103.452965,0.91051954,-0.8247736,12.36098
2371,snow__p2__s3,taboo,11,1,0,0.0015185265,0.01737189,0.17562784,160.62422,0.8925821,-0.8247207,12.743907
2372,snow__p2__s3,taboo,12,1,0,0.3814479,1.4003148,3.1653085,99.24764,0.88297373,-0.82118493,12.291992
2373,snow__p2__s3,taboo,13,1,0,1.4139374,2.194439,1.8846065,213.85106,0.8828588,-0.80368245,13.200097
2374,snow__p2__s3,taboo,14,1,0,0.12657835,0.6379987,2.3183403,184.92606,0.8866531,-0.8188392,12.331991
2375,snow__p2__s3,taboo,15,1,0,0.00014387527,0.0018985055,0.022536848,147.80812,0.8824807,-0.806931,13.983822
2376,snow__p2__s3,taboo,16,1,0,0.09563982,0.4916051,2.0101662,153.80315,0.87737983,-0.81476825,12.706677
2377,snow__p2__s3,taboo,17,1,0,1.0186628,1.0553329,0.86726093,95.066605,0.8733713,-0.81781846,12.281247
2378,snow__p2__s3,taboo,18,1,0,0.009488721,0.06571649,0.36540094,109.53477,0.8677093,-0.8142905,13.094318
2379,snow__p2__s3,taboo,19,1,0,0.016162915,0.09864095,0.47894776,146.14038,0.8756144,-0.8259245,12.469041
2380,snow__p2__s3,taboo,20,1,0,0.00028367786,0.0031187665,0.030970875,132.37555,0.87447506,-0.8147607,13.522314
2381,snow__p2__s3,taboo,21,1,0,1.5688878,1.2801704,1.3229965,109.25906,0.8744824,-0.826158,12.536544
2382,snow__p2__s3,taboo,22,1,0,0.17308064,0.6714455,1.6238141,104.16534,0.8750257,-0.8208955,13.644292
2383,snow__p2__s3,taboo,23,1,0,0.58273697,1.5835716,2.3423057,138.7037,0.87818116,-0.8326293,12.737858
2384,snow__p2__s3,taboo,24,1,0,0.47285932,1.1544254,1.3730294,86.36074,0.8546712,-0.8059244,15.863051
2385,snow__p2__s3,taboo,25,1,0,0.85522234,1.1033998,1.2824721,236.20358,0.8541077,-0.78933275,15.700041
2386,snow__p2__s3,taboo,26,1,0,0.7576715,1.7514932,2.1853225,196.3163,0.87602013,-0.8245395,12.286083
2387,snow__p2__s3,taboo,27,1,0,0.00012921452,0.0017109276,0.021189619,112.9017,0.86583626,-0.8097583,14.346119
2388,snow__p2__s3,taboo,28,1,0,0.00055512274,0.00686332,0.07607098,135.52435,0.86928445,-0.8224373,12.678908
2389,snow__p2__s3,taboo,29,1,0,0.05599015,0.28399414,0.9692844,120.58542,0.8586848,-0.7947146,15.282547
2390,snow__p2__s4,taboo,0,1,0,0.6066561,2.779869,9.175322,254.64311,0.9744873,-0.8228203,11.065096
2391,snow__p2__s4,taboo,1,1,0,0.909091,1.8991256,2.4458518,156.53162,0.9567395,-0.84121704,9.714002
2392,snow__p2__s4,taboo,2,1,0,0.021476798,0.16486762,1.0803783,176.28181,0.9493108,-0.8631067,8.006492
2393,snow__p2__s4,taboo,3,1,0,0.0119996825,0.09519968,0.6270734,154.87283,0.92374426,-0.8010699,14.262007
2394,snow__p2__s4,taboo,4,1,0,0.0029428767,0.023376733,0.16209386,108.9828,0.9290744,-0.83589536,10.896679
2395,snow__p2__s4,taboo,5,1,0,0.07004082,0.37648255,1.6217349,169.93973,0.9210717,-0.8270241,11.763589
2396,snow__p2__s4,taboo,6,1,0,0.05396334,0.31346416,1.3539156,128.79729,0.910117,-0.82266635,12.095359
2397,snow__p2__s4,taboo,7,1,0,0.013545859,0.077558875,0.33322412,148.70029,0.9180327,-0.82445526,12.371164
2398,snow__p2__s4,taboo,8,1,0,0.7266395,1.8968385,3.2093801,175.51186,0.919215,-0.8304834,11.70264
2399,snow__p2__s4,taboo,9,1,0,0.73414683,0.90217185,0.885235,110.30394,0.90640485,-0.79020137,16.462896
2400,snow__p2__s4,taboo,10,1,0,0.30679753,0.93403906,1.7875752,103.39639,0.9106617,-0.824964,12.347495
2401,snow__p2__s4,taboo,11,1,0,0.0014851979,0.017071135,0.17348367,160.49411,0.8926182,-0.8247566,12.753035
2402,snow__p2__s4,taboo,12,1,0,0.34181306,1.3099877,3.157357,99.65897,0.8831357,-0.82130575,12.286106
2403,snow__p2__s4,taboo,13,1,0,1.1652505,2.198235,1.886447,146.19685,0.87598807,-0.80186284,13.977049
2404,snow__p2__s4,taboo,14,1,0,0.07464154,0.37340993,1.3176684,135.82451,0.8912668,-0.82638115,12.57372
2405,snow__p2__s4,taboo,15,1,0,0.6425318,1.4303159,1.379772,106.12381,0.8863549,-0.82275623,13.577111
2406,snow__p2__s4,taboo,16,1,0,0.89631313,1.4825351,2.0602374,160.3805,0.88221115,-0.81816,13.779177
2407,snow__p2__s4,taboo,17,1,0,0.6681239,1.646118,2.3949122,164.48373,0.87626034,-0.8039538,15.911961
2408,snow__p2__s4,taboo,18,1,0,1.8281581,1.9392488,1.9182112,140.23653,0.87365866,-0.8211722,13.641396
2409,snow__p2__s4,taboo,19,1,0,0.0060446784,0.04167808,0.23351975,165.33221,0.85746616,-0.8099952,15.1634035
2410,snow__p2__s4,taboo,20,1,0,0.9216249,1.3230002,1.4283769,175.45572,0.87468266,-0.80545276,15.580241
2411,snow__p2__s4,taboo,21,1,0,0.23215841,1.0239902,3.2468033,120.61407,0.8663137,-0.7872993,18.070324
2412,snow__p2__s4,taboo,22,1,0,0.19839427,0.84431267,2.8316455,142.86842,0.86970824,-0.791994,17.73104
2413,snow__p2__s4,taboo,23,1,0,0.044987958,0.19776408,0.6449003,146.80444,0.848539,-0.78674823,18.448782
2414,snow__p2__s4,taboo,24,1,0,0.13295059,0.6321661,2.0622747,207.48521,0.85910887,-0.798376,13.454919
2415,snow__p2__s4,taboo,25,1,0,0.21052952,0.83819854,2.3742368,182.21254,0.876665,-0.82192135,12.06098
2416,snow__p2__s4,taboo,26,1,0,0.00013088323,0.0017022568,0.019837657,154.75696,0.8598679,-0.79965794,13.951677
2417,snow__p2__s4,taboo,27,1,0,0.05402512,0.2832099,1.1515698,152.10979,0.85926366,-0.8071707,13.233022
2418,snow__p2__s4,taboo,28,1,0,0.96441114,1.1689603,0.6978892,119.15307,0.86101896,-0.81236994,13.225931
2419,snow__p2__s4,taboo,29,1,0,1.2567762,1.7903004,1.561796,159.24248,0.8597194,-0.80661154,13.528202
2420,snow__p2__s5,taboo,0,1,0,0.59187627,2.7503996,9.231463,254.36922,0.9744035,-0.8222136,11.113722
2421,snow__p2__s5,taboo,1,1,0,1.4118062,1.9056807,2.4484112,175.19794,0.95761865,-0.8452207,9.724661
2422,snow__p2__s5,taboo,2,1,0,0.33711734,0.85035634,1.1557841,176.53575,0.9401904,-0.83109045,11.315706
2423,snow__p2__s5,taboo,3,1,0,0.18389452,0.6695852,1.6101166,137.44296,0.93157905,-0.8266023,12.224867
2424,snow__p2__s5,taboo,4,1,0,0.032077514,0.19859451,1.002928,165.15536,0.93035054,-0.83609086,11.109668
2425,snow__p2__s5,taboo,5,1,0,0.027336003,0.14781436,0.62281454,139.45422,0.9217287,-0.8117218,13.777087
2426,snow__p2__s5,taboo,6,1,0,0.46179783,1.7063415,4.600999,170.51653,0.92109954,-0.8238608,12.956892
2427,snow__p2__s5,taboo,7,1,0,0.040416297,0.2508643,1.1826556,137.12654,0.90885043,-0.8134605,13.594537
2428,snow__p2__s5,taboo,8,1,0,0.003287271,0.02774679,0.20358281,148.42743,0.91085255,-0.80866903,13.802892
2429,snow__p2__s5,taboo,9,1,0,0.15077764,0.8182548,3.2550578,173.35793,0.9158673,-0.8179373,12.787542
2430,snow__p2__s5,taboo,10,1,0,0.40704235,0.7486088,0.76036316,114.78121,0.9141641,-0.80443907,14.12502
2431,snow__p2__s5,taboo,11,1,0,0.011917935,0.083364755,0.50394547,117.55009,0.907963,-0.8175258,13.247108
2432,snow__p2__s5,taboo,12,1,0,0.005933291,0.053649426,0.42436,138.64928,0.8865731,-0.81130964,14.508282
2433,snow__p2__s5,taboo,13,1,0,0.18437873,0.6536976,1.718163,110.53245,0.8817461,-0.8115315,13.55459
2434,snow__p2__s5,taboo,14,1,0,0.23318702,0.8809578,2.150758,177.35356,0.8808137,-0.7946012,15.007003
2435,snow__p2__s5,taboo,15,1,0,0.028528646,0.14341687,0.54673946,131.49162,0.8867826,-0.81539136,11.964613
2436,snow__p2__s5,taboo,16,1,0,0.023094373,0.15803945,0.9080483,144.90698,0.8913163,-0.81990874,11.709845
2437,snow__p2__s5,taboo,17,1,0,0.07660781,0.30766416,0.9162235,123.95959,0.89355505,-0.8336997,11.250181
2438,snow__p2__s5,taboo,18,1,0,0.012917649,0.07178359,0.28804952,147.81664,0.8730527,-0.8258967,12.220824
2439,snow__p2__s5,taboo,19,1,0,0.32004786,1.2650032,3.3624654,134.29803,0.8740118,-0.83240026,11.797714
2440,snow__p2__s5,taboo,20,1,0,0.00052557484,0.007454795,0.099745385,154.3289,0.8689449,-0.8248593,12.514185
2441,snow__p2__s5,taboo,21,1,0,1.4395887,2.117598,1.8297901,207.23784,0.86486745,-0.79453915,14.307458
2442,snow__p2__s5,taboo,22,1,0,0.3493932,1.2679594,2.728476,190.1392,0.8731572,-0.80816644,13.314827
2443,snow__p2__s5,taboo,23,1,0,0.00012981049,0.0016704428,0.019270618,146.3372,0.8673526,-0.8014455,14.385036
2444,snow__p2__s5,taboo,24,1,0,0.03814205,0.22169672,1.0731275,150.35417,0.86482614,-0.8082552,13.493034
2445,snow__p2__s5,taboo,25,1,0,1.1212975,1.2005341,0.5499108,123.91543,0.8666744,-0.81599265,13.289698
2446,snow__p2__s5,taboo,26,1,0,0.89967716,1.5106189,1.6694801,158.29839,0.86367196,-0.8052905,14.201102
2447,snow__p2__s5,taboo,27,1,0,0.0003134713,0.0038864464,0.04414448,110.846214,0.8693428,-0.81369257,13.382874
2448,snow__p2__s5,taboo,28,1,0,0.005718894,0.050754044,0.3751176,117.15524,0.8583892,-0.78615856,16.19255
2449,snow__p2__s5,taboo,29,1,0,0.9358891,0.8879033,1.0845982,173.96167,0.86567736,-0.81607294,13.382858
2450,snow__p2__s6,taboo,0,1,0,0.6066561,2.779869,9.175322,254.64311,0.9744873,-0.8228203,11.065096
2451,snow__p2__s6,taboo,1,1,0,0.909091,1.8991256,2.4458518,156.53162,0.9567395,-0.84121704,9.714002
2452,snow__p2__s6,taboo,2,1,0,0.021476798,0.16486762,1.0803783,176.28181,0.9493108,-0.8631067,8.006492
2453,snow__p2__s6,taboo,3,1,0,0.0119996825,0.09519968,0.6270734,154.87283,0.92374426,-0.8010699,14.262007
2454,snow__p2__s6,taboo,4,1,0,0.0029428767,0.023376733,0.16209386,108.9828,0.9290744,-0.83589536,10.896679
2455,snow__p2__s6,taboo,5,1,0,0.07004082,0.37648255,1.6217349,169.93973,0.9210717,-0.8270241,11.763589
2456,snow__p2__s6,taboo,6,1,0,0.05396334,0.31346416,1.3539156,128.79729,0.910117,-0.82266635,12.095359
2457,snow__p2__s6,taboo,7,1,0,0.013545859,0.077558875,0.33322412,148.70029,0.9180327,-0.82445526,12.371164
2458,snow__p2__s6,taboo,8,1,0,1.6016395,1.8968385,3.2093801,72.7239,0.9117856,-0.82505083,12.276645
2459,snow__p2__s6,taboo,9,1,0,0.9516817,1.7899177,2.482152,174.8375,0.9140969,-0.83087856,11.799992
2460,snow__p2__s6,taboo,10,1,0,1.2930521,0.8802843,0.97427875,115.2899,0.9084656,-0.8134077,13.26734
2461,snow__p2__s6,taboo,11,1,0,0.02060578,0.13411395,0.71560794,108.403984,0.90438735,-0.82433194,12.489912
2462,snow__p2__s6,taboo,12,1,0,0.0018472289,0.020218361,0.1968818,163.16019,0.88549495,-0.8212498,13.246305
2463,snow__p2__s6,taboo,13,1,0,1.0895241,2.2397666,2.2778292,149.67273,0.8737424,-0.8030017,13.718893
2464,snow__p2__s6,taboo,14,1,0,0.054247588,0.29435295,1.1850324,136.11246,0.88883936,-0.8255562,12.579004
2465,snow__p2__s6,taboo,15,1,0,1.5771061,1.3030083,1.4047431,115.2219,0.88160884,-0.81406707,14.242836
2466,snow__p2__s6,taboo,16,1,0,0.3638864,1.3498106,3.0459235,159.72705,0.8808594,-0.81333876,14.454446
2467,snow__p2__s6,taboo,17,1,0,0.52377427,1.5000843,2.6108174,161.79382,0.87494814,-0.80021113,16.577955
2468,snow__p2__s6,taboo,18,1,0,1.2534148,2.073653,2.2130055,156.74438,0.8779169,-0.8042082,16.070068
2469,snow__p2__s6,taboo,19,1,0,0.07392691,0.32083738,1.0489389,131.7053,0.87343216,-0.7974317,16.85718
2470,snow__p2__s6,taboo,20,1,0,0.30412543,0.789911,0.8138262,110.53566,0.8559217,-0.7745791,19.869438
2471,snow__p2__s6,taboo,21,1,0,0.0030694536,0.027910732,0.22126953,104.79932,0.8719458,-0.7968851,17.357225
2472,snow__p2__s6,taboo,22,1,0,0.0014986485,0.015280386,0.14567932,158.21478,0.8464948,-0.7839951,18.892448
2473,snow__p2__s6,taboo,23,1,0,0.31368023,0.7499617,1.1479166,206.1101,0.8603811,-0.8014801,13.121989
2474,snow__p2__s6,taboo,24,1,0,0.13619879,0.654054,2.2263632,190.01627,0.8842343,-0.83560896,11.233285
2475,snow__p2__s6,taboo,25,1,0,0.00019202773,0.0023543364,0.025643028,161.60147,0.85580766,-0.79933417,13.9017515
2476,snow__p2__s6,taboo,26,1,0,0.042796858,0.23489682,1.0252637,157.66608,0.85786265,-0.80956405,13.072796
2477,snow__p2__s6,taboo,27,1,0,0.88512325,1.2034583,0.68041366,120.31556,0.85674036,-0.811281,13.395943
2478,snow__p2__s6,taboo,28,1,0,0.90382004,1.7775738,1.6273086,162.21405,0.8585322,-0.8085314,13.4262295
2479,snow__p2__s6,taboo,29,1,0,0.001034678,0.010034619,0.086312845,97.06016,0.8612274,-0.8106918,13.4477825
2480,snow__p2__s7,taboo,0,1,0,0.6066561,2.779869,9.175322,254.64311,0.9744873,-0.8228203,11.065096
2481,snow__p2__s7,taboo,1,1,0,0.909091,1.8991256,2.4458518,156.53162,0.9567395,-0.84121704,9.714002
2482,snow__p2__s7,taboo,2,1,0,0.021476798,0.16486762,1.0803783,176.28181,0.9493108,-0.8631067,8.006492
2483,snow__p2__s7,taboo,3,1,0,0.0119996825,0.09519968,0.6270734,154.87283,0.92374426,-0.8010699,14.262007
2484,snow__p2__s7,taboo,4,1,0,0.0029428767,0.023376733,0.16209386,108.9828,0.9290744,-0.83589536,10.896679
2485,snow__p2__s7,taboo,5,1,0,0.07004082,0.37648255,1.6217349,169.93973,0.9210717,-0.8270241,11.763589
2486,snow__p2__s7,taboo,6,1,0,0.05396334,0.31346416,1.3539156,128.79729,0.910117,-0.82266635,12.095359
2487,snow__p2__s7,taboo,7,1,0,0.013545859,0.077558875,0.33322412,148.70029,0.9180327,-0.82445526,12.371164
2488,snow__p2__s7,taboo,8,1,0,0.7266395,1.8968385,3.2093801,175.51186,0.919215,-0.8304834,11.70264
2489,snow__p2__s7,taboo,9,1,0,0.73414683,0.90217185,0.885235,110.30394,0.90640485,-0.79020137,16.462896
2490,snow__p2__s7,taboo,10,1,0,0.30679753,0.93403906,1.7875752,103.39639,0.9106617,-0.824964,12.347495
2491,snow__p2__s7,taboo,11,1,0,0.0014851979,0.017071135,0.17348367,160.49411,0.8926182,-0.8247566,12.753035
2492,snow__p2__s7,taboo,12,1,0,0.34181306,1.3099877,3.157357,99.65897,0.8831357,-0.82130575,12.286106
2493,snow__p2__s7,taboo,13,1,0,1.1652505,2.198235,1.886447,146.19685,0.87598807,-0.80186284,13.977049
2494,snow__p2__s7,taboo,14,1,0,0.07464154,0.37340993,1.3176684,135.82451,0.8912668,-0.82638115,12.57372
2495,snow__p2__s7,taboo,15,1,0,0.6425318,1.4303159,1.379772,106.12381,0.8863549,-0.82275623,13.577111
2496,snow__p2__s7,taboo,16,1,0,0.89631313,1.4825351,2.0602374,163.44421,0.8830387,-0.8097952,14.383922
2497,snow__p2__s7,taboo,17,1,0,0.14526634,0.7891987,3.206161,164.28423,0.8816325,-0.8191094,13.812948
2498,snow__p2__s7,taboo,18,1,0,0.40272295,1.0822976,1.8978221,82.27143,0.8707162,-0.8068658,15.872197
2499,snow__p2__s7,taboo,19,1,0,0.082756154,0.46375918,1.962107,159.44331,0.8668373,-0.80010843,16.264204
2500,snow__p2__s7,taboo,20,1,0,1.1705308,2.4509337,2.9763746,163.14795,0.8751388,-0.80210125,16.558947
2501,snow__p2__s7,taboo,21,1,0,0.064509965,0.30477452,1.0841267,127.91931,0.8726229,-0.7956533,17.113203
2502,snow__p2__s7,taboo,22,1,0,0.45894754,0.9475057,0.57383573,106.47778,0.8577752,-0.77503294,20.0043
2503,snow__p2__s7,taboo,23,1,0,0.0029079316,0.026841352,0.21616375,104.47944,0.8707482,-0.79420686,17.802774
2504,snow__p2__s7,taboo,24,1,0,0.0010219357,0.01089257,0.10913092,157.95195,0.844066,-0.78015524,19.46185
2505,snow__p2__s7,taboo,25,1,0,1.0061853,0.8432804,0.86247945,109.000275,0.8443395,-0.7808444,16.613781
2506,snow__p2__s7,taboo,26,1,0,0.023193732,0.14933187,0.7682127,194.19829,0.859292,-0.7991267,13.454863
2507,snow__p2__s7,taboo,27,1,0,0.16841787,0.7779813,2.4966161,183.52585,0.8790534,-0.8250689,11.867178
2508,snow__p2__s7,taboo,28,1,0,0.00012742661,0.001674424,0.019700777,152.50839,0.859193,-0.8008849,14.047101
2509,snow__p2__s7,taboo,29,1,0,0.045391653,0.25289586,1.1071686,153.33176,0.86067724,-0.8099459,13.150371
2510,snow__p3__s0,taboo,0,1,1,0.9061502,2.4797544,5.0933747,258.9115,0.97624093,-0.8492717,10.477922
2511,snow__p3__s0,taboo,1,1,1,0.22935382,0.9780519,3.4917548,147.37671,0.9610303,-0.87289447,9.125509
2512,snow__p3__s0,taboo,2,1,1,0.8362468,2.6350086,4.9174566,177.86574,0.9500449,-0.8660785,9.956906
2513,snow__p3__s0,taboo,3,1,1,1.260006,3.3527439,4.658065,100.877785,0.94612706,-0.8746857,8.975399
2514,snow__p3__s0,taboo,4,1,1,0.6924424,2.3784761,5.358815,178.43579,0.9373048,-0.8644077,10.252371
2515,snow__p3__s0,taboo,5,1,1,0.00039653067,0.005238454,0.06373103,150.00993,0.9388121,-0.8723118,9.923199
2516,snow__p3__s0,taboo,6,1,1,1.5793247,3.6931558,7.2003765,146.0089,0.9273969,-0.8694418,9.6272335
2517,snow__p3__s0,taboo,7,1,1,1.1590866,2.1319685,2.811119,146.87012,0.90063417,-0.83830017,13.759637
2518,snow__p3__s0,taboo,8,1,1,0.7089795,2.2705154,6.0019083,124.537994,0.9048327,-0.8382041,12.557425
2519,snow__p3__s0,taboo,9,1,1,1.7386079,3.210216,4.83463,150.05168,0.91218245,-0.8556914,11.016369
2520,snow__p3__s0,taboo,10,1,1,0.89855707,2.337997,4.82886,115.53147,0.9156592,-0.863402,10.0970335
2521,snow__p3__s0,taboo,11,1,1,0.8648349,2.1898007,3.6531029,175.69289,0.9084737,-0.85988396,10.734909
2522,snow__p3__s0,taboo,12,1,1,0.029768236,0.16396965,0.71330404,142.0143,0.90006346,-0.8535744,11.285511
2523,snow__p3__s0,taboo,13,1,1,0.70904076,1.8737218,3.662446,178.48285,0.9003294,-0.85205233,11.670132
2524,snow__p3__s0,taboo,14,1,1,0.71405864,1.2525535,1.7372668,176.80283,0.8942133,-0.8477808,12.104294
2525,snow__p3__s0,taboo,15,1,1,1.1151427,1.954296,1.9752243,175.82753,0.9015957,-0.8596674,10.899303
2526,snow__p3__s0,taboo,16,1,1,0.023186628,0.12777677,0.57179654,154.36311,0.91220653,-0.8791017,9.270595
2527,snow__p3__s0,taboo,17,1,1,0.4048078,1.4796383,3.5072422,184.36424,0.90790814,-0.8740797,9.864298
2528,snow__p3__s0,taboo,18,1,1,0.25585103,1.2625718,4.3975058,132.19467,0.9122554,-0.8791896,9.546639
2529,snow__p3__s0,taboo,19,1,1,0.07974185,0.27865142,0.54611886,174.11302,0.896691,-0.8594266,11.5670185
2530,snow__p3__s0,taboo,20,1,1,0.73655933,1.5118976,1.7869143,170.33887,0.89967835,-0.86751634,9.7172985
2531,snow__p3__s0,taboo,21,1,1,0.7300834,1.2865926,1.6770539,185.07545,0.9036303,-0.87346524,9.414498
2532,snow__p3__s0,taboo,22,1,1,0.048193555,0.30658028,1.5691962,181.57532,0.90762067,-0.8765074,9.016015
2533,snow__p3__s0,taboo,23,1,1,0.60926586,1.3996007,1.3219529,124.33253,0.8978583,-0.85942614,10.757898
2534,snow__p3__s0,taboo,24,1,1,0.9789361,2.2570221,3.067275,80.21949,0.8945259,-0.85545653,11.185316
2535,snow__p3__s0,taboo,25,1,1,0.53263426,1.5228899,3.6893053,223.6843,0.89630145,-0.8412013,12.398198
2536,snow__p3__s0,taboo,26,1,1,0.00090951077,0.008376506,0.06360094,240.45287,0.89047444,-0.8621358,10.412847
2537,snow__p3__s0,taboo,27,1,1,0.028563982,0.21080145,1.2578759,163.58429,0.90232426,-0.87732154,8.996577
2538,snow__p3__s0,taboo,28,1,1,0.0050619063,0.036595628,0.21837674,119.64785,0.89801705,-0.87394345,9.35926
2539,snow__p3__s0,taboo,29,1,1,0.017836645,0.1196118,0.67254597,182.8946,0.8725654,-0.8348611,13.983017
2540,snow__p3__s1,taboo,0,1,1,1.5252824,2.4618764,5.0878077,255.47775,0.9771796,-0.85951614,9.842256
2541,snow__p3__s1,taboo,1,1,1,0.7624116,2.120686,4.146849,180.47733,0.9606817,-0.8582616,9.966311
2542,snow__p3__s1,taboo,2,1,1,1.1090956,2.7560468,4.46059,125.103676,0.9525414,-0.87131643,9.212625
2543,snow__p3__s1,taboo,3,1,1,0.48630264,1.9480231,6.393364,157.97476,0.94341207,-0.8739295,9.227334
2544,snow__p3__s1,taboo,4,1,1,1.7754976,3.9516387,5.6445885,186.4617,0.94026566,-0.8798981,8.691344
2545,snow__p3__s1,taboo,5,1,1,2.1389518,3.4720657,3.8460054,217.84703,0.94153345,-0.89344686,7.584853
2546,snow__p3__s1,taboo,6,1,1,0.7964173,1.6594096,1.7709048,136.32729,0.9289884,-0.8822028,9.171903
2547,snow__p3__s1,taboo,7,1,1,0.57873535,1.6285048,2.5600238,182.68248,0.9160181,-0.8713671,10.242585
2548,snow__p3__s1,taboo,8,1,1,0.93729603,2.090681,2.3094828,194.92252,0.89607096,-0.8440816,12.427248
2549,snow__p3__s1,taboo,9,1,1,1.6800712,3.5936472,4.6844897,149.91876,0.8935989,-0.83488196,12.782982
2550,snow__p3__s1,taboo,10,1,1,2.503968,4.1678686,5.244442,191.2635,0.9078841,-0.8550636,10.399772
2551,snow__p3__s1,taboo,11,1,1,0.8437058,2.860808,5.5291767,94.46405,0.9134828,-0.86162966,9.916442
2552,snow__p3__s1,taboo,12,1,1,1.5010808,3.1807103,4.6422315,190.91156,0.90763044,-0.84629565,11.863636
2553,snow__p3__s1,taboo,13,1,1,0.00044610086,0.0058641685,0.07113919,152.74481,0.9088213,-0.8593413,10.988642
2554,snow__p3__s1,taboo,14,1,1,1.7195859,4.392619,6.921095,145.6061,0.90037847,-0.8501136,11.363493
2555,snow__p3__s1,taboo,15,1,1,1.3565936,2.6419191,4.012696,154.46855,0.9176382,-0.881952,8.342061
2556,snow__p3__s1,taboo,16,1,1,0.07032887,0.32295004,1.1753715,172.38406,0.88966197,-0.8371708,13.67754
2557,snow__p3__s1,taboo,17,1,1,0.5985315,1.3410627,1.692214,236.29877,0.8960996,-0.8015478,16.438814
2558,snow__p3__s2,taboo,0,1,1,0.9002824,2.4618764,5.0878077,258.7598,0.97622865,-0.8491878,10.476652
2559,snow__p3__s2,taboo,1,1,1,0.23057239,0.98492765,3.5178418,147.12526,0.9610442,-0.872796,9.130894
2560,snow__p3__s2,taboo,2,1,1,0.8339822,2.638434,4.9442005,177.76933,0.9500238,-0.8660291,9.962953
2561,snow__p3__s2,taboo,3,1,1,2.3765283,3.3508444,4.6867275,164.47653,0.94416994,-0.87065315,9.43095
2562,snow__p3__s2,taboo,4,1,1,0.0025530623,0.02535188,0.219697,159.39745,0.94204074,-0.8734253,9.782631
2563,snow__p3__s2,taboo,5,1,1,1.6463591,3.756907,7.2131467,149.4803,0.930513,-0.87125885,9.4153385
2564,snow__p3__s2,taboo,6,1,1,0.97561264,2.0187645,3.0503783,146.64046,0.90646684,-0.8438918,13.035603
2565,snow__p3__s2,taboo,7,1,1,2.0498624,2.6350474,6.3216004,151.38724,0.9072883,-0.84362996,11.499118
2566,snow__p3__s2,taboo,8,1,1,2.639161,2.782052,3.5357478,127.59107,0.9022102,-0.8507213,11.792229
2567,snow__p3__s2,taboo,9,1,1,1.5360273,3.2348366,5.5852823,170.46106,0.91028386,-0.85980415,10.501762
2568,snow__p3__s2,taboo,10,1,1,0.1266381,0.73764586,3.3050113,183.3185,0.91058004,-0.85916567,11.113988
2569,snow__p3__s2,taboo,11,1,1,2.4268322,4.772499,6.4959927,185.73308,0.930778,-0.8918279,7.738204
2570,snow__p3__s2,taboo,12,1,1,0.13535058,0.48046064,1.2083958,214.2894,0.90086293,-0.8563266,11.683191
2571,snow__p3__s2,taboo,13,1,1,0.52241576,1.4740367,2.337031,210.30518,0.8836643,-0.8392402,13.424651
2572,snow__p3__s2,taboo,14,1,1,3.7589197,4.3591022,5.473831,152.55406,0.9096804,-0.87043107,9.659651
2573,snow__p3__s2,taboo,15,1,1,0.8303199,1.6755991,2.9923985,210.4523,0.9126564,-0.8478366,12.190608
2574,snow__p3__s2,taboo,16,1,1,0.01147763,0.065771714,0.27814475,249.1718,0.8839726,-0.83555967,14.006924
2575,snow__p3__s2,taboo,17,1,1,0.52236676,1.5476631,2.7786496,240.08315,0.8913625,-0.8010583,16.51261
2576,snow__p3__s3,taboo,0,1,1,1.5287102,2.4763212,5.11111,255.60455,0.9771303,-0.85952866,9.850962
2577,snow__p3__s3,taboo,1,1,1,1.6361662,2.1161923,4.141365,179.37529,0.96344954,-0.862956,9.924667
2578,snow__p3__s3,taboo,2,1,1,1.8662282,2.6188288,4.5965667,149.3381,0.9559511,-0.86843604,9.840834
2579,snow__p3__s3,taboo,3,1,1,1.2779214,3.4546676,5.4372773,187.59953,0.94724894,-0.8661321,9.729162
2580,snow__p3__s3,taboo,4,1,1,0.73762333,1.9720743,3.6665072,168.8744,0.9394578,-0.8637214,10.458325
2581,snow__p3__s3,taboo,5,1,1,2.4846601,4.023902,4.979065,190.72377,0.9406404,-0.8805545,8.912441
2582,snow__p3__s3,taboo,6,1,1,2.4921951,3.5093007,4.0764694,214.50389,0.94220924,-0.89107054,7.9108653
2583,snow__p3__s3,taboo,7,1,1,1.2616792,2.9867055,3.9105098,133.57565,0.9331037,-0.88312167,8.983998
2584,snow__p3__s3,taboo,8,1,1,1.613873,3.1162205,5.5859404,155.88348,0.92458946,-0.87919205,9.423606
2585,snow__p3__s3,taboo,9,1,1,0.81465375,2.0694594,3.757202,131.07239,0.9182383,-0.8708507,9.62196
2586,snow__p3__s3,taboo,10,1,1,0.06594864,0.40921405,2.0156982,117.61341,0.9141347,-0.8659236,10.939517
2587,snow__p3__s3,taboo,11,1,1,2.2282124,3.9941347,3.992016,138.79802,0.92133194,-0.8817906,8.931629
2588,snow__p3__s3,taboo,12,1,1,0.20878118,0.8341465,2.1745026,174.0548,0.8961019,-0.8476534,12.667614
2589,snow__p3__s3,taboo,13,1,1,1.4435272,1.5092037,1.8232348,191.05269,0.888961,-0.83767253,12.745139
2590,snow__p3__s3,taboo,14,1,1,2.827776,3.1205022,4.362108,179.72041,0.90569353,-0.8529932,10.407645
2591,snow__p3__s3,taboo,15,1,1,0.5779699,1.7785088,4.8966494,167.49525,0.9161905,-0.86682236,9.835009
2592,snow__p3__s3,taboo,16,1,1,0.4006192,1.7881081,5.662822,91.91953,0.9140585,-0.87003386,9.930194
2593,snow__p3__s3,taboo,17,1,1,1.8751022,3.2018194,4.977337,212.96616,0.9059724,-0.8594322,11.118223
2594,snow__p3__s3,taboo,18,1,1,0.60164493,1.1442742,1.3769925,202.8348,0.89626014,-0.8537626,11.992538
2595,snow__p3__s3,taboo,19,1,1,0.50246054,1.9608836,5.406928,208.32584,0.8905239,-0.83945334,13.626081
2596,snow__p3__s3,taboo,20,1,1,0.73010397,1.8527735,2.2990408,245.54938,0.8935535,-0.7988457,16.549263
2597,snow__p3__s4,taboo,0,1,1,0.90542036,2.4804428,5.11131,258.81833,0.9762437,-0.8491875,10.479482
2598,snow__p3__s4,taboo,1,1,1,0.22972149,0.9806932,3.5062408,147.0314,0.96102905,-0.87286055,9.135458
2599,snow__p3__s4,taboo,2,1,1,0.83758533,2.6380775,4.913521,177.83748,0.9500231,-0.86607695,9.9600725
2600,snow__p3__s4,taboo,3,1,1,1.2532356,3.354624,4.6828613,100.88233,0.94608957,-0.87478036,8.972351
2601,snow__p3__s4,taboo,4,1,1,0.6916575,2.3757074,5.3551097,178.34,0.9372149,-0.86432517,10.261655
2602,snow__p3__s4,taboo,5,1,1,0.00039367078,0.005211927,0.06349843,149.915,0.9388387,-0.8724769,9.909681
2603,snow__p3__s4,taboo,6,1,1,1.5619216,3.7267256,7.1858025,146.10912,0.9274424,-0.8696521,9.612989
2604,snow__p3__s4,taboo,7,1,1,2.626813,2.1608806,2.826696,173.47827,0.92114794,-0.8690491,10.082877
2605,snow__p3__s4,taboo,8,1,1,0.5585349,0.8889243,1.0063815,196.65181,0.8949507,-0.8405401,13.396342
2606,snow__p3__s4,taboo,9,1,1,1.0912814,3.3911412,7.5899553,172.21153,0.90502733,-0.85127896,11.326735
2607,snow__p3__s4,taboo,10,1,1,1.7132117,3.1694927,3.5783348,161.51201,0.9125225,-0.86103755,10.764731
2608,snow__p3__s4,taboo,11,1,1,1.6598387,2.8105733,3.9909635,138.81924,0.9170687,-0.8710558,9.458291
2609,snow__p3__s4,taboo,12,1,1,0.7998766,2.1301608,3.5266635,157.06737,0.91647905,-0.873794,9.644217
2610,snow__p3__s4,taboo,13,1,1,0.61997384,1.0622256,0.4647019,192.8373,0.9113629,-0.8678509,10.60955
2611,snow__p3__s4,taboo,14,1,1,3.4175706,3.4930177,6.853469,69.6978,0.9049811,-0.863492,10.663192
2612,snow__p3__s4,taboo,15,1,1,1.3398126,2.6414163,5.8373895,206.52605,0.9045513,-0.86094254,10.595684
2613,snow__p3__s4,taboo,16,1,1,0.008470796,0.072666004,0.51839006,205.91779,0.89237934,-0.85405904,11.743538
2614,snow__p3__s4,taboo,17,1,1,0.9172578,2.7017221,6.5813613,223.23315,0.8867463,-0.8339248,13.747406
2615,snow__p3__s4,taboo,18,1,1,0.15760487,0.78512496,2.7100048,242.67738,0.89330155,-0.8006406,16.544247
2616,snow__p3__s5,taboo,0,1,1,0.90376854,2.4770305,5.115139,258.91653,0.9762145,-0.8494588,10.45753
2617,snow__p3__s5,taboo,1,1,1,0.22991778,0.98195946,3.5117433,147.25381,0.9610691,-0.873027,9.121099
2618,snow__p3__s5,taboo,2,1,1,0.8365321,2.6362453,4.924021,177.72311,0.95009947,-0.8663685,9.939279
2619,snow__p3__s5,taboo,3,1,1,1.2605352,3.3509974,4.647075,100.90089,0.94616544,-0.874865,8.962191
2620,snow__p3__s5,taboo,4,1,1,0.6868953,2.3660617,5.3755813,178.44817,0.9372138,-0.8644026,10.255338
2621,snow__p3__s5,taboo,5,1,1,0.00039343245,0.005207924,0.063449845,150.09236,0.93882495,-0.8724864,9.912062
2622,snow__p3__s5,taboo,6,1,1,1.5722556,3.696465,7.2064657,212.73466,0.93034893,-0.8792866,8.952335
2623,snow__p3__s5,taboo,7,1,1,0.6048106,1.0906849,1.5709805,194.59015,0.9020557,-0.84491605,12.844677
2624,snow__p3__s5,taboo,8,1,1,1.3210429,3.2661116,5.5067225,136.03662,0.8976654,-0.83452934,12.795354
2625,snow__p3__s5,taboo,9,1,1,1.9889021,3.4132757,5.2928762,165.34142,0.91189384,-0.8596201,10.146207
2626,snow__p3__s5,taboo,10,1,1,2.6706624,3.7054286,5.611947,197.81665,0.90394694,-0.85692877,11.192973
2627,snow__p3__s5,taboo,11,1,1,0.24077776,1.2111773,4.345786,170.11052,0.9019545,-0.8548674,11.322002
2628,snow__p3__s5,taboo,12,1,1,1.5256512,3.208636,3.7528586,205.55734,0.91166854,-0.8652976,10.116763
2629,snow__p3__s5,taboo,13,1,1,1.1043754,2.5145469,2.836071,116.83145,0.90849376,-0.8633138,10.730007
2630,snow__p3__s5,taboo,14,1,1,0.86163527,2.1546712,3.3710785,184.98352,0.8986634,-0.85574406,12.010636
2631,snow__p3__s5,taboo,15,1,1,0.43191892,1.5285592,3.1161757,161.05698,0.899812,-0.85726637,10.857666
2632,snow__p3__s5,taboo,16,1,1,0.1071315,0.50279397,1.7767966,116.15814,0.8975778,-0.8547574,12.008959
2633,snow__p3__s5,taboo,17,1,1,3.7645624,3.9522707,3.5256543,260.4415,0.91134566,-0.86676246,9.857597
2634,snow__p3__s5,taboo,18,1,1,0.0017351347,0.015911518,0.12253978,252.17973,0.8970092,-0.85876256,11.578848
2635,snow__p3__s5,taboo,19,1,1,0.77077395,1.5182426,2.8947358,82.52302,0.89013344,-0.8544195,12.271304
2636,snow__p3__s5,taboo,20,1,1,1.1479329,2.1176572,3.77364,163.61644,0.8988302,-0.85998994,10.878241
2637,snow__p3__s5,taboo,21,1,1,0.012236524,0.07570429,0.35838112,152.46037,0.87573856,-0.8191802,15.2982025
2638,snow__p3__s5,taboo,22,1,1,0.12699115,0.55173475,1.7283847,239.79086,0.8931278,-0.8008496,16.538017
2639,snow__p3__s6,taboo,0,1,1,1.5287102,2.4763212,5.11111,255.60455,0.9771303,-0.85952866,9.850962
2640,snow__p3__s6,taboo,1,1,1,0.7611662,2.1161923,4.141365,180.85213,0.9607166,-0.8585507,9.947798
2641,snow__p3__s6,taboo,2,1,1,1.1369097,2.7520795,4.3921432,125.25269,0.9526013,-0.87146026,9.215772
2642,snow__p3__s6,taboo,3,1,1,1.7824936,2.047832,6.4800444,205.13441,0.9465247,-0.8797107,8.589336
2643,snow__p3__s6,taboo,4,1,1,0.78606623,1.9506451,2.766936,107.91328,0.9406267,-0.87875223,8.717893
2644,snow__p3__s6,taboo,5,1,1,1.1659546,2.306478,4.30009,190.93399,0.93679154,-0.8781862,9.127626
2645,snow__p3__s6,taboo,6,1,1,2.4808254,3.5196016,6.2710323,181.66603,0.9363015,-0.8843406,8.623593
2646,snow__p3__s6,taboo,7,1,1,0.21727808,1.0812048,3.9164011,251.59135,0.93975264,-0.9040074,7.0073576
2647,snow__p3__s6,taboo,8,1,1,0.00006532456,0.0007819446,0.008234592,245.5911,0.9079203,-0.85254127,11.903527
2648,snow__p3__s6,taboo,9,1,1,1.4975021,1.6469672,0.92408097,197.00385,0.9129157,-0.8518309,11.617285
2649,snow__p3__s6,taboo,10,1,1,1.6320684,2.7232177,4.356577,204.10533,0.9041998,-0.8447855,12.197764
2650,snow__p3__s6,taboo,11,1,1,0.3423646,1.1016077,2.2268763,191.96468,0.8862053,-0.82054275,14.63077
2651,snow__p3__s6,taboo,12,1,1,0.35882017,1.4228671,4.119117,152.91154,0.88970643,-0.8287824,13.376731
2652,snow__p3__s6,taboo,13,1,1,1.2963394,3.3178859,5.5599003,160.652,0.89941627,-0.8485522,11.536306
2653,snow__p3__s6,taboo,14,1,1,0.70803976,2.2227287,4.441279,177.94034,0.8954485,-0.84226465,12.451041
2654,snow__p3__s6,taboo,15,1,1,1.9485962,3.3208575,3.8398387,108.9711,0.9039073,-0.8566327,10.620398
2655,snow__p3__s6,taboo,16,1,1,1.477077,2.8560512,4.4796395,189.96037,0.9020177,-0.8426029,12.295228
2656,snow__p3__s6,taboo,17,1,1,0.00026854247,0.0037747712,0.04914206,150.37862,0.902679,-0.85683805,11.4885845
2657,snow__p3__s6,taboo,18,1,1,2.0412598,4.167189,5.6006985,142.5795,0.89911115,-0.8535822,11.119472
2658,snow__p3__s6,taboo,19,1,1,1.0928586,1.8642406,3.5769916,179.52966,0.89462185,-0.84725374,12.667516
2659,snow__p3__s6,taboo,20,1,1,0.6049832,1.1988144,1.5140495,235.38638,0.8933418,-0.7989688,16.93893
2660,snow__p3__s7,taboo,0,1,1,0.90371025,2.4763212,5.11111,258.89105,0.97621906,-0.8492341,10.475464
2661,snow__p3__s7,taboo,1,1,1,0.23009394,0.9823899,3.5098383,147.05885,0.9610394,-0.87299824,9.120858
2662,snow__p3__s7,taboo,2,1,1,0.8299919,2.6281157,4.9489174,177.88304,0.95004165,-0.8661155,9.956402
2663,snow__p3__s7,taboo,3,1,1,1.2497027,3.3479662,4.692653,100.93169,0.9460728,-0.8747298,8.975398
2664,snow__p3__s7,taboo,4,1,1,0.6910878,2.373731,5.3545923,178.53825,0.93714035,-0.86423475,10.268579
2665,snow__p3__s7,taboo,5,1,1,0.00040189296,0.005292834,0.06415088,150.47557,0.93878347,-0.8725788,9.912528
2666,snow__p3__s7,taboo,6,1,1,1.5659218,3.6930068,7.234801,146.15219,0.92740583,-0.86968344,9.601759
2667,snow__p3__s7,taboo,7,1,1,2.6243138,2.154212,2.8239565,173.80978,0.9211081,-0.86897975,10.081407
2668,snow__p3__s7,taboo,8,1,1,0.93276995,0.8851394,0.9956473,199.65419,0.89775753,-0.83842343,13.502398
2669,snow__p3__s7,taboo,9,1,1,0.7645241,3.2319179,8.761118,121.88071,0.8999476,-0.83487433,12.912485
2670,snow__p3__s7,taboo,10,1,1,1.819864,3.2522607,5.001583,159.43538,0.9079232,-0.85386705,11.18254
2671,snow__p3__s7,taboo,11,1,1,1.4372983,2.5142593,4.1822667,175.87933,0.9114478,-0.86235756,10.289398
2672,snow__p3__s7,taboo,12,1,1,2.2937617,3.272215,3.1599054,209.65546,0.9157439,-0.87159026,9.598001
2673,snow__p3__s7,taboo,13,1,1,1.6090224,3.1610613,3.7444124,177.56818,0.92016774,-0.88321733,8.898204
2674,snow__p3__s7,taboo,14,1,1,0.023599453,0.18311901,1.1549225,198.29263,0.9023292,-0.8609797,11.474024
2675,snow__p3__s7,taboo,15,1,1,1.1623979,2.286632,1.7783372,211.47917,0.8805782,-0.8471839,13.155929
2676,snow__p3__s7,taboo,16,1,1,1.181477,3.7700195,7.092227,179.98993,0.9021602,-0.8659856,9.99613
2677,snow__p3__s7,taboo,17,1,1,2.7624948,2.5172114,4.856925,170.62181,0.90617746,-0.8763861,9.435453
2678,snow__p3__s7,taboo,18,1,1,1.6722815,1.4154506,1.702179,164.3261,0.8870916,-0.85849285,11.363099
2679,snow__p3__s7,taboo,19,1,1,0.90686685,1.3141675,2.0880995,181.1537,0.8745828,-0.8249809,14.870862
2680,snow__p3__s7,taboo,20,1,1,0.012690502,0.105279595,0.7246158,229.57101,0.89165354,-0.80195874,16.582167
