position_id,case_id,mode,tok_idx,label,on_task,surprisal,entropy,varentropy,resid_jump,lookback_ratio,sink_drain,head_disagreement
0,moon__p0__s0,taboo,0,1,0,0.39430067,2.057601,8.623241,141.0547,0.9294723,-0.65736955,28.459887
1,moon__p0__s0,taboo,1,1,0,1.0863605,2.1556609,2.4915438,118.84734,0.9069577,-0.667556,32.757656
2,moon__p0__s0,taboo,2,1,0,0.01718816,0.10996339,0.55126345,110.58058,0.8572996,-0.65368366,29.435862
3,moon__p0__s0,taboo,3,1,0,0.071920745,0.4601903,2.3966017,115.80076,0.84346175,-0.67323315,28.538147
4,moon__p0__s0,taboo,4,1,0,0.015507473,0.11280446,0.6582308,78.93488,0.8039381,-0.6182956,32.596813
5,moon__p0__s0,taboo,5,1,0,0.08285579,0.3069085,0.77099425,69.7783,0.7853472,-0.63203263,31.41694
6,moon__p0__s0,taboo,6,1,0,0.04015901,0.26556376,1.4096072,116.17568,0.7828889,-0.6380066,32.197784
7,moon__p0__s0,taboo,7,1,0,0.10814725,0.4905523,1.5297391,97.47695,0.7690264,-0.6445425,30.933184
8,moon__p0__s0,taboo,8,1,0,0.036782514,0.17098375,0.5348152,114.55728,0.8359622,-0.6485289,34.757236
9,moon__p0__s0,taboo,9,1,0,0.000038384653,0.0005813908,0.007968277,125.97523,0.7562712,-0.62951756,32.685917
10,moon__p0__s0,taboo,10,1,0,0.23272352,0.91640496,2.4239511,121.31655,0.7508827,-0.60812455,33.60894
11,moon__p0__s0,taboo,11,1,0,0.5282716,0.9487665,1.2155855,86.43982,0.73893505,-0.5964934,34.26678
12,moon__p0__s0,taboo,12,1,0,0.021716423,0.16533412,1.0614177,80.873146,0.7327485,-0.58228743,36.083805
13,moon__p0__s0,taboo,13,1,0,0.004646101,0.045144305,0.37832624,92.32829,0.7079379,-0.5814725,37.125755
14,moon__p0__s0,taboo,14,1,0,0.4336755,1.4029822,2.3255787,62.427383,0.6888516,-0.59795904,34.254642
15,moon__p0__s0,taboo,15,1,0,0.68292844,1.4416144,1.5072281,120.91155,0.69645625,-0.58219206,36.517864
16,moon__p0__s0,taboo,16,1,0,0.21284086,1.025018,3.3033142,106.21534,0.7064906,-0.6149198,31.750023
17,moon__p0__s0,taboo,17,1,0,0.0011224406,0.010948201,0.09193669,70.20905,0.7276361,-0.6105936,35.212967
18,moon__p0__s0,taboo,18,1,0,0.14618683,0.58385897,1.8545206,119.24909,0.70543265,-0.6214529,33.362003
19,moon__p0__s0,taboo,19,1,1,0.6566718,0.83449554,0.690124,109.55228,0.77944225,-0.674969,33.157
20,moon__p0__s0,taboo,20,1,0,0.48279488,0.71172553,0.26638803,108.838,0.7077318,-0.6399625,31.53006
21,moon__p0__s0,taboo,21,1,0,0.12958467,0.38813072,0.5824723,86.566666,0.70390844,-0.6474147,31.151224
22,moon__p0__s0,taboo,22,1,0,0.024361307,0.1301623,0.50569755,95.875565,0.68021977,-0.623855,33.31265
23,moon__p0__s0,taboo,23,1,0,0.00016008526,0.0022169964,0.02769089,96.90652,0.6959133,-0.62071943,33.23271
24,moon__p0__s0,taboo,24,1,0,0.5960934,1.4731958,1.7183745,115.344475,0.68475366,-0.61340356,34.6581
25,moon__p0__s0,taboo,25,1,0,0.0007320347,0.007634992,0.06981286,71.41728,0.69042194,-0.6108237,34.616722
26,moon__p0__s0,taboo,26,1,0,0.0053298045,0.04653251,0.33371422,90.3672,0.70142543,-0.61198634,34.889954
27,moon__p0__s0,taboo,27,1,0,0.5868007,1.1105065,1.6142511,116.91465,0.67938703,-0.60469437,34.727726
28,moon__p0__s0,taboo,28,1,0,0.67193764,1.3564923,1.1717247,112.69986,0.6597081,-0.6011961,35.35721
29,moon__p0__s0,taboo,29,1,0,0.005786572,0.05018597,0.3568861,84.26224,0.6550199,-0.60392153,34.65664
30,moon__p0__s1,taboo,0,1,0,0.39430067,2.057601,8.623241,141.0547,0.9294723,-0.65736955,28.459887
31,moon__p0__s1,taboo,1,1,0,1.0863605,2.1556609,2.4915438,118.84734,0.9069577,-0.667556,32.757656
32,moon__p0__s1,taboo,2,1,0,0.01718816,0.10996339,0.55126345,110.58058,0.8572996,-0.65368366,29.435862
33,moon__p0__s1,taboo,3,1,0,0.071920745,0.4601903,2.3966017,115.80076,0.84346175,-0.67323315,28.538147
34,moon__p0__s1,taboo,4,1,0,0.015507473,0.11280446,0.6582308,78.93488,0.8039381,-0.6182956,32.596813
35,moon__p0__s1,taboo,5,1,0,0.08285579,0.3069085,0.77099425,69.7783,0.7853472,-0.63203263,31.41694
36,moon__p0__s1,taboo,6,1,0,0.04015901,0.26556376,1.4096072,116.17568,0.7828889,-0.6380066,32.197784
37,moon__p0__s1,taboo,7,1,0,0.10814725,0.4905523,1.5297391,97.47695,0.7690264,-0.6445425,30.933184
38,moon__p0__s1,taboo,8,1,0,0.036782514,0.17098375,0.5348152,114.55728,0.8359622,-0.6485289,34.757236
39,moon__p0__s1,taboo,9,1,0,0.000038384653,0.0005813908,0.007968277,125.97523,0.7562712,-0.62951756,32.685917
40,moon__p0__s1,taboo,10,1,0,0.23272352,0.91640496,2.4239511,121.31655,0.7508827,-0.60812455,33.60894
41,moon__p0__s1,taboo,11,1,0,1.0282717,0.9487665,1.2155855,84.67097,0.7715207,-0.59990746,34.992767
42,moon__p0__s1,taboo,12,1,0,0.1349009,0.60195327,2.0480118,78.88631,0.7533374,-0.5865029,36.356934
43,moon__p0__s1,taboo,13,1,0,0.0022249485,0.024349311,0.23057482,94.584595,0.71894544,-0.5822449,37.542084
44,moon__p0__s1,taboo,14,1,0,0.40825278,1.4201658,2.721005,63.95738,0.6905108,-0.5972817,34.375576
45,moon__p0__s1,taboo,15,1,0,0.5325228,1.3352199,1.8311832,121.91814,0.6992059,-0.5802488,36.70282
46,moon__p0__s1,taboo,16,1,0,0.2271994,1.0698466,3.334169,107.25138,0.70895886,-0.614462,31.876707
47,moon__p0__s1,taboo,17,1,0,0.0009914489,0.0098170955,0.084044054,70.983894,0.7305586,-0.6099551,35.217827
48,moon__p0__s1,taboo,18,1,0,0.16485247,0.63276845,1.9155922,118.930176,0.7101255,-0.6231758,33.441433
49,moon__p0__s1,taboo,19,1,0,0.8469887,0.82213104,0.7340375,109.45176,0.78599524,-0.6711324,33.64275
50,moon__p0__s1,taboo,20,1,0,0.43622544,0.6912246,0.29367858,109.600494,0.70922375,-0.64042836,31.538872
51,moon__p0__s1,taboo,21,1,0,0.08120464,0.28903612,0.58951545,87.540504,0.70490694,-0.64743257,31.226475
52,moon__p0__s1,taboo,22,1,0,0.023478827,0.124294594,0.4775362,96.510254,0.68206364,-0.6243411,33.274235
53,moon__p0__s1,taboo,23,1,0,0.00013529339,0.0019064727,0.02432654,98.10441,0.69720936,-0.62044585,33.25286
54,moon__p0__s1,taboo,24,1,0,0.7381226,1.5018513,1.58494,114.92041,0.6871156,-0.6137877,34.599796
55,moon__p0__s1,taboo,25,1,0,0.0008893825,0.008951324,0.078686684,69.596176,0.6925495,-0.6110784,34.55073
56,moon__p0__s1,taboo,26,1,0,0.0058756964,0.050591663,0.35753906,90.133026,0.7026475,-0.61101544,34.91386
57,moon__p0__s1,taboo,27,1,0,0.45957422,1.0544989,1.7501774,116.41386,0.68039256,-0.60469234,34.685825
58,moon__p0__s1,taboo,28,1,0,0.7506465,1.4002934,1.0946206,112.42102,0.660765,-0.6016329,35.286087
59,moon__p0__s1,taboo,29,1,0,0.005316524,0.046892058,0.34119958,84.42865,0.6564888,-0.60438037,34.616753
60,moon__p0__s2,taboo,0,1,0,0.35828602,1.9264243,8.367635,141.32214,0.92937195,-0.657401,28.463802
61,moon__p0__s2,taboo,1,1,0,1.0283989,2.1541226,2.5742269,119.34542,0.9067976,-0.6679216,32.715527
62,moon__p0__s2,taboo,2,1,0,0.01715031,0.10955774,0.5474062,110.71818,0.8573064,-0.6538454,29.41009
63,moon__p0__s2,taboo,3,1,0,0.06514267,0.426606,2.2781768,115.89009,0.84324753,-0.6729778,28.55153
64,moon__p0__s2,taboo,4,1,0,0.014381331,0.10654071,0.6355564,78.81059,0.80426234,-0.61839694,32.57721
65,moon__p0__s2,taboo,5,1,0,0.08303485,0.30811477,0.7769487,70.10132,0.7853697,-0.63194805,31.412704
66,moon__p0__s2,taboo,6,1,0,0.04034348,0.26699737,1.4183133,116.36313,0.7827107,-0.6379287,32.20039
67,moon__p0__s2,taboo,7,1,0,0.11951891,0.5269765,1.586945,97.247345,0.7691348,-0.6444003,30.95158
68,moon__p0__s2,taboo,8,1,0,0.036974385,0.17218693,0.5397962,114.39781,0.8357187,-0.64858836,34.75549
69,moon__p0__s2,taboo,9,1,0,0.000037907834,0.0005742496,0.007881788,125.92922,0.7563141,-0.6296458,32.688335
70,moon__p0__s2,taboo,10,1,0,0.24469817,0.951543,2.4449134,121.57805,0.75092643,-0.6080923,33.60817
71,moon__p0__s2,taboo,11,1,0,0.5314138,0.96156466,1.2456737,86.691,0.7384215,-0.59638035,34.26108
72,moon__p0__s2,taboo,12,1,0,0.021932315,0.16710363,1.0732723,80.61881,0.732711,-0.5826265,36.044292
73,moon__p0__s2,taboo,13,1,0,0.0048327306,0.046521697,0.38632673,92.29348,0.70785654,-0.58152634,37.095016
74,moon__p0__s2,taboo,14,1,0,0.4031563,1.3588368,2.4069605,62.49075,0.68896407,-0.5982081,34.203846
75,moon__p0__s2,taboo,15,1,0,0.6919802,1.4590375,1.5055153,120.933044,0.69661963,-0.58252954,36.4868
76,moon__p0__s2,taboo,16,1,0,0.21399356,1.0305028,3.3189816,106.17314,0.70614636,-0.6145814,31.79256
77,moon__p0__s2,taboo,17,1,0,0.0011108902,0.010834222,0.09100162,70.13529,0.72741145,-0.6106492,35.19942
78,moon__p0__s2,taboo,18,1,0,0.12992224,0.53732663,1.7690017,118.816025,0.70542455,-0.62151265,33.365276
79,moon__p0__s2,taboo,19,1,0,0.60108805,0.83667195,0.74509466,108.93628,0.77892953,-0.6744922,33.16048
80,moon__p0__s2,taboo,20,1,0,0.43667477,0.6919245,0.28341985,109.10097,0.7076857,-0.64003664,31.506546
81,moon__p0__s2,taboo,21,1,0,0.11520023,0.36027607,0.5809244,86.83404,0.7038341,-0.6473905,31.162674
82,moon__p0__s2,taboo,22,1,0,0.024651418,0.13192324,0.5129528,96.20224,0.68022555,-0.62390137,33.35142
83,moon__p0__s2,taboo,23,1,0,0.00014792779,0.0020592283,0.025810324,97.05408,0.6958569,-0.62075216,33.209354
84,moon__p0__s2,taboo,24,1,0,2.5969293,1.4772625,1.7294998,121.48666,0.68607855,-0.6274983,33.24962
85,moon__p0__s2,taboo,25,1,0,0.20973185,0.6269871,1.1897657,112.356,0.6892319,-0.607668,35.53561
86,moon__p0__s2,taboo,26,1,0,0.18368939,0.64282095,1.4390128,115.649376,0.6979934,-0.63011247,33.033688
87,moon__p0__s2,taboo,27,1,0,0.029073719,0.18632446,0.9226311,106.621475,0.6567579,-0.6053282,34.95205
88,moon__p0__s2,taboo,28,1,0,1.874433,1.3296764,1.4540273,123.63721,0.65607494,-0.58070993,36.128345
89,moon__p0__s2,taboo,29,1,0,0.65446573,1.6862032,2.6737525,118.43819,0.6897538,-0.6304078,31.033314
90,moon__p0__s3,taboo,0,1,0,0.3873686,2.0135021,8.468969,140.8919,0.9295057,-0.6574829,28.456715
91,moon__p0__s3,taboo,1,1,0,1.0279039,2.1523051,2.5711548,118.73298,0.9069848,-0.66795814,32.72828
92,moon__p0__s3,taboo,2,1,0,0.018480148,0.11578266,0.56543565,110.70825,0.85740846,-0.65396625,29.403418
93,moon__p0__s3,taboo,3,1,0,0.06849938,0.44327158,2.3303406,116.11156,0.8435914,-0.6732318,28.54213
94,moon__p0__s3,taboo,4,1,0,0.015665447,0.11413665,0.6674608,78.91948,0.80415124,-0.6187859,32.554104
95,moon__p0__s3,taboo,5,1,0,0.08300754,0.3077949,0.77367675,69.843765,0.7855195,-0.63232815,31.401691
96,moon__p0__s3,taboo,6,1,0,0.038575593,0.25454476,1.3490341,116.45247,0.7828097,-0.6382359,32.178707
97,moon__p0__s3,taboo,7,1,0,0.108207375,0.49107614,1.5334392,97.76995,0.7692982,-0.6446572,30.943144
98,moon__p0__s3,taboo,8,1,0,0.037111774,0.17312431,0.5443499,115.06475,0.83577204,-0.6486591,34.749657
99,moon__p0__s3,taboo,9,1,0,0.00003421248,0.0005230546,0.007236243,126.34261,0.756473,-0.62995833,32.65994
100,moon__p0__s3,taboo,10,1,0,2.3631444,0.93404126,2.4454427,52.50581,0.75172156,-0.63317615,32.09633
101,moon__p0__s3,taboo,11,1,0,0.08070111,0.4388277,1.7443626,115.269165,0.7362012,-0.6009022,34.109676
102,moon__p0__s3,taboo,12,1,0,0.8346494,1.0598657,1.3260989,83.811935,0.7302709,-0.5936903,34.37922
103,moon__p0__s3,taboo,13,1,0,0.023879776,0.17336844,1.06054,76.87482,0.7294766,-0.58372605,35.938282
104,moon__p0__s3,taboo,14,1,0,0.003474154,0.033435047,0.28549966,100.80351,0.6981167,-0.57751775,37.387245
105,moon__p0__s3,taboo,15,1,0,0.88508314,1.941273,2.035576,128.97244,0.6921165,-0.58272123,36.08537
106,moon__p0__s3,taboo,16,1,0,0.20525979,1.012806,3.3643665,106.07379,0.70557314,-0.6145571,31.739832
107,moon__p0__s3,taboo,17,1,0,0.0012428187,0.012116129,0.10110377,70.02714,0.72371376,-0.61101323,34.98846
108,moon__p0__s3,taboo,18,1,0,0.15078215,0.6128034,1.9900527,119.07329,0.702996,-0.6213903,33.21737
109,moon__p0__s3,taboo,19,1,0,0.9287327,0.84995145,0.82100856,101.10598,0.68800104,-0.61563694,33.58437
110,moon__p0__s3,taboo,20,1,0,0.6800502,1.7779996,2.4051676,118.265114,0.6906844,-0.6118744,34.243687
111,moon__p0__s3,taboo,21,1,0,0.0012146008,0.012354568,0.110038154,69.28984,0.69675034,-0.6118206,34.51991
112,moon__p0__s3,taboo,22,1,0,0.015927704,0.12143318,0.74449456,90.26217,0.71110463,-0.61360437,34.786552
113,moon__p0__s3,taboo,23,1,0,1.0167688,1.2211183,2.099304,116.91692,0.68896675,-0.6081841,34.421326
114,moon__p0__s3,taboo,24,1,0,0.63418424,1.5165374,1.625092,112.87572,0.67132175,-0.60625684,34.481983
115,moon__p0__s3,taboo,25,1,0,0.013650051,0.10498602,0.65241766,81.97651,0.6591354,-0.60507274,34.296906
116,moon__p0__s3,taboo,26,1,0,0.007095141,0.06064321,0.4255104,75.79395,0.6787757,-0.60510993,35.717667
117,moon__p0__s3,taboo,27,1,0,0.04040004,0.2565974,1.2877865,107.08662,0.67087275,-0.59851557,35.608963
118,moon__p0__s3,taboo,28,1,0,0.5545052,1.1363952,1.3283045,63.666054,0.67634743,-0.5992437,37.025772
119,moon__p0__s3,taboo,29,1,0,0.26284397,0.94305897,1.9785184,112.0193,0.6549072,-0.57277465,37.037773
120,moon__p0__s4,taboo,0,1,0,0.3922404,2.0442262,8.571758,141.11374,0.92937684,-0.65731037,28.462477
121,moon__p0__s4,taboo,1,1,0,2.2793274,2.159089,2.5904899,117.85903,0.90802425,-0.6707257,32.1283
122,moon__p0__s4,taboo,2,1,0,0.016512988,0.104733266,0.5127996,112.82019,0.85261184,-0.6522853,29.241005
123,moon__p0__s4,taboo,3,1,0,0.09448439,0.61214316,3.244398,120.22225,0.84095263,-0.67361873,28.508488
124,moon__p0__s4,taboo,4,1,0,0.027010934,0.18073389,0.9417852,79.69645,0.802387,-0.6185364,32.612118
125,moon__p0__s4,taboo,5,1,0,0.0949704,0.34653062,0.89493364,69.62588,0.7839597,-0.6322307,31.445673
126,moon__p0__s4,taboo,6,1,0,0.05524255,0.34616068,1.7306597,116.42793,0.780256,-0.6376875,32.18482
127,moon__p0__s4,taboo,7,1,0,0.13158482,0.569306,1.6574824,94.12508,0.7666072,-0.64410794,30.896208
128,moon__p0__s4,taboo,8,1,0,0.05109569,0.21181999,0.5500269,111.80414,0.83185583,-0.6470166,34.96999
129,moon__p0__s4,taboo,9,1,0,0.000037311813,0.00057763304,0.008110491,126.80096,0.7530674,-0.6285098,32.797573
130,moon__p0__s4,taboo,10,1,0,0.24936998,0.9887927,2.5939765,121.00393,0.75047225,-0.6098246,33.42773
131,moon__p0__s4,taboo,11,1,0,0.48916537,0.9683838,1.3966,86.122826,0.7378175,-0.59753346,34.193283
132,moon__p0__s4,taboo,12,1,0,0.02333035,0.17351544,1.0958941,80.32578,0.7314087,-0.58300287,36.007446
133,moon__p0__s4,taboo,13,1,0,0.0058163204,0.05506214,0.44652566,90.31085,0.70764434,-0.58284104,37.01415
134,moon__p0__s4,taboo,14,1,0,0.4821986,1.5092363,2.3544698,61.290913,0.6883527,-0.59816533,34.241318
135,moon__p0__s4,taboo,15,1,0,0.75506663,1.5184355,1.4280823,119.419365,0.6952011,-0.583178,36.471584
136,moon__p0__s4,taboo,16,1,0,0.26422337,1.1956053,3.5367274,105.2777,0.70460594,-0.61518526,31.77756
137,moon__p0__s4,taboo,17,1,0,0.001516622,0.014318213,0.11521131,68.91486,0.7251204,-0.61141783,35.10647
138,moon__p0__s4,taboo,18,1,0,0.15493773,0.63625664,2.0765147,117.38464,0.7034002,-0.62128,33.383713
139,moon__p0__s4,taboo,19,1,0,0.55713195,0.86015934,0.8330734,107.60146,0.7798087,-0.6771867,32.875477
140,moon__p0__s4,taboo,20,1,0,0.4393163,0.7050292,0.33294135,107.51388,0.70477647,-0.63887435,31.562801
141,moon__p0__s4,taboo,21,1,0,0.13072737,0.39613867,0.6268116,86.33688,0.7038664,-0.6478343,31.148125
142,moon__p0__s4,taboo,22,1,0,0.033124983,0.17020655,0.6268687,94.9277,0.6795318,-0.624357,33.320023
143,moon__p0__s4,taboo,23,1,0,0.0002400587,0.0032204892,0.038735367,95.67867,0.69454265,-0.62087643,33.211407
144,moon__p0__s4,taboo,24,1,0,0.6438029,1.5609293,1.7459983,114.15922,0.6839721,-0.6140539,34.647175
145,moon__p0__s4,taboo,25,1,0,0.0008588916,0.008896403,0.08085524,70.54979,0.6890906,-0.61119264,34.603313
146,moon__p0__s4,taboo,26,1,0,0.0065105944,0.055687346,0.39000946,89.91815,0.70042557,-0.6122903,34.853336
147,moon__p0__s4,taboo,27,1,0,1.1971793,1.1635038,1.7645323,67.05175,0.67099184,-0.6075516,33.22292
148,moon__p0__s4,taboo,28,1,0,0.14436977,0.49836132,1.3330071,103.707245,0.6689333,-0.5963162,35.27191
149,moon__p0__s4,taboo,29,1,0,0.8184552,1.5485969,1.2817968,116.955185,0.6546871,-0.5987101,35.55825
150,moon__p0__s5,taboo,0,1,0,0.36966398,1.9336258,8.273207,140.91783,0.92944854,-0.6575759,28.453527
151,moon__p0__s5,taboo,1,1,0,1.5236398,2.1420135,2.5697255,110.9655,0.87135065,-0.6650592,28.053572
152,moon__p0__s5,taboo,2,1,0,1.2715932,0.8936007,1.5206338,121.52488,0.89300334,-0.66219145,32.825764
153,moon__p0__s5,taboo,3,1,0,0.00005471557,0.00084048614,0.011677993,126.85965,0.8315447,-0.65010136,29.842299
154,moon__p0__s5,taboo,4,1,0,0.31129268,1.2556927,3.3433528,121.13529,0.7955941,-0.624072,31.402937
155,moon__p0__s5,taboo,5,1,0,1.3813756,0.95765394,1.7476342,80.70818,0.79624474,-0.6070998,33.5297
156,moon__p0__s5,taboo,6,1,0,0.26689455,0.8614066,2.1773367,77.43136,0.7672754,-0.58874285,35.490456
157,moon__p0__s5,taboo,7,1,0,0.008717457,0.07660398,0.5715811,84.93651,0.73976755,-0.5886006,36.396194
158,moon__p0__s5,taboo,8,1,0,0.3014064,1.1219311,2.7792306,62.07411,0.7183333,-0.6081019,32.919697
159,moon__p0__s5,taboo,9,1,0,0.39450556,1.2407168,2.18623,81.92947,0.7323725,-0.5986624,35.208126
160,moon__p0__s5,taboo,10,1,0,0.19765915,0.7099515,1.6676372,98.27467,0.73429245,-0.6105697,32.45962
161,moon__p0__s5,taboo,11,1,0,0.20217763,1.0153509,3.6997294,112.89618,0.7352519,-0.62728816,32.181286
162,moon__p0__s5,taboo,12,1,0,0.52407247,0.94180524,1.3070025,94.39733,0.71573853,-0.6211033,32.607838
163,moon__p0__s5,taboo,13,1,0,0.68973225,1.8364954,2.8543603,113.09618,0.7163197,-0.61926466,33.617867
164,moon__p0__s5,taboo,14,1,0,0.004264191,0.036870763,0.276936,63.935856,0.7216129,-0.61807245,33.961025
165,moon__p0__s5,taboo,15,1,0,0.019238893,0.14768726,0.92218995,89.727356,0.732053,-0.61779386,34.41444
166,moon__p0__s5,taboo,16,1,0,0.52933097,1.3301756,2.850309,114.74943,0.7070279,-0.6114838,33.962814
167,moon__p0__s5,taboo,17,1,1,0.9760409,1.7689514,1.3196435,114.80547,0.6993663,-0.58632344,35.51051
168,moon__p0__s5,taboo,18,1,1,1.3987273,2.5726995,2.7595134,131.2069,0.74295396,-0.61860394,32.609085
169,moon__p0__s5,taboo,19,1,1,0.118377104,0.5535345,2.18212,112.02664,0.7421591,-0.6398099,32.729435
170,moon__p0__s5,taboo,20,1,1,0.3929586,1.6124811,4.505201,114.114136,0.7224333,-0.63712066,33.132072
171,moon__p0__s5,taboo,21,1,1,0.56190145,2.2050946,5.186449,79.32126,0.7331762,-0.6617868,30.386427
172,moon__p0__s5,taboo,22,1,1,0.54196244,2.0196164,5.009688,118.47551,0.7105382,-0.64662784,31.633488
173,moon__p0__s5,taboo,23,1,1,0.00073036697,0.0088259,0.09880877,104.99844,0.7258172,-0.65607935,32.32187
174,moon__p0__s5,taboo,24,1,1,4.5959997,3.8519168,5.3336325,51.75129,0.70144266,-0.6528302,30.112123
175,moon__p0__s5,taboo,25,1,1,2.1377912,3.4428723,6.2748985,102.53883,0.7017131,-0.652737,29.962013
176,moon__p0__s5,taboo,26,1,1,0.2660034,1.475986,5.774501,104.170044,0.6464223,-0.60552657,33.5383
177,moon__p0__s5,taboo,27,1,1,2.146169,4.171458,5.7831364,133.06082,0.6736103,-0.62678546,31.191753
178,moon__p0__s5,taboo,28,1,1,1.4007537,0.9595927,1.3506198,97.72302,0.6525367,-0.59949845,35.227848
179,moon__p0__s5,taboo,29,1,1,0.11775093,0.7059338,3.337795,96.84372,0.63869464,-0.59192705,35.642338
180,moon__p0__s6,taboo,0,1,0,0.3873686,2.0135021,8.468969,140.8919,0.9295057,-0.6574829,28.456715
181,moon__p0__s6,taboo,1,1,0,1.0279039,2.1523051,2.5711548,118.73298,0.9069848,-0.66795814,32.72828
182,moon__p0__s6,taboo,2,1,0,0.018480148,0.11578266,0.56543565,110.70825,0.85740846,-0.65396625,29.403418
183,moon__p0__s6,taboo,3,1,0,0.06849938,0.44327158,2.3303406,116.11156,0.8435914,-0.6732318,28.54213
184,moon__p0__s6,taboo,4,1,0,0.015665447,0.11413665,0.6674608,78.91948,0.80415124,-0.6187859,32.554104
185,moon__p0__s6,taboo,5,1,0,0.08300754,0.3077949,0.77367675,69.843765,0.7855195,-0.63232815,31.401691
186,moon__p0__s6,taboo,6,1,0,0.038575593,0.25454476,1.3490341,116.45247,0.7828097,-0.6382359,32.178707
187,moon__p0__s6,taboo,7,1,0,0.108207375,0.49107614,1.5334392,97.76995,0.7692982,-0.6446572,30.943144
188,moon__p0__s6,taboo,8,1,0,0.037111774,0.17312431,0.5443499,115.06475,0.83577204,-0.6486591,34.749657
189,moon__p0__s6,taboo,9,1,0,0.00003421248,0.0005230546,0.007236243,126.34261,0.756473,-0.62995833,32.65994
190,moon__p0__s6,taboo,10,1,0,0.23814449,0.93404126,2.4454427,121.43747,0.75113666,-0.60844696,33.598976
191,moon__p0__s6,taboo,11,1,0,0.48514897,0.942174,1.2716491,86.19501,0.7385922,-0.59665203,34.24092
192,moon__p0__s6,taboo,12,1,0,0.02184916,0.16660297,1.0714865,80.39924,0.73289114,-0.5828783,36.04944
193,moon__p0__s6,taboo,13,1,0,0.0047085127,0.045702137,0.38238358,92.08594,0.7078849,-0.58151186,37.137356
194,moon__p0__s6,taboo,14,1,0,0.4401405,1.4189992,2.3310876,62.47017,0.6886788,-0.59793556,34.232964
195,moon__p0__s6,taboo,15,1,0,0.6900493,1.4522332,1.4944124,120.87093,0.69665706,-0.5827014,36.464794
196,moon__p0__s6,taboo,16,1,0,0.20530814,0.99668396,3.2484295,106.062416,0.7063758,-0.6147838,31.747793
197,moon__p0__s6,taboo,17,1,0,0.0011224406,0.010946518,0.09189685,69.87307,0.72754806,-0.61060137,35.230587
198,moon__p0__s6,taboo,18,1,0,0.14456528,0.5744064,1.8161964,118.42754,0.70536005,-0.6214267,33.379982
199,moon__p0__s6,taboo,19,1,0,0.5993685,0.82598716,0.69286835,108.9802,0.7792314,-0.6745801,33.134666
200,moon__p0__s6,taboo,20,1,0,0.48279613,0.71174145,0.26656884,109.05106,0.70765835,-0.63999426,31.514557
201,moon__p0__s6,taboo,21,1,0,0.115202986,0.36030948,0.58127916,86.86697,0.70382285,-0.64731556,31.164272
202,moon__p0__s6,taboo,22,1,0,0.02465165,0.13192722,0.51299495,95.79754,0.67991155,-0.6235507,33.336964
203,moon__p0__s6,taboo,23,1,0,0.00015603278,0.0021670852,0.027143955,97.38746,0.69573015,-0.620631,33.221
204,moon__p0__s6,taboo,24,1,0,0.59614736,1.4725132,1.7059758,115.62961,0.6847588,-0.6134148,34.661392
205,moon__p0__s6,taboo,25,1,0,0.0007310817,0.00762175,0.06967803,71.54478,0.69077057,-0.611101,34.614708
206,moon__p0__s6,taboo,26,1,0,0.005570247,0.04824537,0.3427773,90.242584,0.7014034,-0.6118778,34.889225
207,moon__p0__s6,taboo,27,1,0,0.5451224,1.1028787,1.6554174,116.862526,0.6796492,-0.60496116,34.693653
208,moon__p0__s6,taboo,28,1,0,0.67373174,1.3626419,1.1814995,113.04781,0.6598253,-0.60134125,35.319477
209,moon__p0__s6,taboo,29,1,0,0.0058210613,0.05053768,0.35982582,84.501335,0.6551209,-0.60412645,34.651417
210,moon__p0__s7,taboo,0,1,0,0.35741737,1.9233265,8.373358,141.3731,0.9293403,-0.6570681,28.485064
211,moon__p0__s7,taboo,1,1,0,1.456324,2.1514242,2.5098324,111.18987,0.87130123,-0.6645254,28.05888
212,moon__p0__s7,taboo,2,1,0,0.39717793,0.8972683,1.5360737,122.234276,0.8912977,-0.66074723,33.212418
213,moon__p0__s7,taboo,3,1,0,0.00007295342,0.001078683,0.014475537,126.81987,0.8360928,-0.6507128,30.112564
214,moon__p0__s7,taboo,4,1,0,0.29938644,1.2097638,3.236813,121.29108,0.79621345,-0.6219087,31.61992
215,moon__p0__s7,taboo,5,1,0,0.3395454,0.8891307,1.6656591,84.031975,0.76930165,-0.6067372,33.05721
216,moon__p0__s7,taboo,6,1,0,0.045496225,0.29724085,1.6429399,79.15066,0.7506454,-0.5844772,35.19417
217,moon__p0__s7,taboo,7,1,0,0.023346655,0.1643779,0.9559068,82.1554,0.7326903,-0.5890929,35.884212
218,moon__p0__s7,taboo,8,1,0,1.8021843,0.9850954,2.1721573,91.803185,0.7382833,-0.6041684,33.829166
219,moon__p0__s7,taboo,9,1,0,0.95436984,0.9797516,1.2767165,106.190605,0.72700876,-0.6178023,32.365818
220,moon__p0__s7,taboo,10,1,0,0.48168576,1.4645003,2.3167648,90.03967,0.7248055,-0.6229952,32.73257
221,moon__p0__s7,taboo,11,1,0,0.39681965,1.273098,2.432397,115.80959,0.73357844,-0.62484854,33.246162
222,moon__p0__s7,taboo,12,1,0,0.2606635,1.2620134,4.3703165,127.05484,0.70817596,-0.6130157,33.889725
223,moon__p0__s7,taboo,13,1,0,1.1920321,2.1924024,2.1487849,84.00446,0.6901942,-0.5998543,33.87935
224,moon__p0__s7,taboo,14,1,0,0.63783526,1.2330345,1.3656332,114.87257,0.6894493,-0.58229756,35.223175
225,moon__p0__s7,taboo,15,1,0,1.144953,1.91277,2.9496093,99.505005,0.7111284,-0.61210215,32.0737
226,moon__p0__s7,taboo,16,1,0,0.26078218,1.069253,3.1497803,118.32142,0.71301955,-0.6243693,32.290535
227,moon__p0__s7,taboo,17,1,0,1.2684714,0.85396093,1.2171594,100.3785,0.69876736,-0.62025005,33.218937
228,moon__p0__s7,taboo,18,1,0,1.2324955,2.0371168,2.183858,120.430756,0.6962056,-0.6140277,34.212246
229,moon__p0__s7,taboo,19,1,0,0.0037747812,0.032975968,0.24707302,64.51851,0.7043228,-0.6139557,34.882534
230,moon__p0__s7,taboo,20,1,0,0.028880324,0.20193319,1.1368268,89.265114,0.7184358,-0.61316925,34.599915
231,moon__p0__s7,taboo,21,1,0,0.9808849,1.5169232,2.6461213,69.583626,0.68792105,-0.6150784,32.665157
232,moon__p0__s7,taboo,22,1,0,0.21748804,0.6909253,1.777673,107.51887,0.6799135,-0.5987835,34.972176
233,moon__p0__s7,taboo,23,1,1,3.0360632,1.879556,1.2798444,116.59211,0.68000317,-0.593471,35.122913
234,moon__p0__s7,taboo,24,1,1,0.88996756,2.34871,4.199703,134.42729,0.7150638,-0.6261934,32.608646
235,moon__p0__s7,taboo,25,1,0,0.49922442,1.708951,4.011465,122.70239,0.7573051,-0.66199225,34.536285
236,moon__p0__s7,taboo,26,1,1,0.00018857131,0.0020539677,0.020067692,124.894104,0.69267166,-0.6165977,34.250973
237,moon__p0__s7,taboo,27,1,1,0.68955564,1.9950099,3.813891,92.12366,0.7175882,-0.6424533,31.82144
238,moon__p0__s7,taboo,28,1,1,1.1906312,2.1550086,4.3915873,137.10097,0.7112347,-0.64693886,32.433357
239,moon__p0__s7,taboo,29,1,1,0.9879118,1.917772,2.1842575,70.79807,0.7052484,-0.65009546,32.692608
240,moon__p1__s0,taboo,0,1,0,1.0275855,3.8369923,8.406215,145.13707,0.9300655,-0.65919816,28.343231
241,moon__p1__s0,taboo,1,1,0,1.2195058,2.4433904,2.5970392,116.73684,0.9089853,-0.66462636,33.09934
242,moon__p1__s0,taboo,2,1,0,0.046512447,0.23607619,0.9183095,106.772995,0.85278547,-0.6586165,29.180798
243,moon__p1__s0,taboo,3,1,0,0.16635981,0.84112346,3.3116179,115.80528,0.84009576,-0.67948323,28.095083
244,moon__p1__s0,taboo,4,1,0,0.029683763,0.19321921,0.9874954,77.5591,0.8027739,-0.6240789,32.205494
245,moon__p1__s0,taboo,5,1,0,0.0967425,0.35932273,0.9517918,67.60023,0.78425336,-0.6359692,30.986538
246,moon__p1__s0,taboo,6,1,0,0.068133414,0.42559892,2.0536036,116.341064,0.7806795,-0.6423178,31.888353
247,moon__p1__s0,taboo,7,1,0,0.18259981,0.7303586,1.8593028,97.33275,0.76793534,-0.6482234,30.75614
248,moon__p1__s0,taboo,8,1,0,0.036261518,0.17897248,0.6144992,110.689445,0.8336209,-0.65417844,34.579754
249,moon__p1__s0,taboo,9,1,0,0.000049351427,0.0007228571,0.009637903,129.63109,0.7569105,-0.6338575,32.32625
250,moon__p1__s0,taboo,10,1,0,0.48603645,1.6499283,3.4646323,127.21861,0.7539138,-0.6204176,32.54155
251,moon__p1__s0,taboo,11,1,0,0.696647,1.2662799,2.0647626,83.96983,0.76590097,-0.60256684,34.564228
252,moon__p1__s0,taboo,12,1,0,0.7436477,1.6313862,2.6829083,103.98893,0.73273706,-0.5798955,37.20528
253,moon__p1__s0,taboo,13,1,0,0.27221924,1.2676995,3.7692716,75.02878,0.6929172,-0.59796,34.22139
254,moon__p1__s0,taboo,14,1,0,0.58620495,1.6154962,2.4011898,121.72514,0.7024113,-0.5867136,35.776253
255,moon__p1__s0,taboo,15,1,0,0.26412377,1.2082566,3.5326164,103.38611,0.7088944,-0.6153886,31.751612
256,moon__p1__s0,taboo,16,1,1,0.0012269834,0.011542115,0.09333631,71.357574,0.730381,-0.6059983,35.341484
257,moon__p1__s0,taboo,17,1,0,0.2200877,0.8580161,2.5424237,119.2248,0.7107103,-0.6252286,33.35095
258,moon__p1__s0,taboo,18,1,0,0.4977051,0.82506806,0.95112884,101.67654,0.69430834,-0.6185898,33.394836
259,moon__p1__s0,taboo,19,1,0,0.64000946,1.7780836,2.6099842,115.05556,0.6940726,-0.6161957,33.94524
260,moon__p1__s0,taboo,20,1,0,0.0023514973,0.020261152,0.15010515,65.347374,0.70041186,-0.61272454,34.49743
261,moon__p1__s0,taboo,21,1,0,0.010083686,0.081439935,0.5352581,89.57215,0.71147525,-0.6132615,35.051315
262,moon__p1__s0,taboo,22,1,0,0.40074044,1.1417906,2.4571786,115.363235,0.6880493,-0.6114363,33.971565
263,moon__p1__s0,taboo,23,1,0,1.2545553,1.885452,0.9878678,113.63286,0.67123264,-0.60756004,34.36283
264,moon__p1__s0,taboo,24,1,0,0.016916154,0.13090065,0.81750536,80.7379,0.65904886,-0.6075467,34.13739
265,moon__p1__s0,taboo,25,1,0,0.008387932,0.07220302,0.50859845,73.564865,0.68197656,-0.6041448,36.081253
266,moon__p1__s0,taboo,26,1,0,0.14057398,0.6234877,1.9966757,103.64828,0.67021877,-0.5973623,35.54033
267,moon__p1__s0,taboo,27,1,0,0.78046507,1.4529176,1.1220318,65.026436,0.68242717,-0.5974054,37.02405
268,moon__p1__s0,taboo,28,1,0,0.7258945,1.3772852,1.2627577,115.90492,0.65706515,-0.57515055,37.06662
269,moon__p1__s0,taboo,29,1,1,1.3707191,2.4822736,2.4045339,132.22028,0.7109394,-0.6070721,33.837425
270,moon__p1__s1,taboo,0,1,1,3.9720414,3.7381396,8.562577,126.504036,0.91098857,-0.6796355,26.99591
271,moon__p1__s2,taboo,0,1,0,1.0174351,3.8343444,8.449778,145.6018,0.92998743,-0.6592998,28.331198
272,moon__p1__s2,taboo,1,1,0,1.680319,2.4665518,2.4793148,114.387596,0.86887014,-0.66675687,27.87202
273,moon__p1__s2,taboo,2,1,0,0.42460367,1.1990237,2.4458134,118.92807,0.894099,-0.6577638,33.830383
274,moon__p1__s2,taboo,3,1,0,0.00022897482,0.0029442178,0.03451893,130.95903,0.83262265,-0.6544378,29.91069
275,moon__p1__s2,taboo,4,1,0,3.1521225,2.3380396,3.4794064,128.26788,0.79416585,-0.637525,30.73888
276,moon__p1__s2,taboo,5,1,0,1.2044814,2.0576787,3.3106184,88.700226,0.7681314,-0.6221361,32.410606
277,moon__p1__s2,taboo,6,1,0,1.8665321,2.2438345,4.615163,109.44432,0.7455317,-0.59765404,34.530407
278,moon__p1__s2,taboo,7,1,0,0.32016003,1.3444258,3.6940794,67.333595,0.7217662,-0.6155996,32.054108
279,moon__p1__s2,taboo,8,1,0,0.39954454,1.5142238,3.1891427,83.6163,0.74123913,-0.6138222,33.48562
280,moon__p1__s2,taboo,9,1,0,0.09531627,0.45299357,1.5911534,93.2921,0.737616,-0.6135592,32.24126
281,moon__p1__s2,taboo,10,1,0,0.36015895,1.5356799,4.1812797,113.93111,0.736099,-0.62544084,31.893217
282,moon__p1__s2,taboo,11,1,0,0.7618753,1.103757,1.8600461,96.387856,0.7121392,-0.62308925,32.345528
283,moon__p1__s2,taboo,12,1,0,0.79188335,2.0171576,2.9429498,110.5684,0.7121998,-0.62188584,33.166077
284,moon__p1__s2,taboo,13,1,0,0.008102169,0.05582972,0.32080984,60.798233,0.7235736,-0.6163615,34.187435
285,moon__p1__s2,taboo,14,1,0,0.015213054,0.11828379,0.7457992,88.34799,0.740404,-0.61584115,34.438637
286,moon__p1__s2,taboo,15,1,0,1.9004242,1.2515985,3.1294546,65.084236,0.7016657,-0.6235276,31.840124
287,moon__p1__s2,taboo,16,1,0,0.24159767,0.8216047,2.1867437,100.57442,0.6939798,-0.6056952,33.804203
288,moon__p1__s2,taboo,17,1,0,0.68359864,1.5636218,1.7097497,113.61004,0.70019525,-0.58513945,35.677715
289,moon__p1__s2,taboo,18,1,1,0.7916685,1.971825,3.3665771,125.34689,0.753188,-0.6093287,33.376945
290,moon__p1__s2,taboo,19,1,1,0.028786972,0.22275431,1.4580789,111.292015,0.76276773,-0.63022995,33.975296
291,moon__p1__s2,taboo,20,1,1,0.48073158,1.829522,4.590273,112.259514,0.7294051,-0.62393755,34.26135
292,moon__p1__s2,taboo,21,1,1,3.5630393,2.5517428,4.963017,81.71334,0.74287343,-0.6647562,30.134518
293,moon__p1__s2,taboo,22,1,1,1.3045578,2.6281638,3.9977214,113.552666,0.71672225,-0.64593136,31.823462
294,moon__p1__s2,taboo,23,1,1,0.2723348,0.90059876,1.8645388,117.83702,0.73897064,-0.6666653,31.865309
295,moon__p1__s2,taboo,24,1,1,0.20632398,1.1657622,4.7132864,133.49446,0.7213746,-0.6537829,31.559265
296,moon__p1__s2,taboo,25,1,1,1.6492661,2.901743,5.354068,105.65196,0.72944176,-0.66289836,32.148773
297,moon__p1__s2,taboo,26,1,1,2.9399881,4.2807074,4.7469416,127.03616,0.70175844,-0.63815325,31.936022
298,moon__p1__s2,taboo,27,1,1,2.7517693,1.9223466,2.0694463,118.25511,0.64678955,-0.59597695,35.489494
299,moon__p1__s2,taboo,28,1,1,1.0376556,2.8227024,4.520046,108.15863,0.6543788,-0.59763694,35.12221
300,moon__p1__s2,taboo,29,1,1,1.3408926,2.9969018,3.437711,73.7604,0.6702328,-0.62421167,33.072018
301,moon__p1__s3,taboo,0,1,0,0.9832377,3.747236,8.475158,145.57916,0.9300657,-0.6594854,28.309902
302,moon__p1__s3,taboo,1,1,0,1.2722065,2.4691064,2.4915013,117.31114,0.90911204,-0.66457987,33.11438
303,moon__p1__s3,taboo,2,1,0,0.04129197,0.21558276,0.8683802,107.34611,0.8528802,-0.6586744,29.170187
304,moon__p1__s3,taboo,3,1,0,0.16320919,0.81965566,3.199793,116.20662,0.83993816,-0.67912984,28.12433
305,moon__p1__s3,taboo,4,1,0,0.025992928,0.17281362,0.9072764,77.51968,0.80278856,-0.62424177,32.175426
306,moon__p1__s3,taboo,5,1,0,0.10788091,0.3817905,0.93961436,67.40417,0.78436,-0.6360091,30.96507
307,moon__p1__s3,taboo,6,1,0,0.06404045,0.4070591,2.0104501,116.276,0.7805907,-0.6421708,31.874117
308,moon__p1__s3,taboo,7,1,0,0.1788696,0.71832645,1.8472123,97.081245,0.76789117,-0.64795536,30.73738
309,moon__p1__s3,taboo,8,1,0,0.036254965,0.17889535,0.61371785,110.48975,0.8337437,-0.65400535,34.529327
310,moon__p1__s3,taboo,9,1,0,0.000049232225,0.000720519,0.009615444,129.54051,0.7569412,-0.63399845,32.33445
311,moon__p1__s3,taboo,10,1,0,1.9858898,1.6473877,3.4506612,57.334362,0.75174147,-0.63631773,31.881817
312,moon__p1__s3,taboo,11,1,0,0.32003695,1.4434004,4.0414166,124.22983,0.73992217,-0.611222,33.279034
313,moon__p1__s3,taboo,12,1,0,0.566766,1.4115993,2.4413965,81.518524,0.7594684,-0.59899807,34.846783
314,moon__p1__s3,taboo,13,1,0,1.707144,1.5861671,2.795001,68.06,0.7264637,-0.6000485,32.77002
315,moon__p1__s3,taboo,14,1,0,0.01174299,0.10475906,0.7972429,103.51026,0.7062453,-0.5839531,36.14093
316,moon__p1__s3,taboo,15,1,0,2.0010989,2.5085323,2.7764459,123.05167,0.6880842,-0.58482695,36.262257
317,moon__p1__s3,taboo,16,1,0,0.84284425,1.647133,2.007742,92.189896,0.7022481,-0.59004086,35.28114
318,moon__p1__s3,taboo,17,1,0,1.2763418,1.9843861,3.3072698,107.81807,0.7191781,-0.6143762,34.664276
319,moon__p1__s3,taboo,18,1,0,0.7718546,1.4969819,1.4049118,109.05167,0.70112354,-0.6184905,35.49709
320,moon__p1__s3,taboo,19,1,0,0.052350175,0.3544325,1.9549041,132.35756,0.6904465,-0.612771,34.21542
321,moon__p1__s3,taboo,20,1,0,0.01605558,0.13249496,0.9228964,92.542595,0.6503005,-0.581309,36.758488
322,moon__p1__s3,taboo,21,1,0,0.23078194,0.80268556,2.002342,124.54652,0.6657064,-0.58246136,36.43881
323,moon__p1__s3,taboo,22,1,0,0.22285569,1.0958545,3.5928497,102.7156,0.6831269,-0.6109293,32.15309
324,moon__p1__s3,taboo,23,1,0,0.0011006495,0.010978863,0.09445779,70.675964,0.70301664,-0.6043588,36.73642
325,moon__p1__s3,taboo,24,1,0,0.17063303,0.6751221,2.1515067,116.418465,0.68367857,-0.62031627,33.75273
326,moon__p1__s3,taboo,25,1,0,0.65944636,0.85772586,0.82683754,115.129364,0.73108524,-0.6510537,35.31038
327,moon__p1__s3,taboo,26,1,0,0.5899676,0.7552563,0.27443266,116.08899,0.68755203,-0.63672805,31.972206
328,moon__p1__s3,taboo,27,1,0,0.10634681,0.36074924,0.7146261,88.95771,0.6826524,-0.64069045,31.758419
329,moon__p1__s3,taboo,28,1,0,0.05004432,0.23838398,0.7888619,94.27958,0.664751,-0.62154007,33.469364
330,moon__p1__s3,taboo,29,1,0,0.00034326382,0.004109576,0.044199497,94.03934,0.6726956,-0.6182274,33.510185
331,moon__p1__s4,taboo,0,1,0,0.96742094,3.7313914,8.567507,145.53896,0.9300345,-0.65886605,28.36534
332,moon__p1__s4,taboo,1,1,0,2.5091252,2.4675908,2.514726,127.167076,0.86422455,-0.66744554,28.157228
333,moon__p1__s4,taboo,2,1,0,0.88768786,2.4192648,3.600638,125.20626,0.8085178,-0.6356711,29.790857
334,moon__p1__s4,taboo,3,1,0,0.7709725,1.4111961,2.694795,88.85763,0.780789,-0.6217776,31.686962
335,moon__p1__s4,taboo,4,1,0,2.1186917,1.6372296,4.112691,108.24917,0.75007623,-0.5972191,34.221867
336,moon__p1__s4,taboo,5,1,0,0.32990852,1.3555663,3.6917312,65.71069,0.72569615,-0.61496747,31.675093
337,moon__p1__s4,taboo,6,1,0,0.5141578,1.5559336,2.8167193,79.7999,0.7447123,-0.60997325,33.484062
338,moon__p1__s4,taboo,7,1,0,0.22461571,0.7715638,1.738687,95.0632,0.7416362,-0.6116242,31.983107
339,moon__p1__s4,taboo,8,1,0,0.34589073,1.45716,4.0105085,110.27307,0.74141467,-0.6255822,31.399794
340,moon__p1__s4,taboo,9,1,0,2.7319505,1.2592006,2.6958394,94.33706,0.7232996,-0.6277873,30.732718
341,moon__p1__s4,taboo,10,1,0,0.69223887,2.1194994,3.7267566,107.04333,0.720591,-0.62574816,32.363525
342,moon__p1__s4,taboo,11,1,0,0.009895672,0.068793364,0.40185335,59.71244,0.7274441,-0.61833966,33.775963
343,moon__p1__s4,taboo,12,1,0,0.024619084,0.17538887,0.9864644,88.86509,0.7563181,-0.6195915,34.396683
344,moon__p1__s4,taboo,13,1,0,0.5317353,1.4353058,3.3588214,113.46606,0.7095077,-0.6151491,33.326576
345,moon__p1__s4,taboo,14,1,0,1.9158719,1.7216873,1.5381908,113.13917,0.6867048,-0.61014223,33.818577
346,moon__p1__s4,taboo,15,1,0,0.080222644,0.49513203,2.3685374,76.37294,0.6713856,-0.60950625,33.50759
347,moon__p1__s4,taboo,16,1,0,0.059520107,0.37881696,1.8276258,66.86226,0.69747794,-0.60416067,35.84741
348,moon__p1__s4,taboo,17,1,0,0.48810685,1.5909927,3.2462392,97.902214,0.68778014,-0.59381855,35.687134
349,moon__p1__s4,taboo,18,1,0,1.0646657,1.6458827,0.9558211,94.68932,0.7374903,-0.59805965,35.55266
350,moon__p1__s4,taboo,19,1,0,0.038142283,0.2566633,1.3703314,100.054,0.70944566,-0.5801443,38.275368
351,moon__p1__s4,taboo,20,1,1,1.1133821,1.5285981,1.8047719,112.71132,0.69675136,-0.59175444,36.30494
352,moon__p1__s4,taboo,21,1,1,1.4446222,2.9334278,4.272518,124.00255,0.7404137,-0.6385012,31.949903
353,moon__p1__s4,taboo,22,1,1,1.0276042,2.4471765,3.5295963,116.423965,0.73052603,-0.6360667,33.051945
354,moon__p1__s4,taboo,23,1,1,2.1817844,2.556693,4.5055513,124.63382,0.7523942,-0.6563744,33.055637
355,moon__p1__s4,taboo,24,1,1,2.0854754,3.6807396,4.5443916,133.56033,0.72640234,-0.62987846,34.004597
356,moon__p1__s4,taboo,25,1,1,0.6029452,1.9295672,3.9476438,94.56778,0.705756,-0.6253607,34.297337
357,moon__p1__s4,taboo,26,1,1,4.7885475,3.5863159,4.429557,108.519585,0.7012082,-0.6340632,32.561657
358,moon__p1__s4,taboo,27,1,1,0.0109029515,0.08775306,0.598121,98.80074,0.7230536,-0.64679205,33.055054
359,moon__p1__s4,taboo,28,1,1,2.1164453,3.6779819,5.7226715,98.60792,0.7088531,-0.6494346,30.395155
360,moon__p1__s4,taboo,29,1,1,0.405085,1.2882466,3.5803647,94.55592,0.66100234,-0.61121994,33.003498
361,moon__p1__s5,taboo,0,1,0,0.9832377,3.747236,8.475158,145.57916,0.9300657,-0.6594854,28.309902
362,moon__p1__s5,taboo,1,1,0,1.2722065,2.4691064,2.4915013,117.31114,0.90911204,-0.66457987,33.11438
363,moon__p1__s5,taboo,2,1,0,0.04129197,0.21558276,0.8683802,107.34611,0.8528802,-0.6586744,29.170187
364,moon__p1__s5,taboo,3,1,0,0.16320919,0.81965566,3.199793,116.20662,0.83993816,-0.67912984,28.12433
365,moon__p1__s5,taboo,4,1,0,0.025992928,0.17281362,0.9072764,77.51968,0.80278856,-0.62424177,32.175426
366,moon__p1__s5,taboo,5,1,0,0.10788091,0.3817905,0.93961436,67.40417,0.78436,-0.6360091,30.96507
367,moon__p1__s5,taboo,6,1,0,0.06404045,0.4070591,2.0104501,116.276,0.7805907,-0.6421708,31.874117
368,moon__p1__s5,taboo,7,1,0,0.1788696,0.71832645,1.8472123,97.081245,0.76789117,-0.64795536,30.73738
369,moon__p1__s5,taboo,8,1,0,0.036254965,0.17889535,0.61371785,110.48975,0.8337437,-0.65400535,34.529327
370,moon__p1__s5,taboo,9,1,0,0.000049232225,0.000720519,0.009615444,129.54051,0.7569412,-0.63399845,32.33445
371,moon__p1__s5,taboo,10,1,0,0.4858898,1.6473877,3.4506612,127.49584,0.75372076,-0.62007713,32.574368
372,moon__p1__s5,taboo,11,1,0,0.75266415,1.2747192,2.0760384,83.71461,0.7658341,-0.60243833,34.54914
373,moon__p1__s5,taboo,12,1,0,0.72310954,1.6021392,2.7256103,104.03163,0.73283905,-0.579771,37.220642
374,moon__p1__s5,taboo,13,1,0,0.2763387,1.2840056,3.790983,75.52555,0.69275814,-0.5978078,34.229
375,moon__p1__s5,taboo,14,1,0,2.2678554,1.6828902,2.3477697,122.29287,0.68912596,-0.59625554,34.34892
376,moon__p1__s5,taboo,15,1,0,2.060405,1.1421838,2.942841,132.82231,0.69416857,-0.6149544,32.473984
377,moon__p1__s5,taboo,16,1,0,0.128169,0.63233745,2.2049136,119.60016,0.76616764,-0.64413315,34.756702
378,moon__p1__s5,taboo,17,1,0,0.0006501945,0.006049147,0.046351664,123.04912,0.6769037,-0.60989124,33.660995
379,moon__p1__s5,taboo,18,1,0,0.23406732,0.9452681,2.6822457,114.131096,0.6878838,-0.6204273,34.132824
380,moon__p1__s5,taboo,19,1,0,0.000098342825,0.0014674029,0.019943008,96.98891,0.7066654,-0.6167943,35.758595
381,moon__p1__s5,taboo,20,1,0,0.17595087,0.62236685,1.3564135,84.229,0.6968425,-0.60773575,35.265953
382,moon__p1__s5,taboo,21,1,0,1.7050989,1.8734303,3.1515667,115.822975,0.6979851,-0.60889363,35.823643
383,moon__p1__s5,taboo,22,1,0,0.75554407,1.6480238,1.9794205,112.80502,0.68792063,-0.61312073,35.936584
384,moon__p1__s5,taboo,23,1,0,0.034610767,0.26550394,1.7025647,136.14505,0.68167365,-0.61112696,34.782856
385,moon__p1__s5,taboo,24,1,0,0.085650004,0.49160898,2.2169352,89.64994,0.6567738,-0.5945674,36.471157
386,moon__p1__s5,taboo,25,1,0,0.54840255,1.4042269,2.3112757,128.31757,0.6623715,-0.57806,35.783722
387,moon__p1__s5,taboo,26,1,0,0.26829687,1.184235,3.3839884,99.82493,0.6826077,-0.6103417,32.6342
388,moon__p1__s5,taboo,27,1,0,0.0009826361,0.009416076,0.07754616,71.8108,0.7003187,-0.6054568,36.648285
389,moon__p1__s5,taboo,28,1,0,0.19151455,0.7256795,2.1910923,119.1004,0.6832052,-0.61893916,34.292408
390,moon__p1__s5,taboo,29,1,0,0.7164566,0.8328988,0.68124676,117.67671,0.7318822,-0.6536536,35.23424
391,moon__p1__s6,taboo,0,1,1,4.507261,3.7756567,8.395489,69.99322,0.9218517,-0.64276975,30.246841
392,moon__p1__s6,taboo,1,1,1,1.4170426,4.0035477,7.5622454,126.67392,0.8616503,-0.6828269,26.754704
393,moon__p1__s6,taboo,2,1,0,1.1088274,3.5974588,8.423794,114.48678,0.8294433,-0.62203723,31.728392
394,moon__p1__s6,taboo,3,1,0,2.198117,2.9982345,4.8509073,124.4098,0.79979616,-0.63837564,29.832783
395,moon__p1__s6,taboo,4,1,0,0.7946337,1.9487281,3.3806765,111.45874,0.8544323,-0.6674806,32.23813
396,moon__p1__s6,taboo,5,1,0,0.01075413,0.07201889,0.3830898,106.85663,0.75806606,-0.62722886,32.201965
397,moon__p1__s6,taboo,6,1,0,0.45874923,1.1864777,2.574243,105.8869,0.7491927,-0.6342229,32.046883
398,moon__p1__s6,taboo,7,1,1,0.022277927,0.16133046,1.0117968,82.0564,0.7495141,-0.61972576,33.271202
399,moon__p1__s6,taboo,8,1,1,0.55462337,2.1091788,5.5764685,107.4844,0.7486035,-0.6040648,34.597176
400,moon__p1__s6,taboo,9,1,1,1.2609488,3.5453763,4.9830856,92.24465,0.7566513,-0.6615529,29.716307
401,moon__p1__s6,taboo,10,1,1,1.7184035,2.6340804,4.8900933,111.45393,0.735045,-0.650547,31.06314
402,moon__p1__s6,taboo,11,1,1,0.42398208,0.99102354,1.5793071,112.38959,0.7462164,-0.66538197,31.6879
403,moon__p1__s6,taboo,12,1,1,0.152552,0.96514297,4.6351166,128.42656,0.7311119,-0.65550035,30.830137
404,moon__p1__s6,taboo,13,1,1,1.2811936,2.9550476,5.4172153,100.72494,0.7249341,-0.6535804,32.362595
405,moon__p1__s6,taboo,14,1,0,2.51258,4.564356,4.3021007,114.13099,0.7126477,-0.65036225,30.120745
406,moon__p1__s6,taboo,15,1,1,0.02645359,0.2045345,1.3354772,116.12467,0.71656376,-0.6620457,30.272383
407,moon__p1__s6,taboo,16,1,0,3.0995998,3.5423036,5.4580264,120.59015,0.69785225,-0.6411884,30.54622
408,moon__p1__s6,taboo,17,1,1,0.65419376,1.7612832,2.2578452,106.63347,0.6531138,-0.60086495,34.195633
409,moon__p1__s6,taboo,18,1,1,0.5177977,1.9810205,5.138818,92.37465,0.6595794,-0.5893539,35.668888
410,moon__p1__s6,taboo,19,1,1,2.2070932,2.6758916,4.6772037,109.566956,0.65986556,-0.60398024,34.45482
411,moon__p1__s6,taboo,20,1,1,2.5767536,3.4944282,3.0839357,120.70349,0.67367095,-0.62162465,33.817642
412,moon__p1__s6,taboo,21,1,1,1.5242909,3.0228336,4.2302566,97.29006,0.6818156,-0.62816536,33.29858
413,moon__p1__s6,taboo,22,1,1,1.2663227,2.6770663,3.5465138,109.60816,0.68396175,-0.6355581,32.645813
414,moon__p1__s6,taboo,23,1,1,1.6849835,0.92432326,0.6738592,114.477165,0.669768,-0.62788457,34.1013
415,moon__p1__s6,taboo,24,1,1,1.8404682,3.5448508,4.4773865,132.25769,0.67568123,-0.62997955,31.233755
416,moon__p1__s6,taboo,25,1,1,0.6107951,2.073186,3.8267386,128.78337,0.64548534,-0.60360813,34.338226
417,moon__p1__s6,taboo,26,1,1,0.948815,2.1685922,3.2951572,117.866165,0.6772877,-0.6409136,30.983255
418,moon__p1__s6,taboo,27,1,1,0.00021348105,0.0030382404,0.03889494,122.92463,0.64337695,-0.60191244,34.642525
419,moon__p1__s6,taboo,28,1,0,0.7958351,1.3866574,2.2333336,119.29068,0.7111156,-0.57798684,37.73914
420,moon__p1__s7,taboo,0,1,0,1.0568703,3.8591013,8.285133,145.1649,0.9299258,-0.65930855,28.334715
421,moon__p1__s7,taboo,1,1,0,1.2195613,2.4437492,2.5988998,116.3954,0.9090872,-0.6645,33.116405
422,moon__p1__s7,taboo,2,1,0,0.04513758,0.22809553,0.88065386,107.35233,0.8525641,-0.6584572,29.201246
423,moon__p1__s7,taboo,3,1,0,0.16492404,0.83010095,3.242083,116.52568,0.8398635,-0.6792685,28.103481
424,moon__p1__s7,taboo,4,1,0,0.026418064,0.17570865,0.9216219,78.05532,0.8029855,-0.6244918,32.16339
425,moon__p1__s7,taboo,5,1,0,0.10829756,0.38486093,0.9572902,67.23078,0.7842564,-0.63591427,30.986057
426,moon__p1__s7,taboo,6,1,0,0.062089514,0.397934,1.9850818,116.02796,0.78068197,-0.64235115,31.876339
427,moon__p1__s7,taboo,7,1,0,0.16984242,0.69778407,1.8512608,97.05249,0.76787704,-0.6480688,30.756313
428,moon__p1__s7,taboo,8,1,0,0.03625772,0.1789285,0.61406124,110.649155,0.8339721,-0.6542283,34.55059
429,moon__p1__s7,taboo,9,1,0,0.00004398726,0.0006456052,0.008683082,129.73982,0.75711304,-0.634074,32.327866
430,moon__p1__s7,taboo,10,1,0,0.5081812,1.6667051,3.3990088,127.58516,0.7539173,-0.6204341,32.549625
431,moon__p1__s7,taboo,11,1,0,0.76040447,1.294661,2.086976,83.927055,0.76601785,-0.6028533,34.54325
432,moon__p1__s7,taboo,12,1,0,0.72264624,1.5999944,2.7180934,104.05949,0.73281693,-0.5798789,37.22722
433,moon__p1__s7,taboo,13,1,0,0.2697031,1.2568438,3.7498617,75.41938,0.69296986,-0.5980296,34.206818
434,moon__p1__s7,taboo,14,1,0,0.58583933,1.614291,2.4009888,121.24316,0.702327,-0.5866202,35.794365
435,moon__p1__s7,taboo,15,1,0,0.26587465,1.2162566,3.55795,102.64566,0.7091024,-0.6155446,31.721165
436,moon__p1__s7,taboo,16,1,0,0.0012637733,0.011938211,0.09710065,71.07854,0.7300652,-0.6059963,35.305477
437,moon__p1__s7,taboo,17,1,0,0.22412993,0.8733955,2.571093,119.51084,0.71075827,-0.6252681,33.361576
438,moon__p1__s7,taboo,18,1,0,0.49638128,0.81710035,0.91278327,101.46991,0.6946582,-0.6188735,33.374874
439,moon__p1__s7,taboo,19,1,0,0.6592989,1.8028917,2.6052303,114.40249,0.6941326,-0.6163291,33.942833
440,moon__p1__s7,taboo,20,1,0,0.0023528056,0.020285673,0.1504772,65.51816,0.70043033,-0.61297894,34.459633
441,moon__p1__s7,taboo,21,1,0,0.01012853,0.08189236,0.5391346,89.95413,0.71125937,-0.6131542,35.06698
442,moon__p1__s7,taboo,22,1,0,0.4021857,1.1507891,2.4977846,115.79851,0.68790865,-0.6112447,33.989098
443,moon__p1__s7,taboo,23,1,1,1.4093701,1.8763235,0.9985075,115.7664,0.69858336,-0.5984869,35.462036
444,moon__p1__s7,taboo,24,1,1,1.662482,2.5170429,3.0252805,125.250465,0.73666203,-0.6319228,33.12045
445,moon__p1__s7,taboo,25,1,1,0.40839526,1.6524737,4.2807994,115.16105,0.78591263,-0.6842273,33.274708
446,moon__p1__s7,taboo,26,1,1,0.00004553691,0.00071221613,0.010417001,120.68415,0.70130765,-0.61669016,34.864773
447,moon__p1__s7,taboo,27,1,1,1.2112486,2.3439085,3.1588826,86.332886,0.7288114,-0.65602744,31.117254
448,moon__p1__s7,taboo,28,1,1,1.8420535,1.9907148,4.4789615,115.334145,0.7166981,-0.6460036,32.328053
449,moon__p1__s7,taboo,29,1,1,0.71565044,1.0289234,0.97511184,119.76177,0.72768575,-0.6589063,32.702137
450,moon__p2__s0,taboo,0,1,1,1.1359047,3.3709254,6.542977,146.68,0.92815566,-0.6573285,29.220425
451,moon__p2__s0,taboo,1,1,1,1.507457,2.8459282,4.544011,128.5137,0.9078809,-0.66724217,33.31662
452,moon__p2__s0,taboo,2,1,0,0.08460073,0.37368733,1.0808408,121.64138,0.86024255,-0.6470478,30.058895
453,moon__p2__s0,taboo,3,1,0,0.26194343,1.3577759,5.284788,126.30106,0.85336864,-0.670154,28.995827
454,moon__p2__s0,taboo,4,1,0,0.017447323,0.13040406,0.7888728,77.65053,0.81558806,-0.61972284,32.852287
455,moon__p2__s0,taboo,5,1,0,0.084217496,0.31973663,0.87627363,73.01432,0.7979744,-0.6304781,31.631662
456,moon__p2__s0,taboo,6,1,0,0.048004277,0.3264539,1.7841861,118.26827,0.7886906,-0.63705856,32.42706
457,moon__p2__s0,taboo,7,1,0,0.16488947,0.6878393,1.9174736,94.922195,0.7761726,-0.63226503,32.38921
458,moon__p2__s0,taboo,8,1,0,0.03721779,0.18354347,0.6291276,112.37075,0.83803046,-0.64114356,35.589207
459,moon__p2__s0,taboo,9,1,0,0.000040530336,0.0005980326,0.00808179,130.7044,0.7621109,-0.62044245,33.72359
460,moon__p2__s0,taboo,10,1,0,0.4429278,1.5166904,3.4705296,126.486176,0.7567111,-0.6065635,33.72562
461,moon__p2__s0,taboo,11,1,0,0.4411887,0.94578123,1.5445071,88.18928,0.74445796,-0.59628326,34.265182
462,moon__p2__s0,taboo,12,1,0,0.21071406,0.7914227,2.2467175,80.152565,0.72773296,-0.5884351,34.18151
463,moon__p2__s0,taboo,13,1,0,0.021970334,0.1756348,1.184354,87.99894,0.7103416,-0.5866461,36.336952
464,moon__p2__s0,taboo,14,1,0,0.29110926,1.1519365,2.7341475,62.830727,0.6907984,-0.5950174,34.604794
465,moon__p2__s0,taboo,15,1,0,0.75519794,1.4831458,1.6057522,118.88369,0.6978779,-0.57536733,37.0822
466,moon__p2__s0,taboo,16,1,0,0.17816319,0.9061793,3.209633,103.0614,0.7088208,-0.6033039,32.6821
467,moon__p2__s0,taboo,17,1,0,0.0010786197,0.010583294,0.08998312,69.93362,0.72560966,-0.5997063,36.411415
468,moon__p2__s0,taboo,18,1,0,0.1357754,0.5739944,1.9542519,116.08363,0.705007,-0.6155714,33.910843
469,moon__p2__s0,taboo,19,1,1,0.37446782,0.77041876,1.0073979,113.62441,0.7800544,-0.6719873,34.303856
470,moon__p2__s0,taboo,20,1,0,0.35929492,0.66444,0.40000013,113.088326,0.7090248,-0.6343985,31.982805
471,moon__p2__s0,taboo,21,1,0,0.10326979,0.34086603,0.6223285,85.869965,0.7060003,-0.64517605,31.357862
472,moon__p2__s0,taboo,22,1,0,0.033681042,0.17264493,0.63283134,95.80582,0.6839246,-0.6190161,33.71735
473,moon__p2__s0,taboo,23,1,0,0.00019310041,0.002623818,0.032113653,94.95327,0.69907534,-0.61465144,33.8304
474,moon__p2__s0,taboo,24,1,0,0.74824107,1.690237,1.6778212,113.9394,0.6871167,-0.6089922,35.033154
475,moon__p2__s0,taboo,25,1,0,0.0011289896,0.011070058,0.09466319,69.471634,0.6914999,-0.6028825,35.53132
476,moon__p2__s0,taboo,26,1,0,0.007982968,0.06632259,0.4464087,88.98263,0.6995422,-0.60426766,35.669544
477,moon__p2__s0,taboo,27,1,0,0.7180842,1.265324,1.785258,115.34181,0.6820221,-0.59881884,35.337654
478,moon__p2__s0,taboo,28,1,0,0.79386836,1.4275663,1.2271618,111.48599,0.6608752,-0.5956556,35.823757
479,moon__p2__s0,taboo,29,1,0,0.009658275,0.079675615,0.53525776,82.31526,0.65686166,-0.59852993,35.107384
480,moon__p2__s1,taboo,0,1,1,1.1104784,3.3469496,6.571088,146.375,0.9283601,-0.65740114,29.204052
481,moon__p2__s1,taboo,1,1,1,1.5006179,2.8411462,4.57524,128.51294,0.90802443,-0.6667892,33.39581
482,moon__p2__s1,taboo,2,1,0,0.084415264,0.37165138,1.0599625,121.127495,0.860264,-0.646935,30.065603
483,moon__p2__s1,taboo,3,1,0,0.2979062,1.4907109,5.5450444,125.52225,0.85327435,-0.6699271,29.005337
484,moon__p2__s1,taboo,4,1,0,0.017590819,0.13110593,0.7892518,77.24278,0.81544876,-0.61977005,32.85599
485,moon__p2__s1,taboo,5,1,0,0.09463243,0.34530765,0.89993733,73.08986,0.79799587,-0.63057137,31.608767
486,moon__p2__s1,taboo,6,1,0,0.04627983,0.31832176,1.7633873,118.50738,0.78879863,-0.6371773,32.434174
487,moon__p2__s1,taboo,7,1,0,0.17338139,0.71558607,1.9726306,94.912224,0.77646315,-0.6324795,32.371323
488,moon__p2__s1,taboo,8,1,0,0.037984952,0.1873528,0.6402667,112.47777,0.838275,-0.6412918,35.587097
489,moon__p2__s1,taboo,9,1,0,0.00004482169,0.0006544272,0.008767812,130.68968,0.7620547,-0.6204302,33.72498
490,moon__p2__s1,taboo,10,1,0,0.44029322,1.5048774,3.4407878,126.31618,0.7568622,-0.60675883,33.697342
491,moon__p2__s1,taboo,11,1,0,0.48603836,0.9765785,1.537278,87.80269,0.7444775,-0.59640783,34.275726
492,moon__p2__s1,taboo,12,1,0,0.23451313,0.8432242,2.2797742,80.10132,0.72789705,-0.58859575,34.164494
493,moon__p2__s1,taboo,13,1,0,0.024205167,0.19047076,1.2639023,87.903,0.710536,-0.58690774,36.31195
494,moon__p2__s1,taboo,14,1,0,0.27820662,1.1188259,2.7338228,62.875427,0.6907896,-0.5950904,34.583683
495,moon__p2__s1,taboo,15,1,0,0.7793832,1.5163081,1.6160369,118.62923,0.69802076,-0.5754365,37.06979
496,moon__p2__s1,taboo,16,1,0,0.18275502,0.92144656,3.2224772,102.82864,0.7088419,-0.60358125,32.65672
497,moon__p2__s1,taboo,17,1,0,0.0010687361,0.01046728,0.08881786,69.70556,0.7252571,-0.5994416,36.417458
498,moon__p2__s1,taboo,18,1,0,0.13609767,0.57730514,1.9835591,115.89546,0.70498484,-0.61570406,33.888138
499,moon__p2__s1,taboo,19,1,1,0.37606212,0.7767272,1.020076,113.61715,0.78013414,-0.67185986,34.29814
500,moon__p2__s1,taboo,20,1,0,1.2357196,0.67050046,0.41705835,110.851685,0.68144274,-0.6141188,34.054955
501,moon__p2__s1,taboo,21,1,0,0.027811585,0.18240836,0.9286338,102.77611,0.6831925,-0.6197259,33.097725
502,moon__p2__s1,taboo,22,1,0,0.00013755806,0.0019817178,0.025659274,98.46223,0.69799143,-0.61407405,33.84042
503,moon__p2__s1,taboo,23,1,0,2.9056,1.8700254,1.378634,129.87784,0.6901077,-0.6109541,34.18688
504,moon__p2__s1,taboo,24,1,0,0.33274204,0.98262084,1.8307693,101.63531,0.69927084,-0.6112372,35.034405
505,moon__p2__s1,taboo,25,1,0,0.5002056,1.0853888,1.6157382,113.35684,0.7049059,-0.6175052,34.894203
506,moon__p2__s1,taboo,26,1,0,0.43163663,1.0822295,1.2595872,114.04517,0.6972357,-0.6197851,36.231544
507,moon__p2__s1,taboo,27,1,0,0.01608045,0.124251604,0.7933232,134.05814,0.67505676,-0.60762393,35.152096
508,moon__p2__s1,taboo,28,1,0,0.0006076635,0.007883408,0.09174822,94.29946,0.6470611,-0.5878225,36.542572
509,moon__p2__s1,taboo,29,1,0,0.10556525,0.48646078,1.537293,99.99746,0.6486346,-0.5855935,36.314095
510,moon__p2__s2,taboo,0,1,1,1.0957544,3.3628478,6.652232,145.7334,0.9281786,-0.65726537,29.224258
511,moon__p2__s2,taboo,1,1,0,1.61913,2.8147635,4.5275455,115.379425,0.87729424,-0.64006597,30.327682
512,moon__p2__s2,taboo,2,1,0,0.65765417,1.56163,3.198978,122.06576,0.891902,-0.64374924,35.549595
513,moon__p2__s2,taboo,3,1,0,0.00023505308,0.0031164761,0.037874773,132.19589,0.8403294,-0.6386637,31.440954
514,moon__p2__s2,taboo,4,1,0,1.716719,2.0911536,3.8136811,55.59398,0.80102855,-0.63884825,31.457918
515,moon__p2__s2,taboo,5,1,0,0.2740856,1.2903063,3.8860486,120.96357,0.77885526,-0.6078269,33.016933
516,moon__p2__s2,taboo,6,1,0,0.75397587,1.0479056,1.55405,84.09728,0.76335824,-0.60306233,33.104816
517,moon__p2__s2,taboo,7,1,0,0.3592295,1.0499203,2.2790112,75.320305,0.7424359,-0.59280986,33.18418
518,moon__p2__s2,taboo,8,1,0,0.017327944,0.14290671,1.0184469,94.219055,0.7231837,-0.5884822,35.762
519,moon__p2__s2,taboo,9,1,0,0.36975813,1.4067898,3.2329965,92.41479,0.72578406,-0.59617907,34.90128
520,moon__p2__s2,taboo,10,1,0,0.19255838,0.63185143,1.4927576,99.06155,0.7343839,-0.5983268,33.22449
521,moon__p2__s2,taboo,11,1,0,0.15398623,0.8304525,3.4389126,113.80211,0.7278966,-0.61838347,32.40496
522,moon__p2__s2,taboo,12,1,0,0.48876488,0.9801143,1.5836846,110.14651,0.78924483,-0.661299,33.752876
523,moon__p2__s2,taboo,13,1,0,0.6352443,0.8771647,0.36729395,108.98563,0.732903,-0.6408458,30.540813
524,moon__p2__s2,taboo,14,1,0,0.29699796,0.6559003,0.74141794,88.4303,0.7253381,-0.64958924,30.307
525,moon__p2__s2,taboo,15,1,0,0.07492461,0.3382321,1.0583563,94.420135,0.70787114,-0.6273847,32.436554
526,moon__p2__s2,taboo,16,1,0,0.00045444176,0.005653706,0.06288235,94.241325,0.71593857,-0.6174792,32.936184
527,moon__p2__s2,taboo,17,1,0,2.7200892,1.9798762,1.912264,112.05257,0.70966977,-0.6154885,32.93207
528,moon__p2__s2,taboo,18,1,0,0.22344525,0.7103243,1.5911479,91.17824,0.71696603,-0.60888565,34.26921
529,moon__p2__s2,taboo,19,1,0,0.6716998,1.4436617,2.5837917,69.33992,0.68999237,-0.60984343,32.774494
530,moon__p2__s2,taboo,20,1,0,1.25397,0.8243915,1.5589852,104.75662,0.6854576,-0.5929413,35.079044
531,moon__p2__s2,taboo,21,1,0,1.340899,1.8075246,1.3445995,113.259254,0.6772986,-0.57087874,36.55583
532,moon__p2__s2,taboo,22,1,0,0.51676595,1.8659995,4.12698,116.39608,0.6998257,-0.6254008,31.220112
533,moon__p2__s2,taboo,23,1,0,0.0020278383,0.018720543,0.1447626,95.68104,0.6992755,-0.62952775,32.580563
534,moon__p2__s2,taboo,24,1,0,0.0033332524,0.028928112,0.21303049,108.57402,0.6713993,-0.61513793,33.47899
535,moon__p2__s2,taboo,25,1,0,0.2699645,0.8775202,1.4595995,100.39005,0.6747976,-0.6089074,34.663303
536,moon__p2__s2,taboo,26,1,0,0.035881143,0.26222962,1.6135728,115.857704,0.6738263,-0.6031538,35.264572
537,moon__p2__s2,taboo,27,1,0,0.9707477,0.98956865,0.9839294,104.0484,0.67322314,-0.59300345,35.87842
538,moon__p2__s2,taboo,28,1,0,0.3127422,1.0201589,1.7520592,83.264046,0.71103555,-0.6053445,35.8451
539,moon__p2__s2,taboo,29,1,0,0.17364025,0.7720852,2.5669193,107.04934,0.67234147,-0.58338284,38.551178
540,moon__p2__s3,taboo,0,1,1,1.1330683,3.3599563,6.5309553,146.4357,0.9280722,-0.65734684,29.210794
541,moon__p2__s3,taboo,1,1,1,2.636158,2.838666,4.5091276,146.91609,0.86515075,-0.6606991,27.85709
542,moon__p2__s3,taboo,2,1,1,1.3973112,3.2670174,5.2442894,111.845375,0.8100928,-0.6608714,29.419779
543,moon__p2__s3,taboo,3,1,1,1.9915147,4.1165514,4.3821344,125.23793,0.797114,-0.67299795,29.419851
544,moon__p2__s3,taboo,4,1,1,0.38176307,2.0027595,7.387869,97.40643,0.7995276,-0.67147774,31.244986
545,moon__p2__s3,taboo,5,1,1,0.71587896,1.7397515,4.644797,115.7469,0.7479802,-0.65513116,29.64975
546,moon__p2__s3,taboo,6,1,1,1.1389729,1.9318489,3.2011209,109.594376,0.73841906,-0.65685797,29.90252
547,moon__p2__s3,taboo,7,1,1,0.01096745,0.09301359,0.65416145,112.2963,0.7210298,-0.6429989,30.04128
548,moon__p2__s3,taboo,8,1,1,0.1397217,0.7119507,2.641654,84.795975,0.7176617,-0.61699796,33.349834
549,moon__p2__s3,taboo,9,1,1,2.9892077,2.8507717,4.9253874,95.12334,0.712969,-0.6456328,28.963116
550,moon__p2__s3,taboo,10,1,1,1.90245,2.6297379,3.5283184,92.46546,0.694571,-0.6325982,30.336746
551,moon__p2__s3,taboo,11,1,1,1.9437195,3.6213317,4.4714327,109.69354,0.70075107,-0.6332033,31.244795
552,moon__p2__s3,taboo,12,1,1,0.63343203,1.2195909,2.0003638,95.35753,0.6886727,-0.6100265,33.819424
553,moon__p2__s3,taboo,13,1,1,1.6317348,2.3155165,5.105029,86.12389,0.68687105,-0.60465574,34.30958
554,moon__p2__s3,taboo,14,1,1,0.53310215,2.2359512,6.17634,76.20189,0.6784472,-0.62407666,31.300388
555,moon__p2__s3,taboo,15,1,1,1.1510376,3.2387948,5.562321,131.75125,0.701785,-0.64330715,30.329702
556,moon__p2__s3,taboo,16,1,1,0.8056366,2.5893388,4.631151,125.75197,0.6774423,-0.61951274,33.039173
557,moon__p2__s3,taboo,17,1,1,0.3405419,1.4301579,3.9338331,113.58306,0.6789745,-0.6250799,34.520916
558,moon__p2__s3,taboo,18,1,1,2.933144,3.0028834,2.5878413,122.173584,0.6742756,-0.6243685,32.381527
559,moon__p2__s3,taboo,19,1,1,1.791399,2.5541105,2.9332743,88.53459,0.6799947,-0.6326461,32.957703
560,moon__p2__s3,taboo,20,1,1,0.45593667,1.2585251,2.6842,116.19528,0.66908675,-0.6186982,34.393925
561,moon__p2__s3,taboo,21,1,1,1.9649725,1.9237828,3.5407004,97.58658,0.6390076,-0.5849328,36.71628
562,moon__p2__s3,taboo,22,1,1,2.698094,2.3607574,4.327428,102.4672,0.67836463,-0.6336501,30.90762
563,moon__p2__s3,taboo,23,1,1,0.046693243,0.25069445,1.0570955,117.58367,0.6551984,-0.61219245,33.386566
564,moon__p2__s3,taboo,24,1,1,0.020328043,0.13488017,0.77427816,136.45229,0.65975153,-0.61289376,33.60943
565,moon__p2__s3,taboo,25,1,1,1.129461,2.3027198,2.2678869,127.9035,0.696506,-0.5785632,38.312412
566,moon__p2__s4,taboo,0,1,0,2.3843646,3.3577104,6.495469,119.17398,0.92067647,-0.6361901,31.007544
567,moon__p2__s4,taboo,1,1,0,0.16326214,0.5803164,1.481347,80.8546,0.86080796,-0.6088545,34.179935
568,moon__p2__s4,taboo,2,1,0,0.3102241,1.3622432,4.343023,111.59158,0.84209,-0.6340621,31.553015
569,moon__p2__s4,taboo,3,1,0,0.1814834,0.91997313,3.2503476,93.87197,0.8148441,-0.61514795,32.992382
570,moon__p2__s4,taboo,4,1,0,0.947757,2.2110546,2.655518,120.2132,0.8127642,-0.59307617,34.172195
571,moon__p2__s4,taboo,5,1,0,2.3281603,2.8553596,3.4796004,111.595184,0.7900757,-0.6305187,30.501625
572,moon__p2__s4,taboo,6,1,0,0.003011456,0.026725136,0.206277,67.07271,0.78895915,-0.6017415,37.25463
573,moon__p2__s4,taboo,7,1,0,0.1601657,0.8604785,3.2757664,122.858376,0.766221,-0.63194823,32.208042
574,moon__p2__s4,taboo,8,1,0,2.303876,1.7770357,2.313548,110.12752,0.7590886,-0.6260656,32.07275
575,moon__p2__s4,taboo,9,1,0,0.40099362,1.07558,2.3183193,116.85109,0.7483481,-0.6084113,33.242176
576,moon__p2__s4,taboo,10,1,0,0.68305063,0.9561782,1.1410054,82.05483,0.76221114,-0.5949926,35.107624
577,moon__p2__s4,taboo,11,1,0,2.3349814,1.0894796,2.1504507,93.36147,0.71380854,-0.58037835,36.399918
578,moon__p2__s4,taboo,12,1,0,0.049451,0.33945364,1.8214308,71.91312,0.6952662,-0.59980124,34.396687
579,moon__p2__s4,taboo,13,1,0,0.6782519,1.7081826,2.2320743,115.93187,0.7059613,-0.5828565,36.35876
580,moon__p2__s4,taboo,14,1,0,1.3364134,2.1606872,2.6258345,116.840775,0.73016876,-0.64078844,29.382385
581,moon__p2__s4,taboo,15,1,0,0.0021155137,0.017136624,0.11413795,82.947975,0.73163587,-0.63384676,32.827854
582,moon__p2__s4,taboo,16,1,0,0.0059671826,0.04845072,0.32514733,103.82022,0.7041049,-0.62651354,32.109146
583,moon__p2__s4,taboo,17,1,0,1.3426839,0.9708239,0.8816859,86.09031,0.68908006,-0.60955274,34.574375
584,moon__p2__s4,taboo,18,1,0,0.00094297755,0.010709452,0.107121244,86.40211,0.7012804,-0.6158186,34.041157
585,moon__p2__s4,taboo,19,1,0,1.2445629,1.4278052,2.3256168,107.278175,0.6986131,-0.61192834,34.03814
586,moon__p2__s4,taboo,20,1,0,0.26510632,0.6294131,0.8711482,91.255585,0.7271781,-0.61433893,34.56007
587,moon__p2__s4,taboo,21,1,0,0.65822685,1.3403428,2.1386766,111.390686,0.6958906,-0.6061575,34.52107
588,moon__p2__s4,taboo,22,1,0,1.1154405,1.4607233,0.9957979,104.99496,0.6644712,-0.5932668,36.139633
589,moon__p2__s4,taboo,23,1,0,0.011715774,0.094733045,0.635172,77.875946,0.660663,-0.5952752,35.033443
590,moon__p2__s4,taboo,24,1,0,0.003559446,0.0339047,0.27369973,76.18596,0.681628,-0.59026563,36.64956
591,moon__p2__s4,taboo,25,1,0,0.10427013,0.56025505,2.2108178,99.54476,0.68185955,-0.58919317,36.271156
592,moon__p2__s4,taboo,26,1,0,0.068474,0.32482037,1.0302792,87.99517,0.7231336,-0.58984554,36.775246
593,moon__p2__s4,taboo,27,1,0,0.041381758,0.20598508,0.77440184,96.78763,0.6963602,-0.58663017,38.474846
594,moon__p2__s4,taboo,28,1,0,0.31847054,0.77351147,1.2299654,106.917114,0.6541382,-0.56785214,38.02086
595,moon__p2__s5,taboo,0,1,1,1.1104784,3.3469496,6.571088,146.375,0.9283601,-0.65740114,29.204052
596,moon__p2__s5,taboo,1,1,1,1.6256179,2.8411462,4.57524,127.68302,0.9077845,-0.6647356,33.26813
597,moon__p2__s5,taboo,2,1,1,0.084037,0.36718008,1.0102601,126.82322,0.85185117,-0.65059143,29.75301
598,moon__p2__s5,taboo,3,1,0,1.2334973,3.1308908,6.4244556,135.47827,0.8514498,-0.6703189,28.884148
599,moon__p2__s5,taboo,4,1,0,0.02519105,0.1755174,0.9729705,77.305725,0.81542474,-0.6206345,32.854492
600,moon__p2__s5,taboo,5,1,0,0.09520822,0.3505061,0.9396616,74.03653,0.79747707,-0.6311638,31.60667
601,moon__p2__s5,taboo,6,1,0,0.053250846,0.36074722,1.9629091,119.06974,0.7871163,-0.6381399,32.32973
602,moon__p2__s5,taboo,7,1,0,0.22281048,0.83878493,2.0455632,92.65776,0.77466303,-0.6323375,32.334095
603,moon__p2__s5,taboo,8,1,0,0.054545414,0.23351575,0.65369666,109.67358,0.8339251,-0.636658,36.119766
604,moon__p2__s5,taboo,9,1,0,0.000046252135,0.00068848894,0.009379366,130.90965,0.7591997,-0.6195284,33.74071
605,moon__p2__s5,taboo,10,1,0,0.44588014,1.5842916,3.6649928,126.77814,0.7560932,-0.60737884,33.558094
606,moon__p2__s5,taboo,11,1,0,0.45135373,0.9956546,1.7104797,87.771416,0.7436194,-0.59724736,34.184525
607,moon__p2__s5,taboo,12,1,0,0.20473479,0.79186106,2.3061872,80.12786,0.72684306,-0.5894234,34.11451
608,moon__p2__s5,taboo,13,1,0,0.02566045,0.20182416,1.3331416,87.361244,0.70985854,-0.5877323,36.279125
609,moon__p2__s5,taboo,14,1,0,0.3252353,1.2448002,2.8003838,61.728405,0.69052505,-0.5955731,34.600346
610,moon__p2__s5,taboo,15,1,0,1.3050373,1.5323583,1.5607347,80.98327,0.6930959,-0.585408,37.290436
611,moon__p2__s5,taboo,16,1,0,0.04879602,0.28744233,1.2786264,100.30948,0.69843173,-0.6061465,33.90796
612,moon__p2__s5,taboo,17,1,0,0.47145241,1.3938098,2.0817358,86.017944,0.7021513,-0.6120382,34.281284
613,moon__p2__s5,taboo,18,1,0,0.456871,1.3706158,2.316888,115.65851,0.71137273,-0.61164016,34.864292
614,moon__p2__s5,taboo,19,1,0,0.29509607,1.3630532,4.286787,127.95825,0.6890727,-0.6003477,35.442356
615,moon__p2__s5,taboo,20,1,0,0.7969975,1.9018967,2.7738986,52.012165,0.67099804,-0.57755244,38.37847
616,moon__p2__s5,taboo,21,1,0,0.2725998,1.2333765,3.7476845,110.71733,0.67430556,-0.58302927,37.652912
617,moon__p2__s5,taboo,22,1,0,2.0454473,2.9895604,3.0946364,111.86911,0.6928931,-0.57855535,38.822952
618,moon__p2__s5,taboo,23,1,0,0.033719193,0.19479196,0.8831902,93.26538,0.6539045,-0.56000036,40.307926
619,moon__p2__s5,taboo,24,1,0,2.218495,1.7870084,2.8077712,110.03125,0.68516636,-0.5804251,38.339844
620,moon__p2__s5,taboo,25,1,0,0.17864808,0.78416365,2.6059065,105.55587,0.6823278,-0.5799666,37.89385
621,moon__p2__s5,taboo,26,1,0,0.2994538,1.445418,4.6255836,120.796524,0.67983925,-0.5762251,37.59608
622,moon__p2__s5,taboo,27,1,0,0.20996091,0.83593345,2.0725563,128.3764,0.64911824,-0.5693216,38.17011
623,moon__p2__s5,taboo,28,1,0,0.23284131,1.0700055,3.2796173,104.813835,0.6752395,-0.59914917,34.016563
624,moon__p2__s5,taboo,29,1,0,0.0009111782,0.009255212,0.08098249,71.73189,0.69193095,-0.59814453,37.042484
625,moon__p2__s6,taboo,0,1,0,2.707838,3.3394575,6.6980824,128.63426,0.9188922,-0.6657241,29.836739
626,moon__p2__s6,taboo,1,1,0,0.38828027,0.82950044,1.1526494,105.32595,0.8548403,-0.612139,32.615128
627,moon__p2__s6,taboo,2,1,1,1.9946487,3.2711692,3.3107042,120.57019,0.85230815,-0.6209425,31.524569
628,moon__p2__s6,taboo,3,1,0,1.8311046,1.5795472,4.5218806,108.86559,0.8225927,-0.62531066,32.056225
629,moon__p2__s6,taboo,4,1,0,1.8188933,3.0301886,3.4177935,105.40631,0.7848435,-0.6167231,32.95661
630,moon__p2__s6,taboo,5,1,1,0.6946057,2.216137,4.603324,119.82346,0.7905824,-0.6346742,31.315989
631,moon__p2__s6,taboo,6,1,1,0.7941862,2.032299,4.7984943,117.46208,0.7974809,-0.6600507,29.924515
632,moon__p2__s6,taboo,7,1,1,2.069188,3.8588355,5.0534744,105.1894,0.78154016,-0.6771555,28.02906
633,moon__p2__s6,taboo,8,1,1,0.42090645,1.4104725,3.7349815,121.97892,0.7484068,-0.66176045,29.184439
634,moon__p2__s6,taboo,9,1,1,0.20482047,0.9959421,3.4911926,105.12055,0.7179289,-0.6363091,31.057621
635,moon__p2__s6,taboo,10,1,1,3.628885,3.133688,4.595504,73.9563,0.7184435,-0.65488654,28.50548
636,moon__p2__s6,taboo,11,1,1,0.42071614,1.9985445,5.8918924,124.51108,0.70232165,-0.6433111,30.684137
637,moon__p2__s6,taboo,12,1,1,0.79690766,2.313112,4.243162,122.39918,0.7068981,-0.6484269,31.784328
638,moon__p2__s6,taboo,13,1,1,0.61566967,2.252665,5.331265,96.6346,0.7395426,-0.66751206,32.59431
639,moon__p2__s6,taboo,14,1,1,0.13046257,0.56417507,1.7948712,98.83094,0.6943871,-0.63998514,30.905195
640,moon__p2__s6,taboo,15,1,1,0.0036467495,0.033133697,0.25288063,101.06809,0.668071,-0.6073036,34.41967
641,moon__p2__s6,taboo,16,1,1,0.87177944,1.1777136,1.0220606,109.36102,0.6650777,-0.6064757,34.02539
642,moon__p2__s6,taboo,17,1,1,1.1493622,2.3101735,3.8660927,109.84831,0.6807217,-0.6335648,31.415789
643,moon__p2__s6,taboo,18,1,1,1.8094056,1.9633422,3.833416,129.46284,0.6917415,-0.6417501,31.467005
644,moon__p2__s6,taboo,19,1,1,1.1200445,2.484718,3.7423077,120.63929,0.6940956,-0.64762354,31.755436
645,moon__p2__s6,taboo,20,1,1,0.1547092,0.66353583,1.8829234,103.58151,0.696441,-0.64756083,31.72924
646,moon__p2__s6,taboo,21,1,1,0.00025793564,0.003250023,0.036834214,97.535286,0.68116844,-0.63865864,33.49445
647,moon__p2__s6,taboo,22,1,1,2.0478883,2.552664,3.3347907,109.176384,0.68709356,-0.6417715,30.808525
648,moon__p2__s6,taboo,23,1,1,0.084330246,0.34906983,0.9858166,107.84053,0.6554234,-0.6080863,34.318314
649,moon__p2__s6,taboo,24,1,1,0.16297363,0.8492533,3.269661,118.325806,0.6643722,-0.619204,33.499733
650,moon__p2__s6,taboo,25,1,1,1.2127237,1.5195122,1.2628763,98.40799,0.6807095,-0.6401791,30.945839
651,moon__p2__s6,taboo,26,1,1,0.108778395,0.41862363,1.0856004,104.03669,0.66971904,-0.6008126,35.22958
652,moon__p2__s6,taboo,27,1,1,0.03657555,0.20875531,0.9026453,102.39551,0.6853258,-0.56234634,39.20413
653,moon__p2__s7,taboo,0,1,1,1.1322396,3.3562574,6.5212493,145.44682,0.9282799,-0.6575609,29.19857
654,moon__p2__s7,taboo,1,1,1,1.5032852,2.846572,4.594476,126.95573,0.9080705,-0.66745305,33.33229
655,moon__p2__s7,taboo,2,1,0,0.08462384,0.37389797,1.0823822,121.42055,0.860232,-0.64717674,30.062994
656,moon__p2__s7,taboo,3,1,0,0.2927691,1.4665198,5.450446,125.91768,0.85325456,-0.67014045,28.997097
657,moon__p2__s7,taboo,4,1,0,0.017102616,0.12802273,0.77646947,77.631096,0.81560105,-0.61982125,32.839695
658,moon__p2__s7,taboo,5,1,0,0.09492085,0.3476266,0.91533655,73.33187,0.79788554,-0.63042134,31.62248
659,moon__p2__s7,taboo,6,1,0,0.052214637,0.3519751,1.9033649,118.68056,0.7887941,-0.63712984,32.434185
660,moon__p2__s7,taboo,7,1,0,0.16528778,0.6905844,1.9316728,94.97848,0.77627796,-0.632489,32.365894
661,moon__p2__s7,taboo,8,1,0,0.037978295,0.18726958,0.63936305,112.2806,0.838212,-0.64137566,35.59749
662,moon__p2__s7,taboo,9,1,0,0.000043629647,0.00063592254,0.008493414,130.74246,0.76205677,-0.6203068,33.715454
663,moon__p2__s7,taboo,10,1,0,0.43909264,1.5013632,3.4415922,126.498505,0.7566879,-0.6066134,33.720596
664,moon__p2__s7,taboo,11,1,0,1.1904347,0.94165313,1.5304979,84.049904,0.7717485,-0.5962891,35.32277
665,moon__p2__s7,taboo,12,1,0,2.1329362,1.6892639,1.9976491,101.650604,0.7241739,-0.58159125,36.14063
666,moon__p2__s7,taboo,13,1,0,0.39029545,1.1215088,2.2908516,69.80511,0.69896024,-0.598058,34.21324
667,moon__p2__s7,taboo,14,1,0,2.065421,1.5599612,2.3419638,117.99826,0.6963309,-0.5873154,35.280827
668,moon__p2__s7,taboo,15,1,0,0.4071045,1.4036329,3.2245486,134.68031,0.6987798,-0.61954176,31.973139
669,moon__p2__s7,taboo,16,1,0,0.5210813,1.0999563,1.7053028,120.39172,0.7081717,-0.642178,31.16736
670,moon__p2__s7,taboo,17,1,0,1.368765,2.0676842,1.3801928,129.45,0.7060362,-0.637839,32.507088
671,moon__p2__s7,taboo,18,1,0,0.33254722,0.8735206,1.0350847,76.19008,0.6987459,-0.6127504,34.551865
672,moon__p2__s7,taboo,19,1,0,0.11116803,0.47944397,1.3223659,93.847855,0.717684,-0.5992729,36.269436
673,moon__p2__s7,taboo,20,1,0,0.7415072,1.7118485,2.6792922,111.93993,0.6935012,-0.60912156,34.919334
674,moon__p2__s7,taboo,21,1,0,0.22869623,0.8312615,1.9115376,132.77632,0.67502034,-0.5742499,36.578445
675,moon__p2__s7,taboo,22,1,0,0.1274465,0.68187654,2.6628575,99.697,0.69447416,-0.60469216,33.359596
676,moon__p2__s7,taboo,23,1,0,0.0007981452,0.007972278,0.06876308,70.69553,0.7228837,-0.59714615,37.41521
677,moon__p2__s7,taboo,24,1,0,0.19478709,0.6720533,1.8688028,117.47893,0.69659376,-0.61497295,34.826935
678,moon__p2__s7,taboo,25,1,0,0.46203887,0.8233293,0.84011054,115.13443,0.7626311,-0.653356,36.115887
679,moon__p2__s7,taboo,26,1,0,0.43688598,0.69435877,0.31074604,114.409225,0.694085,-0.63292116,32.78386
680,moon__p2__s7,taboo,27,1,0,0.10584796,0.35585392,0.6789304,88.93049,0.69046956,-0.6384062,32.43842
681,moon__p2__s7,taboo,28,1,0,0.0316244,0.17313835,0.6832059,98.30785,0.6733604,-0.61722755,34.446247
682,moon__p2__s7,taboo,29,1,0,0.00032693762,0.0038941395,0.04166597,95.829895,0.68956226,-0.6139787,34.52511
683,moon__p3__s0,taboo,0,1,1,0.93638754,2.8368163,4.9371285,135.90259,0.91982806,-0.66989887,28.359926
684,moon__p3__s0,taboo,1,1,1,0.15839402,0.73034155,2.7007928,108.56165,0.859826,-0.67598546,29.158731
685,moon__p3__s0,taboo,2,1,1,0.6354041,2.285992,4.886986,118.85757,0.8258708,-0.6727369,29.419613
686,moon__p3__s0,taboo,3,1,1,1.1385819,3.2105856,4.4575787,84.6377,0.80792165,-0.6936616,27.118923
687,moon__p3__s0,taboo,4,1,1,0.8883744,2.573429,4.8688073,117.325386,0.78033686,-0.6789133,28.414196
688,moon__p3__s0,taboo,5,1,1,0.0012237687,0.013044509,0.12857912,103.81546,0.7754832,-0.6863455,29.092293
689,moon__p3__s0,taboo,6,1,1,1.917141,3.8571281,5.0835195,121.888985,0.7477917,-0.67958486,26.678005
690,moon__p3__s0,taboo,7,1,1,0.6545876,0.83396447,0.7458082,116.29669,0.6998256,-0.63599443,30.742018
691,moon__p3__s0,taboo,8,1,1,2.139873,4.002896,4.977613,129.08745,0.7018031,-0.6314803,31.102571
692,moon__p3__s0,taboo,9,1,1,1.84886,3.414035,3.3976462,129.9536,0.72123176,-0.6578486,30.092264
693,moon__p3__s0,taboo,10,1,1,1.8080461,3.164331,3.478065,103.36886,0.710854,-0.6546679,30.36263
694,moon__p3__s0,taboo,11,1,1,0.44428062,1.6070087,3.791707,108.12028,0.70570326,-0.65465,29.965837
695,moon__p3__s0,taboo,12,1,1,0.28793275,0.7419047,0.7128541,118.46326,0.69347346,-0.6492381,31.1617
696,moon__p3__s0,taboo,13,1,1,0.76242673,2.0256262,3.2999768,121.780556,0.69515437,-0.6426342,29.422588
697,moon__p3__s0,taboo,14,1,1,0.5933595,1.1083808,1.232072,122.22806,0.704307,-0.59153664,35.602722
698,moon__p3__s1,taboo,0,1,1,0.952636,2.862792,4.8940525,136.06961,0.92006433,-0.6700941,28.368269
699,moon__p3__s1,taboo,1,1,1,0.15820955,0.7288119,2.6908565,108.46012,0.8600545,-0.67606574,29.174086
700,moon__p3__s1,taboo,2,1,1,0.64352465,2.2982547,4.8508015,119.23374,0.82587737,-0.67263067,29.41835
701,moon__p3__s1,taboo,3,1,1,3.8426611,3.1426654,4.5286326,115.56321,0.8071362,-0.6954399,27.17379
702,moon__p3__s1,taboo,4,1,1,0.39687496,0.9838971,1.1975669,111.38772,0.78240246,-0.6910765,28.011948
703,moon__p3__s1,taboo,5,1,1,1.3009967,3.3992996,4.7486,97.604195,0.76595956,-0.6911731,27.948782
704,moon__p3__s1,taboo,6,1,1,1.8170829,3.9692006,5.72991,125.063324,0.7477827,-0.6815296,27.152168
705,moon__p3__s1,taboo,7,1,1,0.73934156,1.490915,1.6558712,84.60335,0.69884557,-0.6310236,31.390041
706,moon__p3__s1,taboo,8,1,1,1.9012738,2.8213582,3.240706,109.03105,0.70591617,-0.6557502,28.058014
707,moon__p3__s1,taboo,9,1,1,0.8226057,2.1773777,3.754292,87.384224,0.71274775,-0.6677911,29.411871
708,moon__p3__s1,taboo,10,1,1,0.94059944,2.2155795,3.545911,90.87026,0.7077184,-0.6675292,28.495838
709,moon__p3__s1,taboo,11,1,1,1.8722032,0.8310498,2.1199765,145.79895,0.7381694,-0.693246,29.499062
710,moon__p3__s1,taboo,12,1,1,0.000030517112,0.0004065026,0.0047093527,152.0043,0.67930025,-0.6432906,30.863506
711,moon__p3__s1,taboo,13,1,1,0.044236075,0.21162634,0.7615759,115.07572,0.6503306,-0.616505,33.358673
712,moon__p3__s1,taboo,14,1,1,0.042158533,0.2922858,1.5625013,91.103096,0.6681242,-0.6338849,33.032127
713,moon__p3__s1,taboo,15,1,1,0.8918845,1.83817,2.7141385,93.828476,0.6663061,-0.6314899,31.978989
714,moon__p3__s1,taboo,16,1,1,0.7398198,1.6195714,1.8843558,119.06604,0.6629508,-0.620047,32.5911
715,moon__p3__s1,taboo,17,1,1,0.5191175,1.0260264,1.2834681,123.396996,0.71300334,-0.6035691,35.15603
716,moon__p3__s2,taboo,0,1,1,0.9535867,2.8605542,4.87719,136.05428,0.9201027,-0.6701522,28.360271
717,moon__p3__s2,taboo,1,1,1,0.15844715,0.7310784,2.708417,108.69344,0.8601243,-0.67638224,29.153454
718,moon__p3__s2,taboo,2,1,1,0.65173054,2.3244855,4.8642774,118.99168,0.82586193,-0.67264974,29.401798
719,moon__p3__s2,taboo,3,1,1,1.0506513,3.1138787,4.61299,84.84165,0.8079771,-0.6937343,27.116207
720,moon__p3__s2,taboo,4,1,1,0.89558804,2.5851378,4.83838,117.11956,0.7804274,-0.67913496,28.386616
721,moon__p3__s2,taboo,5,1,1,0.0012141245,0.012919954,0.12715106,103.63415,0.77568626,-0.6866121,29.077803
722,moon__p3__s2,taboo,6,1,1,2.678421,3.873922,5.0758915,127.75716,0.75149554,-0.6885652,26.052864
723,moon__p3__s2,taboo,7,1,1,1.9666946,1.1385691,1.5364192,126.316376,0.7013437,-0.63331383,31.77931
724,moon__p3__s2,taboo,8,1,1,2.0771298,3.8450253,4.987155,91.09012,0.6970254,-0.6145078,32.61776
725,moon__p3__s2,taboo,9,1,1,1.980931,3.2873912,3.7492013,129.52626,0.7143581,-0.6597619,28.448927
726,moon__p3__s2,taboo,10,1,1,0.9491943,2.1902642,3.9323175,81.30461,0.706648,-0.65411115,29.585545
727,moon__p3__s2,taboo,11,1,1,1.599285,3.1467452,3.3788383,141.13556,0.6924546,-0.6477208,29.410225
728,moon__p3__s2,taboo,12,1,1,0.05443986,0.37977034,2.0394049,95.103676,0.6723213,-0.6232812,31.791138
729,moon__p3__s2,taboo,13,1,1,0.007157281,0.06173273,0.45091277,106.665245,0.6701273,-0.61852527,34.275883
730,moon__p3__s2,taboo,14,1,1,3.212708,2.1541348,2.1720872,112.82892,0.6786422,-0.6130417,32.76196
731,moon__p3__s2,taboo,15,1,1,0.9574858,2.2797506,3.3669374,120.023506,0.66255146,-0.6270951,30.62327
732,moon__p3__s2,taboo,16,1,1,1.9139135,1.6119722,2.2606812,116.7349,0.6663471,-0.63155526,31.672354
733,moon__p3__s2,taboo,17,1,1,1.2942257,2.4214256,3.545314,100.56813,0.6949451,-0.6601732,29.641676
734,moon__p3__s2,taboo,18,1,1,0.06378436,0.28174224,0.9219327,114.49153,0.6700484,-0.6235791,32.238728
735,moon__p3__s2,taboo,19,1,1,0.16223805,0.56547624,1.292937,110.734344,0.7041404,-0.59311473,36.312862
736,moon__p3__s3,taboo,0,1,1,0.9582381,2.8637445,4.861596,136.23764,0.92006415,-0.67006546,28.348158
737,moon__p3__s3,taboo,1,1,1,0.15878202,0.733831,2.726249,109.055954,0.8598766,-0.6759882,29.138283
738,moon__p3__s3,taboo,2,1,1,2.3548179,2.2381074,4.9352226,115.81977,0.8233386,-0.6899413,27.632473
739,moon__p3__s3,taboo,3,1,1,1.1640425,1.998437,4.9485683,125.89477,0.80024993,-0.70426613,25.638838
740,moon__p3__s3,taboo,4,1,1,0.9023713,2.7201142,5.3380804,66.31127,0.7633707,-0.6885676,26.22954
741,moon__p3__s3,taboo,5,1,1,1.6415985,2.8988285,3.9296408,121.24588,0.7467529,-0.6795524,26.769314
742,moon__p3__s3,taboo,6,1,1,0.71086943,1.1021341,0.76751935,119.74047,0.7103334,-0.63736254,31.179146
743,moon__p3__s3,taboo,7,1,1,0.23864764,1.3805479,5.8764796,123.73739,0.7087713,-0.6472874,30.039047
744,moon__p3__s3,taboo,8,1,1,0.805547,1.5104871,1.9176213,89.73315,0.70859873,-0.6199022,32.920353
745,moon__p3__s3,taboo,9,1,1,1.5919061,1.4810691,3.710924,79.83231,0.7021021,-0.64421874,28.5156
746,moon__p3__s3,taboo,10,1,1,2.154255,3.0569506,3.5213428,110.452835,0.6993604,-0.64378065,29.746183
747,moon__p3__s3,taboo,11,1,1,0.22764334,0.5249567,0.49915135,103.57288,0.70292103,-0.64950114,30.66191
748,moon__p3__s3,taboo,12,1,1,3.2444751,2.772017,6.1953144,121.48543,0.692072,-0.64765966,29.312109
749,moon__p3__s3,taboo,13,1,1,0.4038455,0.7456863,0.78582215,118.774185,0.663864,-0.6192729,32.513
750,moon__p3__s3,taboo,14,1,1,2.2175741,2.638928,4.9709673,123.84192,0.6778932,-0.6295166,31.001995
751,moon__p3__s3,taboo,15,1,1,0.13641702,0.61879545,2.043122,124.2405,0.70518976,-0.5892371,35.86422
752,moon__p3__s4,taboo,0,1,1,0.9440952,2.8487663,4.914647,136.2192,0.920015,-0.6702471,28.347992
753,moon__p3__s4,taboo,1,1,1,0.16846925,0.75415134,2.7170892,108.96376,0.86021054,-0.6763381,29.144838
754,moon__p3__s4,taboo,2,1,1,0.60306686,2.2282891,4.9050126,119.2898,0.8258653,-0.6724789,29.432453
755,moon__p3__s4,taboo,3,1,1,1.0654173,3.1161554,4.603588,84.744415,0.80824435,-0.6939178,27.103931
756,moon__p3__s4,taboo,4,1,1,0.88647246,2.563302,4.8474436,116.95869,0.7803781,-0.67903167,28.40392
757,moon__p3__s4,taboo,5,1,1,0.0012268644,0.013066908,0.12864518,103.705956,0.7756336,-0.6866134,29.070665
758,moon__p3__s4,taboo,6,1,1,4.508565,3.8555036,5.118325,133.80035,0.75437975,-0.6919598,25.688757
759,moon__p3__s4,taboo,7,1,1,0.71477413,1.7619336,3.5881205,120.411476,0.69617134,-0.63586104,30.186872
760,moon__p3__s4,taboo,8,1,1,1.1287656,2.8416138,6.227221,120.61502,0.7194832,-0.67104363,27.22843
761,moon__p3__s4,taboo,9,1,1,0.0010988633,0.01293916,0.13603106,123.87008,0.6894617,-0.6359888,30.410116
762,moon__p3__s4,taboo,10,1,1,0.43250203,1.2668939,2.3326848,95.6,0.6909794,-0.6131756,33.869663
763,moon__p3__s4,taboo,11,1,1,0.23711412,1.223335,4.6850767,90.669334,0.68714213,-0.61073166,33.239594
764,moon__p3__s4,taboo,12,1,1,1.198738,2.7741804,4.02158,105.77253,0.7016005,-0.6417189,31.747639
765,moon__p3__s4,taboo,13,1,1,1.636472,2.777037,3.5369716,122.929214,0.75079226,-0.68837667,31.454218
766,moon__p3__s4,taboo,14,1,1,0.00007867504,0.0010255441,0.012467585,129.62804,0.68843883,-0.6275369,32.17328
767,moon__p3__s4,taboo,15,1,1,1.2894787,3.0797727,3.8416495,94.56965,0.7008355,-0.6502277,30.512213
768,moon__p3__s4,taboo,16,1,1,1.3951952,3.0916028,4.3514895,135.3912,0.6985575,-0.65167433,30.944946
769,moon__p3__s4,taboo,17,1,1,1.1726066,2.5715215,3.9817436,125.62647,0.69641453,-0.651636,30.95236
770,moon__p3__s4,taboo,18,1,1,0.00030965777,0.0034580827,0.03423325,97.79244,0.6811773,-0.6447992,32.859947
771,moon__p3__s4,taboo,19,1,1,0.5382664,1.8968159,4.346974,112.72678,0.6753481,-0.6381769,30.89181
772,moon__p3__s4,taboo,20,1,1,0.16043502,0.65569437,1.6569957,106.654076,0.6633811,-0.6283758,32.956375
773,moon__p3__s4,taboo,21,1,1,2.5767107,1.9393312,4.0497704,119.06782,0.671853,-0.6256293,31.453796
774,moon__p3__s4,taboo,22,1,1,0.090930305,0.471798,1.7333852,111.93664,0.6988306,-0.5840024,36.81833
775,moon__p3__s5,taboo,0,1,1,0.952636,2.862792,4.8940525,136.06961,0.92006433,-0.6700941,28.368269
776,moon__p3__s5,taboo,1,1,1,0.15820955,0.7288119,2.6908565,108.46012,0.8600545,-0.67606574,29.174086
777,moon__p3__s5,taboo,2,1,1,0.64352465,2.2982547,4.8508015,119.23374,0.82587737,-0.67263067,29.41835
778,moon__p3__s5,taboo,3,1,1,1.0926611,3.1426654,4.5286326,85.31223,0.8079745,-0.6937736,27.112473
779,moon__p3__s5,taboo,4,1,1,0.8859156,2.5611033,4.841094,117.35208,0.7801951,-0.67904514,28.40347
780,moon__p3__s5,taboo,5,1,1,0.0011362532,0.012389395,0.12496571,103.70119,0.7753914,-0.68633467,29.091688
781,moon__p3__s5,taboo,6,1,1,1.9213939,3.8609107,5.0831833,122.126305,0.7478139,-0.679514,26.651379
782,moon__p3__s5,taboo,7,1,1,0.59727633,0.82550657,0.750642,116.533134,0.6996567,-0.6357839,30.758583
783,moon__p3__s5,taboo,8,1,1,2.1435683,4.0070124,4.9545765,128.95287,0.7018581,-0.6315821,31.098106
784,moon__p3__s5,taboo,9,1,1,1.7805929,3.4180398,3.4330227,129.26584,0.7212372,-0.65781736,30.094034
785,moon__p3__s5,taboo,10,1,1,1.6954014,3.19766,3.531872,106.96962,0.71665597,-0.6639563,29.372463
786,moon__p3__s5,taboo,11,1,1,0.2602258,1.1885543,3.8629923,107.535904,0.7035808,-0.6541503,30.080574
787,moon__p3__s5,taboo,12,1,1,0.9942449,0.75793684,0.38899186,116.82445,0.69316715,-0.6495092,31.157679
788,moon__p3__s5,taboo,13,1,1,0.7867467,2.2634163,3.5658998,120.23278,0.69521385,-0.6436489,29.410213
789,moon__p3__s5,taboo,14,1,1,0.92378736,1.0707407,1.1432016,114.23347,0.66246384,-0.6194291,32.947372
790,moon__p3__s5,taboo,15,1,1,2.6702647,2.0029254,3.0593183,106.448364,0.67416435,-0.63856095,30.625841
791,moon__p3__s5,taboo,16,1,1,0.008585093,0.06757588,0.42792922,122.19039,0.6723399,-0.61354995,33.531452
792,moon__p3__s5,taboo,17,1,1,0.031235557,0.21355858,1.1251407,109.239456,0.7044137,-0.58958,36.073097
793,moon__p3__s6,taboo,0,1,1,0.9440952,2.8487663,4.9146476,136.2192,0.920015,-0.6702471,28.347992
794,moon__p3__s6,taboo,1,1,1,0.16846925,0.7541513,2.7170892,108.96376,0.86021054,-0.6763381,29.144838
795,moon__p3__s6,taboo,2,1,1,0.60306686,2.2282891,4.905012,119.2898,0.8258653,-0.6724789,29.432453
796,moon__p3__s6,taboo,3,1,1,2.6904173,3.1161554,4.603588,116.86919,0.80529684,-0.69782805,26.352224
797,moon__p3__s6,taboo,4,1,1,0.0619591,0.32675037,1.3825696,107.64365,0.776358,-0.68857205,28.018913
798,moon__p3__s6,taboo,5,1,1,1.7188821,3.4120417,4.66819,114.714165,0.75006264,-0.67362446,28.753454
799,moon__p3__s6,taboo,6,1,1,3.3161497,3.94984,5.5292935,75.95704,0.7493256,-0.6819591,27.499166
800,moon__p3__s6,taboo,7,1,1,0.8924665,3.4747343,7.8715477,124.50448,0.7493396,-0.68281615,29.335766
801,moon__p3__s6,taboo,8,1,1,3.4590473,4.6777453,5.749708,142.70456,0.7403401,-0.67234117,28.001661
802,moon__p3__s6,taboo,9,1,1,0.06690851,0.41734183,1.9634972,99.624146,0.68426687,-0.6278614,32.8675
803,moon__p3__s6,taboo,10,1,1,0.08036346,0.42958933,1.7937114,96.606964,0.7015325,-0.6433214,32.314236
804,moon__p3__s6,taboo,11,1,1,0.02962914,0.2873704,2.3766227,131.03427,0.7046219,-0.64787054,30.63052
805,moon__p3__s6,taboo,12,1,1,1.3022187,1.7682652,1.9865437,106.84902,0.6865676,-0.6137624,32.405743
806,moon__p3__s6,taboo,13,1,1,0.7319941,2.2618623,4.442248,132.891,0.70615536,-0.6388954,30.069225
807,moon__p3__s6,taboo,14,1,1,0.06468452,0.4060368,2.0472991,78.37294,0.69408303,-0.64621145,30.160551
808,moon__p3__s6,taboo,15,1,1,1.9967222,3.6208005,2.6616335,127.11272,0.6811587,-0.6336648,31.366014
809,moon__p3__s6,taboo,16,1,1,0.05385626,0.35750395,1.886781,102.72478,0.66865,-0.6232955,33.59592
810,moon__p3__s6,taboo,17,1,1,0.6404825,2.3124175,5.0963054,121.502235,0.67617893,-0.63676995,31.917728
811,moon__p3__s6,taboo,18,1,1,0.028640326,0.24345452,1.7515401,96.444374,0.71320355,-0.65945804,32.620216
812,moon__p3__s6,taboo,19,1,1,0.15125878,0.47057575,1.0479423,112.38167,0.6610482,-0.62186813,32.671528
813,moon__p3__s6,taboo,20,1,1,2.1332154,1.3801064,1.5295337,127.33118,0.6411032,-0.6085288,33.834427
814,moon__p3__s6,taboo,21,1,1,2.5672588,3.6159363,4.0805874,117.72106,0.6594205,-0.6278288,32.741318
815,moon__p3__s6,taboo,22,1,1,1.28706,0.95222497,1.6032764,100.977104,0.66195923,-0.63249195,32.36352
816,moon__p3__s6,taboo,23,1,0,0.49971217,1.8535929,5.1325564,119.079475,0.6630448,-0.63442075,32.556274
817,moon__p3__s6,taboo,24,1,1,1.1133001,2.0389585,4.2495966,94.42802,0.6831992,-0.64971477,31.795784
818,moon__p3__s6,taboo,25,1,1,0.4193935,2.0883124,7.1006155,129.82056,0.6510529,-0.61685723,34.20976
819,moon__p3__s6,taboo,26,1,1,0.94568074,1.9261198,2.5375307,122.3565,0.649359,-0.6215178,33.76999
820,moon__p3__s6,taboo,27,1,1,2.671865,3.4892783,4.158565,116.71625,0.6642896,-0.6330354,31.515514
821,moon__p3__s6,taboo,28,1,1,3.2577481,2.9340549,4.603283,92.09847,0.67439467,-0.64131945,31.988287
822,moon__p3__s6,taboo,29,1,0,1.3382573,3.7907047,6.038274,118.24101,0.66617423,-0.6255537,32.041775
823,moon__p3__s7,taboo,0,1,0,2.1863875,2.8368163,4.937128,124.37184,0.91790795,-0.68560296,27.746737
824,moon__p3__s7,taboo,1,1,1,0.093049936,0.39477715,1.114402,118.9292,0.8633225,-0.64202243,30.694605
825,moon__p3__s7,taboo,2,1,0,2.3422232,1.7358125,4.1542616,128.40712,0.84822345,-0.64076674,30.06211
826,moon__p3__s7,taboo,3,1,1,0.04471657,0.261945,1.3288832,129.78844,0.8218867,-0.6545737,31.168274
827,moon__p3__s7,taboo,4,1,1,0.36363542,1.6744697,5.304281,119.716675,0.7934066,-0.6504947,31.281406
828,moon__p3__s7,taboo,5,1,1,3.469728,3.306334,3.5473852,121.90825,0.79917306,-0.70253,26.677353
829,moon__p3__s7,taboo,6,1,1,0.0014469879,0.015518588,0.1460201,103.010704,0.76969737,-0.69604385,27.50315
830,moon__p3__s7,taboo,7,1,1,2.2048883,3.8923736,4.796674,70.277054,0.75121456,-0.68809366,27.462542
831,moon__p3__s7,taboo,8,1,1,2.0799642,3.7452204,4.812091,78.74426,0.74531615,-0.6819437,29.14075
832,moon__p3__s7,taboo,9,1,1,4.467773,4.4096785,4.7229776,123.95736,0.7254282,-0.67285305,27.972832
833,moon__p3__s7,taboo,10,1,1,1.2742169,2.3395848,2.597608,92.330246,0.692178,-0.6454233,30.80835
834,moon__p3__s7,taboo,11,1,1,3.203114,3.9740734,6.0827003,114.39412,0.71787816,-0.6782786,26.770481
835,moon__p3__s7,taboo,12,1,1,4.6688137,3.6801443,3.9333367,66.15518,0.68602014,-0.6454008,30.086615
836,moon__p3__s7,taboo,13,1,1,1.5728558,3.3907557,4.503005,124.98784,0.66793466,-0.6336067,31.12361
837,moon__p3__s7,taboo,14,1,0,0.78522396,1.5015098,1.4767554,111.34067,0.67557466,-0.64855176,31.13638
838,moon__p3__s7,taboo,15,1,1,1.6577164,3.4533567,4.207283,121.52228,0.67597115,-0.6443797,30.257154
839,moon__p3__s7,taboo,16,1,1,0.74520737,1.6047568,3.859867,104.98764,0.6662412,-0.6306307,31.35875
840,moon__p3__s7,taboo,17,1,1,1.5925381,2.2584872,1.89467,120.71617,0.6664452,-0.6324646,32.237873
841,moon__p3__s7,taboo,18,1,1,1.6869944,3.1526885,4.4898996,100.44972,0.6891995,-0.65138775,32.33954
842,moon__p3__s7,taboo,19,1,1,0.62422836,2.0418522,4.902623,112.832085,0.6567094,-0.61565435,32.0059
843,moon__p3__s7,taboo,20,1,1,0.102419004,0.4983548,1.8841,118.34868,0.6929958,-0.5939669,35.808228
844,ship__p0__s0,taboo,0,1,0,0.36054084,1.7127717,7.4451385,136.0731,0.9310991,-0.65807325,28.420256
845,ship__p0__s0,taboo,1,1,1,1.2070615,2.1081214,2.210105,115.63478,0.9057889,-0.6554926,33.112495
846,ship__p0__s0,taboo,2,1,0,0.013819371,0.09408406,0.5133053,111.29474,0.8582968,-0.6553516,29.105452
847,ship__p0__s0,taboo,3,1,0,0.07649904,0.48011133,2.4371686,114.17063,0.8444344,-0.670614,28.539104
848,ship__p0__s0,taboo,4,1,0,0.017287523,0.1261482,0.7277677,77.328575,0.8068848,-0.62229466,32.3737
849,ship__p0__s0,taboo,5,1,0,0.08311637,0.30973604,0.79579544,66.869896,0.7871482,-0.63387036,31.198593
850,ship__p0__s0,taboo,6,1,0,0.047225438,0.305525,1.5672972,113.47551,0.7851437,-0.63863224,32.06605
851,ship__p0__s0,taboo,7,1,0,0.1151402,0.49209327,1.4615965,95.0397,0.7724915,-0.6463475,30.748106
852,ship__p0__s0,taboo,8,1,0,0.029675778,0.14705761,0.50080144,114.58724,0.83615035,-0.6582721,34.00744
853,ship__p0__s0,taboo,9,1,0,0.000046967358,0.00066167524,0.00847126,126.8351,0.75772834,-0.6274624,32.81749
854,ship__p0__s0,taboo,10,1,0,0.18143299,0.74985456,2.1689644,117.72672,0.7528565,-0.61005616,33.439278
855,ship__p0__s0,taboo,11,1,0,0.46322942,0.85014236,1.0366594,84.80159,0.7412927,-0.5960015,34.50322
856,ship__p0__s0,taboo,12,1,0,0.025068754,0.19342037,1.2608454,79.87497,0.7356521,-0.58266914,36.16559
857,ship__p0__s0,taboo,13,1,0,0.004848865,0.047937736,0.41234368,96.28362,0.7111227,-0.58259,37.22655
858,ship__p0__s0,taboo,14,1,0,0.34508452,1.2297568,2.3829727,62.253716,0.6901501,-0.5958734,34.453186
859,ship__p0__s0,taboo,15,1,0,0.67971456,1.4443772,1.541731,121.432945,0.69727755,-0.58369935,36.42559
860,ship__p0__s0,taboo,16,1,0,0.21729994,1.0394852,3.3375502,106.30404,0.7100097,-0.61852014,31.43777
861,ship__p0__s0,taboo,17,1,0,0.0011918591,0.011589967,0.09671673,69.9835,0.732433,-0.6128701,34.818092
862,ship__p0__s0,taboo,18,1,0,0.21294472,0.76482475,2.1354194,119.6051,0.70738554,-0.62302196,33.133133
863,ship__p0__s0,taboo,19,1,0,0.7188888,0.84622794,0.7386314,111.83888,0.7788668,-0.6558363,34.89272
864,ship__p0__s0,taboo,20,1,0,0.39257076,0.6633999,0.29740083,111.70921,0.7106438,-0.6412227,31.376839
865,ship__p0__s0,taboo,21,1,0,0.14491773,0.41151452,0.5457523,88.54925,0.70646954,-0.6490024,31.133114
866,ship__p0__s0,taboo,22,1,0,0.020882856,0.113137975,0.44575104,97.05309,0.68429816,-0.62712836,33.044918
867,ship__p0__s0,taboo,23,1,0,0.00012885693,0.0017871924,0.022368435,98.89639,0.6970047,-0.6213087,33.14672
868,ship__p0__s0,taboo,24,1,0,0.6046565,1.4786055,1.6591333,118.25629,0.68849033,-0.6169956,34.243904
869,ship__p0__s0,taboo,25,1,0,0.00064197433,0.006717436,0.061401796,71.967186,0.6916365,-0.614296,34.223354
870,ship__p0__s0,taboo,26,1,0,0.004455876,0.03923612,0.28328592,93.72048,0.7026195,-0.6163372,34.462914
871,ship__p0__s0,taboo,27,1,0,0.537377,1.0544662,1.4317918,121.089485,0.6798694,-0.6063147,34.431236
872,ship__p0__s0,taboo,28,1,0,0.724474,1.3927993,1.053081,114.132095,0.66049206,-0.6023808,35.25317
873,ship__p0__s0,taboo,29,1,0,0.0051416075,0.04404182,0.30946025,85.241165,0.6560181,-0.6050966,34.53428
874,ship__p0__s1,taboo,0,1,0,0.40316284,1.851532,7.7641563,136.01782,0.9309758,-0.6581975,28.4398
875,ship__p0__s1,taboo,1,1,1,1.2009076,2.08995,2.1925292,115.59057,0.9059474,-0.6560753,33.08141
876,ship__p0__s1,taboo,2,1,0,0.013116507,0.089970574,0.4976756,111.16706,0.85799867,-0.65505904,29.136524
877,ship__p0__s1,taboo,3,1,0,0.072097346,0.45691448,2.3505688,114.147644,0.8441295,-0.67030466,28.55958
878,ship__p0__s1,taboo,4,1,0,0.015675891,0.116022974,0.6801091,77.325806,0.8069669,-0.62224644,32.39057
879,ship__p0__s1,taboo,5,1,0,0.073687404,0.28435376,0.7610798,66.90216,0.7874411,-0.63410884,31.178123
880,ship__p0__s1,taboo,6,1,0,0.04330407,0.28439343,1.4843519,113.39223,0.7852487,-0.6389468,32.04097
881,ship__p0__s1,taboo,7,1,0,0.11184567,0.48085254,1.44597,95.47754,0.7725553,-0.64649093,30.742998
882,ship__p0__s1,taboo,8,1,0,0.02641075,0.13458866,0.47615418,114.86297,0.83594847,-0.6590112,33.965786
883,ship__p0__s1,taboo,9,1,0,0.000043510445,0.00061783136,0.008021569,126.49287,0.7576599,-0.6273709,32.839016
884,ship__p0__s1,taboo,10,1,0,0.18610846,0.77278304,2.2499812,117.39283,0.7530755,-0.6102688,33.42645
885,ship__p0__s1,taboo,11,1,0,1.0877411,0.84706354,1.0231388,81.704094,0.773041,-0.6024965,34.921978
886,ship__p0__s1,taboo,12,1,0,0.10900194,0.51559806,1.8685604,76.02709,0.7563262,-0.5866707,36.41625
887,ship__p0__s1,taboo,13,1,0,0.002188194,0.024118451,0.2327415,97.70644,0.72170156,-0.58383393,37.619453
888,ship__p0__s1,taboo,14,1,0,0.32029366,1.2265829,2.7330399,63.925766,0.69256794,-0.5962153,34.544907
889,ship__p0__s1,taboo,15,1,0,0.5233981,1.3100127,1.8169184,121.75964,0.70012504,-0.58245397,36.634296
890,ship__p0__s1,taboo,16,1,0,0.21970825,1.0401661,3.312747,107.01782,0.7133199,-0.61867785,31.584377
891,ship__p0__s1,taboo,17,1,0,0.0010302718,0.010175549,0.08667553,70.279015,0.73496693,-0.61146605,34.930317
892,ship__p0__s1,taboo,18,1,0,0.21485198,0.77531725,2.176024,119.794655,0.71145797,-0.6242741,33.30361
893,ship__p0__s1,taboo,19,1,0,0.54532397,0.8191922,0.7889114,102.72103,0.69562256,-0.617453,33.62043
894,ship__p0__s1,taboo,20,1,0,0.5194594,1.5160873,2.4038277,118.513374,0.69860053,-0.615896,34.026333
895,ship__p0__s1,taboo,21,1,0,0.0008569859,0.008838015,0.07994066,69.652176,0.70204407,-0.6150712,34.41316
896,ship__p0__s1,taboo,22,1,0,0.008061136,0.066747874,0.4509376,93.5446,0.71694607,-0.6178541,34.735584
897,ship__p0__s1,taboo,23,1,0,0.6353358,1.1384885,1.730971,120.5093,0.6921387,-0.61067414,34.111732
898,ship__p0__s1,taboo,24,1,0,0.7474894,1.5709012,1.2424828,114.66701,0.6735111,-0.60776436,34.444458
899,ship__p0__s1,taboo,25,1,0,0.006133661,0.05096324,0.34792942,84.513275,0.6626579,-0.6064908,34.257217
900,ship__p0__s1,taboo,26,1,0,0.003208016,0.029358173,0.22520359,77.58759,0.68101996,-0.6045952,35.87146
901,ship__p0__s1,taboo,27,1,0,0.023197226,0.15251505,0.79867446,108.88324,0.67275727,-0.5980255,35.621754
902,ship__p0__s1,taboo,28,1,0,1.7948935,1.1935816,1.0437307,117.0053,0.6625512,-0.57685393,36.84695
903,ship__p0__s1,taboo,29,1,0,0.3697359,1.4442725,3.5467875,120.28309,0.6918556,-0.6325557,31.137335
904,ship__p0__s2,taboo,0,1,0,0.3616523,1.7201748,7.475048,136.28201,0.930992,-0.6579325,28.432999
905,ship__p0__s2,taboo,1,1,0,1.4973465,2.0765796,2.2372537,107.04165,0.8713574,-0.66604596,27.793427
906,ship__p0__s2,taboo,2,1,0,0.4182988,0.83476084,1.2192407,115.087135,0.8836116,-0.6568748,33.049038
907,ship__p0__s2,taboo,3,1,0,0.000117533455,0.0016779542,0.021683782,117.832146,0.8345943,-0.6465377,30.299559
908,ship__p0__s2,taboo,4,1,0,0.2493372,1.000601,2.7840505,117.058685,0.79878527,-0.6239759,31.56559
909,ship__p0__s2,taboo,5,1,0,1.359107,0.85425943,1.4479384,79.35365,0.80311924,-0.6099558,33.503853
910,ship__p0__s2,taboo,6,1,0,0.19406953,0.70868844,1.993561,75.9464,0.77475214,-0.5885542,35.608685
911,ship__p0__s2,taboo,7,1,0,0.0067952736,0.06142044,0.47803822,88.33855,0.74382865,-0.5884604,36.532127
912,ship__p0__s2,taboo,8,1,0,0.21573359,0.90055454,2.588762,63.765396,0.72234625,-0.6075383,33.135254
913,ship__p0__s2,taboo,9,1,0,0.41146585,1.2417134,2.1014168,83.07064,0.73251855,-0.5984827,35.34442
914,ship__p0__s2,taboo,10,1,0,0.22394688,0.71031135,1.396914,101.04459,0.7413178,-0.6121267,32.290733
915,ship__p0__s2,taboo,11,1,0,2.5235844,1.177722,3.5564575,87.097275,0.7474015,-0.64065397,29.882051
916,ship__p0__s2,taboo,12,1,0,0.01663528,0.11725832,0.6688983,116.9915,0.74787873,-0.6403162,31.451971
917,ship__p0__s2,taboo,13,1,1,0.28566843,1.2078216,3.5920317,124.317215,0.8017857,-0.6544853,34.08502
918,ship__p0__s2,taboo,14,1,0,0.0803507,0.28097332,0.53176254,109.584564,0.7399436,-0.64600354,32.0958
919,ship__p0__s2,taboo,15,1,0,0.0029279003,0.026729098,0.20619148,109.48461,0.7063371,-0.6302964,31.66536
920,ship__p0__s2,taboo,16,1,0,0.93495846,1.1159055,0.6491753,112.803444,0.7150192,-0.62708193,32.938343
921,ship__p0__s2,taboo,17,1,0,0.8249082,1.511909,2.0079715,134.13722,0.7137726,-0.6275743,33.142117
922,ship__p0__s2,taboo,18,1,0,1.3387957,1.1125159,1.8252668,100.35805,0.7263811,-0.6245308,33.942806
923,ship__p0__s2,taboo,19,1,0,0.6432297,1.3168755,1.825768,114.38212,0.71238655,-0.62094617,34.752735
924,ship__p0__s2,taboo,20,1,0,0.37818208,0.98437357,1.432313,117.4244,0.7012975,-0.6202398,34.88775
925,ship__p0__s2,taboo,21,1,0,0.0066125626,0.058008045,0.44113186,138.74681,0.6782564,-0.6073167,35.08598
926,ship__p0__s2,taboo,22,1,0,0.0013397299,0.016040178,0.17239197,103.704834,0.6617488,-0.59410316,37.161644
927,ship__p0__s2,taboo,23,1,0,0.2267125,0.8427856,2.4361167,107.97685,0.66266865,-0.59299594,35.857296
928,ship__p0__s2,taboo,24,1,0,0.165917,0.7458374,2.3639345,105.06091,0.6833145,-0.61166424,34.089085
929,ship__p0__s2,taboo,25,1,0,0.6523839,0.8053552,0.52384126,91.357086,0.6692583,-0.6095571,34.32865
930,ship__p0__s2,taboo,26,1,0,0.19235364,0.8458936,2.5602307,110.17825,0.6722918,-0.60781604,34.83687
931,ship__p0__s2,taboo,27,1,0,0.0010788579,0.011452191,0.105812,68.91536,0.6810182,-0.61219317,35.304012
932,ship__p0__s2,taboo,28,1,0,0.016733523,0.12308187,0.7131412,87.26278,0.6951455,-0.61585563,34.76059
933,ship__p0__s2,taboo,29,1,0,1.1726366,1.0911379,1.7109641,65.24109,0.6651008,-0.6066683,33.653057
934,ship__p0__s3,taboo,0,1,0,0.39955994,1.8253527,7.644977,135.84616,0.9310819,-0.6579967,28.440586
935,ship__p0__s3,taboo,1,1,1,1.207329,2.1094487,2.2143304,115.85541,0.9058117,-0.65536,33.14099
936,ship__p0__s3,taboo,2,1,0,0.013344616,0.090783656,0.4932083,111.623276,0.8582482,-0.6554055,29.129011
937,ship__p0__s3,taboo,3,1,0,0.07649738,0.47991294,2.434152,114.07699,0.8442337,-0.6706572,28.530922
938,ship__p0__s3,taboo,4,1,0,0.01670996,0.1226899,0.7143253,76.91949,0.80676043,-0.62243104,32.368446
939,ship__p0__s3,taboo,5,1,0,0.08306963,0.3093166,0.79279524,66.8218,0.78697455,-0.63366944,31.210442
940,ship__p0__s3,taboo,6,1,0,0.045130633,0.2941343,1.5251217,113.186615,0.7851024,-0.6387641,32.040123
941,ship__p0__s3,taboo,7,1,0,0.11074671,0.47494578,1.4259369,95.23148,0.772548,-0.6464809,30.756308
942,ship__p0__s3,taboo,8,1,0,0.029472893,0.14568938,0.49428514,114.84922,0.83606076,-0.6588712,33.98524
943,ship__p0__s3,taboo,9,1,0,0.00003921909,0.00056463334,0.0074039144,126.76045,0.7576464,-0.62766707,32.82185
944,ship__p0__s3,taboo,10,1,0,0.18528225,0.76797616,2.231058,117.5251,0.7532319,-0.610408,33.43475
945,ship__p0__s3,taboo,11,1,0,0.46494353,0.85509336,1.0364873,84.47581,0.74144894,-0.59617406,34.50663
946,ship__p0__s3,taboo,12,1,0,0.023337571,0.18221448,1.2041218,79.51524,0.73580885,-0.58296,36.168056
947,ship__p0__s3,taboo,13,1,0,0.004562207,0.04545877,0.3949994,96.306175,0.7112971,-0.5826883,37.226444
948,ship__p0__s3,taboo,14,1,0,0.34487098,1.2282443,2.3756516,62.150146,0.6903144,-0.59591115,34.46545
949,ship__p0__s3,taboo,15,1,0,0.67836183,1.4396687,1.5353919,121.30023,0.6975338,-0.5838223,36.456497
950,ship__p0__s3,taboo,16,1,0,0.20178391,0.9776234,3.2146645,106.16695,0.7100607,-0.6185341,31.451763
951,ship__p0__s3,taboo,17,1,0,0.0011916211,0.011587009,0.096692026,70.17229,0.732648,-0.6130718,34.821392
952,ship__p0__s3,taboo,18,1,0,0.1915989,0.7177928,2.0841887,119.8795,0.70754033,-0.6232241,33.132626
953,ship__p0__s3,taboo,19,1,0,0.7167387,0.8380927,0.7258262,112.00203,0.7783253,-0.6552115,34.98993
954,ship__p0__s3,taboo,20,1,0,1.1425756,0.6634334,0.29747403,110.09098,0.68232614,-0.61866766,33.6969
955,ship__p0__s3,taboo,21,1,0,0.022142915,0.14904635,0.78467983,106.61469,0.6836636,-0.6264355,32.49002
956,ship__p0__s3,taboo,22,1,0,0.00009917721,0.0014352786,0.018700665,101.920166,0.69496757,-0.6204065,33.19719
957,ship__p0__s3,taboo,23,1,0,1.0093733,1.734811,1.2792377,118.08998,0.68838227,-0.6165066,34.063354
958,ship__p0__s3,taboo,24,1,0,0.0018857807,0.01713099,0.13324904,66.58369,0.68933827,-0.61100405,34.411205
959,ship__p0__s3,taboo,25,1,0,0.012041496,0.09129779,0.55422497,91.324486,0.70284224,-0.6134938,34.667675
960,ship__p0__s3,taboo,26,1,0,1.0128804,1.107724,1.4820708,70.53733,0.6726716,-0.6071491,33.193478
961,ship__p0__s3,taboo,27,1,0,0.16081917,0.526534,1.3000404,106.60254,0.6706572,-0.5968595,35.016556
962,ship__p0__s3,taboo,28,1,0,0.92179483,1.6142823,1.0417982,118.577065,0.6577196,-0.6000412,35.291996
963,ship__p0__s3,taboo,29,1,0,1.6720059,2.0218456,1.5348101,115.90651,0.6754904,-0.6040462,34.572132
964,ship__p0__s4,taboo,0,1,0,0.3616523,1.7201748,7.475048,136.28201,0.930992,-0.6579325,28.432999
965,ship__p0__s4,taboo,1,1,0,1.1223465,2.0765796,2.2372537,115.99342,0.90586376,-0.6559753,33.082336
966,ship__p0__s4,taboo,2,1,0,0.013362142,0.0909943,0.49548084,111.518906,0.8580747,-0.65533334,29.119478
967,ship__p0__s4,taboo,3,1,0,0.075522915,0.47514963,2.4225197,114.395134,0.84450924,-0.6708079,28.552866
968,ship__p0__s4,taboo,4,1,0,0.01754174,0.12793598,0.737431,77.43663,0.806792,-0.6223458,32.37513
969,ship__p0__s4,taboo,5,1,0,0.083098926,0.30959967,0.7950468,67.05265,0.78728616,-0.63414276,31.189203
970,ship__p0__s4,taboo,6,1,0,0.04140086,0.27342886,1.4395186,112.971405,0.7851902,-0.6387519,32.06203
971,ship__p0__s4,taboo,7,1,0,0.11508251,0.491588,1.4580239,95.21996,0.7725295,-0.6466007,30.740896
972,ship__p0__s4,taboo,8,1,0,0.026409822,0.13457772,0.47605482,114.97374,0.8358786,-0.65819967,34.02407
973,ship__p0__s4,taboo,9,1,0,0.00004708656,0.00066186313,0.008470748,126.4234,0.75758165,-0.6274579,32.82548
974,ship__p0__s4,taboo,10,1,0,0.20321107,0.8119893,2.263558,117.070435,0.7530448,-0.6103542,33.432384
975,ship__p0__s4,taboo,11,1,0,0.46306437,0.8491475,1.0322583,84.559074,0.7412166,-0.596143,34.512665
976,ship__p0__s4,taboo,12,1,0,0.021839712,0.17164207,1.1437447,79.67702,0.73576075,-0.58295584,36.17803
977,ship__p0__s4,taboo,13,1,0,0.0046107406,0.0456929,0.3947405,95.65345,0.7111186,-0.5824872,37.24714
978,ship__p0__s4,taboo,14,1,0,0.34566775,1.2320125,2.385686,62.369232,0.6903258,-0.59616286,34.431095
979,ship__p0__s4,taboo,15,1,0,0.66974807,1.4180267,1.5190446,121.695656,0.69732404,-0.5836976,36.442272
980,ship__p0__s4,taboo,16,1,0,0.19460389,0.9624956,3.2476587,106.163956,0.7100815,-0.6186491,31.445436
981,ship__p0__s4,taboo,17,1,0,0.0011813812,0.011486966,0.0959163,70.071106,0.732724,-0.612875,34.83726
982,ship__p0__s4,taboo,18,1,0,0.19530419,0.73639387,2.1410918,120.15603,0.7074965,-0.62311506,33.133213
983,ship__p0__s4,taboo,19,1,0,0.7190173,0.8472171,0.7443063,111.8084,0.7788025,-0.6564243,34.807705
984,ship__p0__s4,taboo,20,1,0,0.39332446,0.66731024,0.31154728,111.41142,0.7105729,-0.6412855,31.368235
985,ship__p0__s4,taboo,21,1,0,0.14492093,0.41155457,0.5461937,88.31687,0.70652723,-0.6490014,31.138447
986,ship__p0__s4,taboo,22,1,0,0.023616336,0.12481067,0.47599015,97.074295,0.68395144,-0.6269624,33.038746
987,ship__p0__s4,taboo,23,1,0,0.00011896379,0.0016595137,0.020894548,99.02882,0.696984,-0.6215351,33.117664
988,ship__p0__s4,taboo,24,1,0,0.6112606,1.4943511,1.6702259,118.32335,0.6882534,-0.61684006,34.2755
989,ship__p0__s4,taboo,25,1,0,0.0005676327,0.0060094534,0.055641633,72.328514,0.6912742,-0.61397547,34.259785
990,ship__p0__s4,taboo,26,1,0,0.0046307943,0.040602237,0.2914282,93.43683,0.7026604,-0.61636525,34.47994
991,ship__p0__s4,taboo,27,1,0,1.248307,1.0400803,1.4657929,70.98233,0.671515,-0.60778564,33.140167
992,ship__p0__s4,taboo,28,1,0,0.15653533,0.50268316,1.1991334,107.35226,0.6687085,-0.59680307,35.064327
993,ship__p0__s4,taboo,29,1,0,0.76061994,1.4750458,1.1699197,118.05437,0.65565664,-0.59946156,35.50411
994,ship__p0__s5,taboo,0,1,0,0.40128836,1.8381336,7.70946,135.90805,0.93106043,-0.6582652,28.414503
995,ship__p0__s5,taboo,1,1,1,1.1883583,2.100871,2.2182562,115.36285,0.90570265,-0.65517884,33.14333
996,ship__p0__s5,taboo,2,1,0,0.013371199,0.09109326,0.4964617,111.15859,0.8579724,-0.65521425,29.133
997,ship__p0__s5,taboo,3,1,0,0.07038909,0.45121288,2.3535793,114.229996,0.84441483,-0.6707712,28.548046
998,ship__p0__s5,taboo,4,1,0,0.017611083,0.12833808,0.7388815,77.48973,0.8068643,-0.622269,32.373695
999,ship__p0__s5,taboo,5,1,0,0.08312251,0.30981973,0.79677314,67.00342,0.7869739,-0.633778,31.18862
1000,ship__p0__s5,taboo,6,1,0,0.04149647,0.2743113,1.4464632,113.253265,0.78494304,-0.638535,32.065044
1001,ship__p0__s5,taboo,7,1,0,0.111802496,0.48044372,1.4427989,95.474945,0.77234125,-0.64639693,30.751986
1002,ship__p0__s5,taboo,8,1,0,0.026417019,0.1346667,0.47698638,114.746895,0.83602273,-0.6583469,34.031193
1003,ship__p0__s5,taboo,9,1,0,0.000043033626,0.00061092677,0.007926431,125.8102,0.7577114,-0.6276035,32.810383
1004,ship__p0__s5,taboo,10,1,0,0.2035592,0.81311136,2.261138,117.111664,0.7530416,-0.61017436,33.437305
1005,ship__p0__s5,taboo,11,1,0,0.50848377,0.86561435,1.0014288,84.44182,0.74121857,-0.5959899,34.511906
1006,ship__p0__s5,taboo,12,1,0,0.026077366,0.2002144,1.3000579,79.541695,0.73555756,-0.58279765,36.153187
1007,ship__p0__s5,taboo,13,1,0,0.005146114,0.050820075,0.4365861,95.8612,0.71110255,-0.5826601,37.23253
1008,ship__p0__s5,taboo,14,1,0,2.8402932,1.2163966,2.370708,130.298,0.70127445,-0.58677083,35.515633
1009,ship__p0__s5,taboo,15,1,0,0.4183291,1.6061113,3.616539,112.258545,0.71660876,-0.6235011,30.587261
1010,ship__p0__s5,taboo,16,1,0,0.0010307481,0.010270345,0.088333465,70.489334,0.7316407,-0.6149588,34.149147
1011,ship__p0__s5,taboo,17,1,0,0.25921747,0.8397149,2.0966487,119.85652,0.70932174,-0.6255141,32.773834
1012,ship__p0__s5,taboo,18,1,0,0.9272843,0.8504971,0.8719608,104.21589,0.69858533,-0.6219168,32.905277
1013,ship__p0__s5,taboo,19,1,0,0.7148523,1.8822271,2.3327777,121.950195,0.70127946,-0.62011135,33.444443
1014,ship__p0__s5,taboo,20,1,0,0.0007683662,0.008199609,0.07678684,70.999176,0.70304817,-0.61891097,33.852036
1015,ship__p0__s5,taboo,21,1,0,0.008886196,0.0732929,0.49227363,94.560135,0.7159574,-0.6193101,34.260532
1016,ship__p0__s5,taboo,22,1,0,1.0922574,1.135222,1.7133133,73.99478,0.68451226,-0.6146666,32.62123
1017,ship__p0__s5,taboo,23,1,0,0.1671186,0.59316385,1.576601,106.1733,0.6808384,-0.6031944,34.381516
1018,ship__p0__s5,taboo,24,1,0,1.508892,1.7141286,1.0485401,103.07062,0.66465914,-0.6105197,33.868755
1019,ship__p0__s5,taboo,25,1,0,0.0008043391,0.008284363,0.074018575,100.866806,0.6810588,-0.62085015,33.91052
1020,ship__p0__s5,taboo,26,1,1,0.065260164,0.3255926,1.0924015,115.069534,0.7814724,-0.66799015,34.274746
1021,ship__p0__s5,taboo,27,1,0,0.0053493693,0.034351137,0.16641663,108.99088,0.68092376,-0.6274653,33.228405
1022,ship__p0__s5,taboo,28,1,0,0.0006146926,0.0063853594,0.05760832,109.15754,0.6401053,-0.59628946,35.47434
1023,ship__p0__s5,taboo,29,1,0,0.2182482,0.67683935,1.3610893,115.395454,0.6720353,-0.6141315,35.140965
1024,ship__p0__s6,taboo,0,1,0,0.3616523,1.7201748,7.475048,136.28201,0.930992,-0.6579325,28.432999
1025,ship__p0__s6,taboo,1,1,0,1.1223465,2.0765796,2.2372537,115.99342,0.90586376,-0.6559753,33.082336
1026,ship__p0__s6,taboo,2,1,0,0.013362142,0.0909943,0.49548084,111.518906,0.8580747,-0.65533334,29.119478
1027,ship__p0__s6,taboo,3,1,0,0.075522915,0.47514963,2.4225197,114.395134,0.84450924,-0.6708079,28.552866
1028,ship__p0__s6,taboo,4,1,0,0.01754174,0.12793598,0.737431,77.43663,0.806792,-0.6223458,32.37513
1029,ship__p0__s6,taboo,5,1,0,0.083098926,0.30959967,0.7950468,67.05265,0.78728616,-0.63414276,31.189203
1030,ship__p0__s6,taboo,6,1,0,0.04140086,0.27342886,1.4395186,112.971405,0.7851902,-0.6387519,32.06203
1031,ship__p0__s6,taboo,7,1,0,0.11508251,0.491588,1.4580239,95.21996,0.7725295,-0.6466007,30.740896
1032,ship__p0__s6,taboo,8,1,0,0.026409822,0.13457772,0.47605482,114.97374,0.8358786,-0.65819967,34.02407
1033,ship__p0__s6,taboo,9,1,0,0.00004708656,0.00066186313,0.008470748,126.4234,0.75758165,-0.6274579,32.82548
1034,ship__p0__s6,taboo,10,1,0,0.20321107,0.8119893,2.263558,117.070435,0.7530448,-0.6103542,33.432384
1035,ship__p0__s6,taboo,11,1,0,0.46306437,0.8491475,1.0322583,84.559074,0.7412166,-0.596143,34.512665
1036,ship__p0__s6,taboo,12,1,0,0.021839712,0.17164207,1.1437447,79.67702,0.73576075,-0.58295584,36.17803
1037,ship__p0__s6,taboo,13,1,0,0.0046107406,0.0456929,0.3947405,95.65345,0.7111186,-0.5824872,37.24714
1038,ship__p0__s6,taboo,14,1,0,0.34566775,1.2320125,2.385686,62.369232,0.6903258,-0.59616286,34.431095
1039,ship__p0__s6,taboo,15,1,0,1.4197481,1.4180267,1.5190446,83.75863,0.691051,-0.58805454,36.915207
1040,ship__p0__s6,taboo,16,1,0,0.040728454,0.24393752,1.1033319,105.68491,0.7051315,-0.61128294,33.60954
1041,ship__p0__s6,taboo,17,1,0,1.7892718,1.4508784,1.7838233,113.44894,0.71620005,-0.59953654,36.147568
1042,ship__p0__s6,taboo,18,1,0,0.36459067,1.1438694,2.4309807,102.65362,0.7153058,-0.5971253,37.11394
1043,ship__p0__s6,taboo,19,1,0,0.2626558,1.006348,2.7642527,109.37271,0.70194554,-0.5800144,37.599415
1044,ship__p0__s6,taboo,20,1,0,0.3168084,0.61273164,0.42607707,90.55587,0.6803599,-0.57072794,38.524353
1045,ship__p0__s6,taboo,21,1,0,0.55472493,1.40717,1.9059758,133.48697,0.666633,-0.575984,37.171833
1046,ship__p0__s6,taboo,22,1,0,0.28276354,1.2178319,3.3703358,107.24964,0.69545525,-0.61377865,32.344826
1047,ship__p0__s6,taboo,23,1,0,0.0012977044,0.012483755,0.102984235,69.67538,0.7179513,-0.61005324,35.19533
1048,ship__p0__s6,taboo,24,1,0,0.18282741,0.67527944,1.9710735,117.90734,0.69815636,-0.622802,33.24817
1049,ship__p0__s6,taboo,25,1,0,0.6044846,0.8463477,0.7502083,110.27622,0.757895,-0.64831704,35.654476
1050,ship__p0__s6,taboo,26,1,0,0.39233717,0.6621997,0.29699522,109.96053,0.7006411,-0.6386977,31.720299
1051,ship__p0__s6,taboo,27,1,0,0.14564039,0.4168489,0.5766138,88.00233,0.69754726,-0.64506435,31.517813
1052,ship__p0__s6,taboo,28,1,0,0.031358488,0.15855065,0.5691589,96.05119,0.67593724,-0.6234266,33.558308
1053,ship__p0__s6,taboo,29,1,0,0.00021050144,0.0026973672,0.03114815,97.59111,0.68836683,-0.61906993,33.546528
1054,ship__p0__s7,taboo,0,1,0,0.36054084,1.7127717,7.4451385,136.0731,0.9310991,-0.65807325,28.420256
1055,ship__p0__s7,taboo,1,1,0,1.4570615,2.1081214,2.210105,106.37102,0.871495,-0.66598684,27.802696
1056,ship__p0__s7,taboo,2,1,0,0.46260494,0.8686257,1.2551076,114.61275,0.8839575,-0.6560466,33.14836
1057,ship__p0__s7,taboo,3,1,0,0.000116699084,0.0016678167,0.021560792,117.94063,0.8348896,-0.64642143,30.308098
1058,ship__p0__s7,taboo,4,1,0,2.481414,0.9577967,2.7530756,48.826954,0.7949914,-0.6433393,30.72276
1059,ship__p0__s7,taboo,5,1,0,0.08706856,0.4486765,1.7234018,111.75449,0.7751088,-0.61302686,32.529873
1060,ship__p0__s7,taboo,6,1,0,0.94442886,0.9281836,1.1417553,77.074585,0.79571325,-0.60577166,33.937366
1061,ship__p0__s7,taboo,7,1,0,0.22488497,0.71083945,1.6316906,70.287544,0.7722786,-0.5900519,35.810368
1062,ship__p0__s7,taboo,8,1,0,0.0027375862,0.029514281,0.2778718,101.00993,0.73479223,-0.58440197,36.893856
1063,ship__p0__s7,taboo,9,1,0,2.6924717,1.9964492,2.8554175,115.981865,0.7318047,-0.59669155,34.95944
1064,ship__p0__s7,taboo,10,1,0,0.17359567,0.8149733,2.604062,80.51834,0.7634571,-0.60609263,34.798267
1065,ship__p0__s7,taboo,11,1,0,0.14437503,0.83407915,3.735953,109.26017,0.7107007,-0.5808108,35.937046
1066,ship__p0__s7,taboo,12,1,0,1.0598192,1.7796662,2.5011616,130.44133,0.71613383,-0.58930343,35.33425
1067,ship__p0__s7,taboo,13,1,0,0.2279693,1.0576048,3.3121428,103.06991,0.7276544,-0.6156955,31.347023
1068,ship__p0__s7,taboo,14,1,1,0.0028033266,0.024893608,0.18824947,66.70637,0.73348683,-0.6071682,34.769176
1069,ship__p0__s7,taboo,15,1,0,0.41929686,1.3816496,3.4328275,122.36582,0.71815497,-0.62363863,33.044415
1070,ship__p0__s7,taboo,16,1,0,0.3496623,0.8244511,1.4788903,98.9382,0.697039,-0.6131435,33.507313
1071,ship__p0__s7,taboo,17,1,0,0.9939146,2.087911,2.5103161,118.23953,0.70187527,-0.6130436,33.762287
1072,ship__p0__s7,taboo,18,1,0,0.0053115436,0.040213928,0.25713596,64.05071,0.7012818,-0.6109364,34.279934
1073,ship__p0__s7,taboo,19,1,0,0.01751843,0.13088346,0.7876773,94.341995,0.71506244,-0.6131282,34.89526
1074,ship__p0__s7,taboo,20,1,0,0.7843829,1.3487883,2.5389652,120.099075,0.6919197,-0.60796446,33.752182
1075,ship__p0__s7,taboo,21,1,0,0.97325283,1.7601788,1.2683822,113.1827,0.67401695,-0.6053617,34.31454
1076,ship__p0__s7,taboo,22,1,0,0.012436814,0.094822645,0.5962283,80.82925,0.6640464,-0.60446626,34.11313
1077,ship__p0__s7,taboo,23,1,0,0.0067982334,0.057225168,0.39874792,73.21312,0.6794376,-0.60191184,35.768806
1078,ship__p0__s7,taboo,24,1,0,0.061527062,0.33257496,1.36041,106.24,0.67175245,-0.5938946,35.530025
1079,ship__p0__s7,taboo,25,1,0,1.6623678,1.2245603,1.2047403,116.62658,0.66320103,-0.5755145,36.527573
1080,ship__p0__s7,taboo,26,1,0,2.3875198,1.7692169,3.611842,112.34461,0.70604104,-0.62386554,33.144447
1081,ship__p0__s7,taboo,27,1,0,0.0052266386,0.036340266,0.20384766,108.84011,0.6749275,-0.616853,33.062515
1082,ship__p0__s7,taboo,28,1,0,0.001802012,0.01866839,0.16808519,111.382416,0.67568004,-0.62625015,32.2646
1083,ship__p0__s7,taboo,29,1,0,0.0018064148,0.018289015,0.15753521,85.62253,0.66264683,-0.6188941,33.137886
1084,ship__p1__s0,taboo,0,1,0,1.2990152,3.9438674,8.734785,144.39633,0.93005437,-0.6594265,28.059269
1085,ship__p1__s0,taboo,1,1,0,1.3702862,2.3856883,2.5517476,120.14067,0.90707505,-0.6514193,33.804836
1086,ship__p1__s0,taboo,2,1,0,0.041617803,0.21363786,0.8117097,110.23692,0.85443634,-0.660601,28.789791
1087,ship__p1__s0,taboo,3,1,0,0.16940948,0.90151024,3.701911,115.257835,0.840445,-0.6777537,27.92077
1088,ship__p1__s0,taboo,4,1,0,0.028391695,0.1898462,0.9893754,77.2332,0.8045984,-0.62541574,32.002872
1089,ship__p1__s0,taboo,5,1,0,0.096276954,0.3569415,0.95053315,64.71294,0.78560406,-0.6370571,30.798773
1090,ship__p1__s0,taboo,6,1,0,0.059260387,0.3926169,2.044063,114.004715,0.78112704,-0.6423876,31.58672
1091,ship__p1__s0,taboo,7,1,0,0.17589828,0.6705231,1.7149115,93.70822,0.7695596,-0.64986587,30.333939
1092,ship__p1__s0,taboo,8,1,0,0.02986948,0.15541336,0.5702889,111.871284,0.8386977,-0.6450865,35.04141
1093,ship__p1__s0,taboo,9,1,0,0.000043510445,0.00063801766,0.00854949,126.99953,0.75630814,-0.6322334,32.315346
1094,ship__p1__s0,taboo,10,1,0,0.4242306,1.3525732,3.0190744,119.90165,0.7546343,-0.62166464,32.540817
1095,ship__p1__s0,taboo,11,1,0,0.6477953,1.0926703,1.7413547,81.24742,0.76629883,-0.6041945,34.43266
1096,ship__p1__s0,taboo,12,1,0,0.85373205,1.4795187,2.1944685,71.77473,0.7328803,-0.60308206,32.817883
1097,ship__p1__s0,taboo,13,1,0,0.008305652,0.07986127,0.66283166,98.31105,0.7135355,-0.58817774,36.0527
1098,ship__p1__s0,taboo,14,1,0,0.20730025,0.9882716,3.137596,66.899605,0.68186384,-0.59788656,33.978977
1099,ship__p1__s0,taboo,15,1,0,0.44910872,1.2741766,2.086935,120.228264,0.6897041,-0.5865745,35.890762
1100,ship__p1__s0,taboo,16,1,0,0.1994532,0.99752194,3.3557816,103.096634,0.7043099,-0.6178703,31.447071
1101,ship__p1__s0,taboo,17,1,0,0.0010718321,0.010447085,0.08764365,70.47936,0.72186434,-0.6070933,35.2594
1102,ship__p1__s0,taboo,18,1,0,0.14874528,0.6429705,2.1542397,119.06948,0.7045285,-0.62531906,33.210308
1103,ship__p1__s0,taboo,19,1,0,0.7119649,0.8221191,0.7213812,101.9292,0.68960285,-0.6183156,33.381462
1104,ship__p1__s0,taboo,20,1,0,0.55467397,1.5787866,2.4497075,116.31851,0.6904686,-0.6168911,33.807465
1105,ship__p1__s0,taboo,21,1,0,0.0012528198,0.012087957,0.10193015,68.62747,0.69332343,-0.6147282,34.40996
1106,ship__p1__s0,taboo,22,1,0,0.0069005275,0.05799319,0.39993215,92.06516,0.70245856,-0.615939,34.85118
1107,ship__p1__s0,taboo,23,1,0,0.5919049,1.1451273,1.8188293,118.14488,0.68152136,-0.61050785,34.070133
1108,ship__p1__s0,taboo,24,1,0,0.86906254,1.6842763,1.1377575,114.01345,0.66465604,-0.606909,34.44308
1109,ship__p1__s0,taboo,25,1,0,0.009899803,0.07899352,0.51193416,82.99343,0.654049,-0.6063939,34.209595
1110,ship__p1__s0,taboo,26,1,0,0.005516781,0.048312686,0.35054484,74.908966,0.6716544,-0.6028981,36.109573
1111,ship__p1__s0,taboo,27,1,0,0.033942074,0.21736261,1.1043379,106.92329,0.6608139,-0.59523463,35.870037
1112,ship__p1__s0,taboo,28,1,0,0.79097784,1.4010462,0.9001402,68.19187,0.6684646,-0.59514797,37.277313
1113,ship__p1__s0,taboo,29,1,0,0.53407955,1.2622107,1.4607697,116.465385,0.6504819,-0.5758214,36.87404
1114,ship__p1__s1,taboo,0,1,0,1.6684337,3.940485,8.779236,121.19064,0.9254431,-0.61989385,32.108654
1115,ship__p1__s2,taboo,0,1,0,1.228826,3.9024744,8.830463,144.91353,0.93020463,-0.65938365,28.06355
1116,ship__p1__s2,taboo,1,1,0,1.7400384,2.3840027,2.5747466,134.03438,0.8673687,-0.66048443,27.622446
1117,ship__p1__s2,taboo,2,1,0,0.73451316,1.7945155,2.9384887,118.642204,0.8221135,-0.66533095,28.808744
1118,ship__p1__s2,taboo,3,1,0,0.5137279,1.272515,2.407456,112.16768,0.872389,-0.64311844,34.53449
1119,ship__p1__s2,taboo,4,1,0,0.028636156,0.1506469,0.5375117,121.28744,0.7892418,-0.6599512,30.027658
1120,ship__p1__s2,taboo,5,1,0,0.21426609,0.9369208,2.920447,115.994736,0.7781923,-0.6612855,30.51391
1121,ship__p1__s2,taboo,6,1,0,0.03978481,0.19950071,0.76366866,114.623764,0.7850771,-0.64302653,32.19758
1122,ship__p1__s2,taboo,7,1,0,1.2406913,1.9694433,3.3408375,126.26916,0.76117134,-0.6529928,30.146294
1123,ship__p1__s2,taboo,8,1,0,0.0022638426,0.022899227,0.20592311,90.03297,0.73210466,-0.61617845,33.509033
1124,ship__p1__s2,taboo,9,1,0,1.0964638,1.6666503,1.0061498,105.2802,0.74315614,-0.6304411,31.845781
1125,ship__p1__s2,taboo,10,1,0,0.13383774,0.7108034,2.9946241,106.74936,0.7467314,-0.62137127,32.897064
1126,ship__p1__s2,taboo,11,1,0,0.60628253,1.1995527,1.7813059,92.20558,0.7394378,-0.61241084,33.665405
1127,ship__p1__s2,taboo,12,1,0,0.1936063,0.9449915,3.5171976,82.51596,0.7157024,-0.6046076,33.51697
1128,ship__p1__s2,taboo,13,1,0,0.034470383,0.2519437,1.5242143,92.14611,0.70393467,-0.5925017,35.96211
1129,ship__p1__s2,taboo,14,1,0,0.25991946,0.8823118,1.8689792,70.37169,0.68222225,-0.5950888,34.36276
1130,ship__p1__s2,taboo,15,1,0,1.849879,1.3752991,1.0327088,120.254745,0.6881577,-0.5978608,34.845898
1131,ship__p1__s2,taboo,16,1,0,0.2994489,1.1195118,2.9445794,98.637,0.6843693,-0.60916775,32.10301
1132,ship__p1__s2,taboo,17,1,0,0.0012398422,0.012080582,0.10343857,70.87053,0.7009735,-0.5907734,36.6331
1133,ship__p1__s2,taboo,18,1,0,0.12822983,0.6441968,2.5166996,128.20897,0.6922297,-0.6168262,33.4794
1134,ship__p1__s2,taboo,19,1,0,0.2469787,0.82665396,2.0080223,104.399704,0.69072944,-0.6160074,32.69422
1135,ship__p1__s2,taboo,20,1,0,0.07405478,0.3921997,1.5516205,129.20772,0.7479015,-0.64867586,34.770447
1136,ship__p1__s2,taboo,21,1,0,0.000059245263,0.00081693823,0.010213316,140.96503,0.65999866,-0.60393345,34.82467
1137,ship__p1__s2,taboo,22,1,0,2.9620366,2.3807642,2.4276495,121.71676,0.6560133,-0.6128806,34.125965
1138,ship__p1__s2,taboo,23,1,0,0.0011744752,0.0121844,0.110997304,110.51733,0.6375762,-0.5898011,35.807877
1139,ship__p1__s2,taboo,24,1,0,1.2296269,1.8979771,1.5330329,130.0602,0.6446139,-0.5735945,36.01879
1140,ship__p1__s2,taboo,25,1,0,1.590738,1.9805934,2.8573236,113.8429,0.6761354,-0.61480445,32.097584
1141,ship__p1__s2,taboo,26,1,0,0.0058178613,0.043430157,0.2615934,66.07543,0.6781945,-0.59746784,37.627926
1142,ship__p1__s2,taboo,27,1,0,0.11096278,0.5699103,2.0690022,112.43865,0.6694609,-0.60319227,35.93728
1143,ship__p1__s2,taboo,28,1,1,0.5445217,0.812567,0.74747205,119.02108,0.73849607,-0.64119923,37.76283
1144,ship__p1__s2,taboo,29,1,0,0.5464746,0.7748487,0.309778,117.28433,0.6737784,-0.62227935,33.17932
1145,ship__p1__s3,taboo,0,1,1,2.926785,3.9574673,8.728351,131.03769,0.9254499,-0.64348,28.742123
1146,ship__p1__s3,taboo,1,1,0,0.28509283,1.55684,6.719365,101.89801,0.87324256,-0.61253226,32.857975
1147,ship__p1__s3,taboo,2,1,1,1.2001317,2.6191144,3.5398653,82.71352,0.8433857,-0.6041416,33.835934
1148,ship__p1__s3,taboo,3,1,0,0.96389765,3.0487013,6.2897654,123.69666,0.8324245,-0.61803085,33.02319
1149,ship__p1__s3,taboo,4,1,0,2.2478795,4.4378786,7.833668,115.42937,0.7992925,-0.63034576,32.647095
1150,ship__p1__s3,taboo,5,1,0,1.1712126,1.4985554,1.1224657,97.6061,0.7793303,-0.5943264,33.924664
1151,ship__p1__s4,taboo,0,1,0,1.3321896,3.9202037,8.753338,144.49515,0.93016684,-0.659277,28.083086
1152,ship__p1__s4,taboo,1,1,0,1.6870886,2.3774564,2.6505723,111.60187,0.8695588,-0.667526,27.591997
1153,ship__p1__s4,taboo,2,1,0,0.48363966,1.129301,2.1632605,120.14994,0.8897737,-0.64593524,34.312256
1154,ship__p1__s4,taboo,3,1,0,0.000106686624,0.0014817546,0.0187819,127.192444,0.83439136,-0.65331966,29.637512
1155,ship__p1__s4,taboo,4,1,0,3.3759508,1.6684912,3.8283782,121.26984,0.79682934,-0.63966155,30.49513
1156,ship__p1__s4,taboo,5,1,0,0.8309898,1.7502804,3.1126952,80.834305,0.79226387,-0.61500496,32.912212
1157,ship__p1__s4,taboo,6,1,0,1.0580678,1.796273,3.0332918,77.81615,0.75228006,-0.6098877,31.693653
1158,ship__p1__s4,taboo,7,1,0,0.04761357,0.32566643,1.8392153,86.44383,0.73172015,-0.5942903,34.642242
1159,ship__p1__s4,taboo,8,1,0,0.14694183,0.72943044,2.658038,67.98956,0.71133584,-0.6103646,32.43854
1160,ship__p1__s4,taboo,9,1,0,0.3435862,1.2265422,2.5474067,83.185814,0.7175844,-0.6041684,34.117775
1161,ship__p1__s4,taboo,10,1,0,0.14046459,0.5345251,1.3789575,97.88107,0.72950053,-0.61146915,32.27295
1162,ship__p1__s4,taboo,11,1,0,0.20176783,1.0113692,3.587265,113.926476,0.7291524,-0.62612444,32.210037
1163,ship__p1__s4,taboo,12,1,0,0.8070053,0.9956286,1.4819211,117.55888,0.7814026,-0.6507398,34.32394
1164,ship__p1__s4,taboo,13,1,0,0.8795954,0.8691071,0.39394864,113.32679,0.7138319,-0.63356984,31.336273
1165,ship__p1__s4,taboo,14,1,0,0.060287077,0.33723196,1.4883428,104.24963,0.7031073,-0.63419527,31.36451
1166,ship__p1__s4,taboo,15,1,0,0.00040499115,0.0051049553,0.05732757,97.14817,0.7055797,-0.6229348,32.513977
1167,ship__p1__s4,taboo,16,1,0,0.9074155,1.8430012,2.0299482,96.87023,0.68653095,-0.6188169,32.80565
1168,ship__p1__s4,taboo,17,1,0,2.6853874,1.3806305,2.2949877,102.58177,0.686596,-0.62344503,31.830404
1169,ship__p1__s4,taboo,18,1,0,0.0042094677,0.03699932,0.26975733,108.40833,0.7028254,-0.6272466,33.01199
1170,ship__p1__s4,taboo,19,1,0,2.0884898,0.7554929,1.7320933,123.80744,0.677191,-0.62189597,32.78187
1171,ship__p1__s4,taboo,20,1,0,0.7936965,0.88210976,0.7669727,101.77428,0.6891433,-0.61553633,33.184036
1172,ship__p1__s4,taboo,21,1,0,0.29431427,0.8417342,2.1871843,115.33211,0.6824817,-0.60971075,33.599976
1173,ship__p1__s4,taboo,22,1,0,0.6581601,1.4234647,1.2409352,108.724304,0.66294205,-0.5792534,35.510944
1174,ship__p1__s4,taboo,23,1,0,0.6960867,1.5966349,2.662047,113.9736,0.6901331,-0.6286454,31.094723
1175,ship__p1__s4,taboo,24,1,0,0.0018741201,0.016891003,0.12780063,91.03483,0.68211913,-0.62900794,32.54127
1176,ship__p1__s4,taboo,25,1,0,0.0016903888,0.015535934,0.12250321,109.763664,0.6612106,-0.6143554,33.851707
1177,ship__p1__s4,taboo,26,1,0,0.3005997,0.82060397,1.1749954,100.15898,0.66789526,-0.61111134,35.063343
1178,ship__p1__s4,taboo,27,1,0,0.04855167,0.34572065,1.9975522,116.73987,0.6620436,-0.6043249,35.436543
1179,ship__p1__s4,taboo,28,1,0,0.843661,1.0337754,0.9002526,116.322105,0.64744955,-0.59673417,36.29512
1180,ship__p1__s4,taboo,29,1,0,0.5948295,1.3980747,2.334313,108.54461,0.66439086,-0.6010636,35.46739
1181,ship__p1__s5,taboo,0,1,1,4.5523367,3.9598317,8.732456,68.307945,0.9257471,-0.64062345,30.312912
1182,ship__p1__s5,taboo,1,1,1,1.7222044,3.9689708,7.851153,129.90201,0.86453545,-0.68614966,26.58229
1183,ship__p1__s5,taboo,2,1,0,1.146996,4.293126,8.297365,121.047195,0.8322696,-0.6150872,32.131668
1184,ship__p1__s5,taboo,3,1,1,1.5702442,2.8890095,4.5592775,90.28519,0.8085807,-0.60539645,33.391605
1185,ship__p1__s5,taboo,4,1,1,3.644183,3.9434466,5.3472347,100.44026,0.7742668,-0.62581515,31.207258
1186,ship__p1__s5,taboo,5,1,1,3.1403341,3.9600582,4.6360207,95.66693,0.7725518,-0.6383138,31.007923
1187,ship__p1__s5,taboo,6,1,0,0.58710533,2.2633946,5.827325,96.81594,0.74334556,-0.61425835,34.014656
1188,ship__p1__s5,taboo,7,1,0,0.6537643,1.6990547,3.5091949,100.4094,0.74935985,-0.6185771,34.20941
1189,ship__p1__s5,taboo,8,1,0,0.65536016,1.3417498,2.8344133,85.27675,0.76836497,-0.61159265,34.904972
1190,ship__p1__s5,taboo,9,1,0,1.4262412,2.887144,4.572367,103.07163,0.72538733,-0.6119891,33.41092
1191,ship__p1__s5,taboo,10,1,0,1.2373793,2.9113274,3.334146,101.39834,0.74229324,-0.5871988,34.745426
1192,ship__p1__s6,taboo,0,1,0,1.2935772,3.933638,8.743833,144.21768,0.93011636,-0.658926,28.08425
1193,ship__p1__s6,taboo,1,1,0,1.6878856,2.3803113,2.6555953,112.04597,0.8694022,-0.667631,27.564903
1194,ship__p1__s6,taboo,2,1,0,0.4840622,1.1325798,2.1826205,120.363884,0.889671,-0.6466764,34.273872
1195,ship__p1__s6,taboo,3,1,0,0.000113719194,0.0015530083,0.019373577,127.23689,0.8343256,-0.6533321,29.637915
1196,ship__p1__s6,taboo,4,1,0,0.46817142,1.6199567,3.8143795,120.44421,0.7977786,-0.63427013,30.578255
1197,ship__p1__s6,taboo,5,1,0,0.6197667,1.202502,2.1670675,87.15518,0.770808,-0.61880547,32.39004
1198,ship__p1__s6,taboo,6,1,0,0.27416962,1.208364,3.9829478,80.50306,0.74484116,-0.6084349,32.34488
1199,ship__p1__s6,taboo,7,1,0,0.047513198,0.30083126,1.627555,85.6812,0.7297808,-0.5957724,34.530098
1200,ship__p1__s6,taboo,8,1,0,0.13384765,0.62378204,2.1967506,66.753685,0.71057683,-0.60891646,32.492233
1201,ship__p1__s6,taboo,9,1,0,0.37578633,1.1857474,2.1224475,82.87763,0.7175539,-0.6036341,34.317577
1202,ship__p1__s6,taboo,10,1,0,0.25198334,0.66990393,1.1330353,98.4237,0.7274341,-0.61036986,32.235382
1203,ship__p1__s6,taboo,11,1,0,0.18412897,0.92984986,3.3604558,114.063,0.72555304,-0.6227605,32.28545
1204,ship__p1__s6,taboo,12,1,1,0.87131184,0.971926,1.4532046,116.356804,0.78585196,-0.65038323,34.434853
1205,ship__p1__s6,taboo,13,1,0,0.7893676,0.9504281,0.33935785,113.61729,0.7121914,-0.62674904,31.789948
1206,ship__p1__s6,taboo,14,1,0,0.051618982,0.33234197,1.752993,106.78492,0.70366836,-0.6350242,31.208914
1207,ship__p1__s6,taboo,15,1,0,0.0003829461,0.0048512174,0.054699488,96.765724,0.70627207,-0.62283623,32.480057
1208,ship__p1__s6,taboo,16,1,0,2.8328846,1.9427208,2.0771527,111.92299,0.7035505,-0.62328607,32.240948
1209,ship__p1__s6,taboo,17,1,0,0.12936777,0.612045,2.0862367,91.509735,0.708054,-0.6129155,34.032764
1210,ship__p1__s6,taboo,18,1,0,0.8449334,1.280812,2.160689,118.29055,0.690816,-0.61271685,33.16703
1211,ship__p1__s6,taboo,19,1,0,1.0161159,1.651895,1.160017,115.41194,0.6748571,-0.5833798,35.265285
1212,ship__p1__s6,taboo,20,1,0,0.5737243,1.9715797,3.8571987,117.02678,0.70029056,-0.63252217,30.109726
1213,ship__p1__s6,taboo,21,1,0,0.0017065736,0.015025701,0.1112655,91.08964,0.6969081,-0.6371961,31.449507
1214,ship__p1__s6,taboo,22,1,0,0.00089629047,0.009251474,0.08379623,108.790344,0.6676935,-0.6176406,32.93902
1215,ship__p1__s6,taboo,23,1,0,0.20936972,0.74554753,1.488465,102.76916,0.67406,-0.61669344,34.02352
1216,ship__p1__s6,taboo,24,1,0,0.06431972,0.41454095,2.1907167,118.36059,0.66278505,-0.6051419,35.13214
1217,ship__p1__s6,taboo,25,1,0,0.560598,0.87595284,0.80046386,113.250916,0.65004987,-0.5980597,35.829605
1218,ship__p1__s6,taboo,26,1,0,0.022868594,0.13530149,0.6463212,76.01033,0.6504954,-0.6058772,34.730278
1219,ship__p1__s6,taboo,27,1,0,0.008157153,0.05606404,0.316813,66.4593,0.66639394,-0.60287803,36.235413
1220,ship__p1__s6,taboo,28,1,0,0.012020883,0.09503642,0.6176428,109.30832,0.66051984,-0.5935186,36.726093
1221,ship__p1__s6,taboo,29,1,0,0.23771845,0.72732115,1.2001026,97.712074,0.6951886,-0.5987191,36.320568
1222,ship__p1__s7,taboo,0,1,0,1.3206562,3.8805346,8.7442665,144.49709,0.9302112,-0.65920705,28.07043
1223,ship__p1__s7,taboo,1,1,0,1.3493867,2.3741684,2.6172528,120.070724,0.90703034,-0.65163404,33.79082
1224,ship__p1__s7,taboo,2,1,0,0.041537184,0.21290454,0.8061886,110.20373,0.854599,-0.6606581,28.80091
1225,ship__p1__s7,taboo,3,1,0,0.1756331,0.9210664,3.7211318,115.411385,0.84059757,-0.6781325,27.902681
1226,ship__p1__s7,taboo,4,1,0,0.028404092,0.18996501,0.99034655,76.87281,0.8045575,-0.62541324,31.985834
1227,ship__p1__s7,taboo,5,1,0,0.09611963,0.35573852,0.94305867,65.19816,0.78588337,-0.6372808,30.786205
1228,ship__p1__s7,taboo,6,1,0,0.060138352,0.39806503,2.068069,114.25809,0.78143686,-0.642745,31.555862
1229,ship__p1__s7,taboo,7,1,0,0.17673308,0.674504,1.7253933,94.05195,0.76947707,-0.6496211,30.364025
1230,ship__p1__s7,taboo,8,1,0,0.033683117,0.17048144,0.601167,111.80777,0.8388088,-0.64580125,34.97515
1231,ship__p1__s7,taboo,9,1,0,0.00005090107,0.0007435502,0.009917905,127.12908,0.75638646,-0.6322705,32.308983
1232,ship__p1__s7,taboo,10,1,0,0.4245696,1.3523273,2.9997346,120.47925,0.7548333,-0.6220006,32.486794
1233,ship__p1__s7,taboo,11,1,0,0.64828193,1.0954435,1.7508755,81.1519,0.7665585,-0.604306,34.43199
1234,ship__p1__s7,taboo,12,1,0,0.8673972,1.5185483,2.263534,71.68279,0.7327649,-0.60286283,32.828495
1235,ship__p1__s7,taboo,13,1,0,0.008387813,0.08047275,0.66613805,98.04683,0.713499,-0.5881008,36.05841
1236,ship__p1__s7,taboo,14,1,0,0.2056634,0.9818616,3.1284235,67.287384,0.6820542,-0.59804845,33.9766
1237,ship__p1__s7,taboo,15,1,0,0.4922641,1.3261418,2.0426826,120.979164,0.68986285,-0.58672905,35.864777
1238,ship__p1__s7,taboo,16,1,0,0.2074294,1.022841,3.3746614,103.50082,0.7040741,-0.61765605,31.474754
1239,ship__p1__s7,taboo,17,1,0,0.0011743561,0.011289433,0.09343087,70.16973,0.7214395,-0.60684276,35.217697
1240,ship__p1__s7,taboo,18,1,0,0.14984465,0.6507862,2.1993036,118.907814,0.7044904,-0.6253225,33.214325
1241,ship__p1__s7,taboo,19,1,0,0.71296614,0.82685435,0.73506534,115.92018,0.75570494,-0.6534591,35.072
1242,ship__p1__s7,taboo,20,1,0,0.35723308,0.6560468,0.37845188,114.85163,0.70485115,-0.64112186,31.388678
1243,ship__p1__s7,taboo,21,1,0,0.081719436,0.29283115,0.609415,88.7617,0.70063114,-0.648826,31.036583
1244,ship__p1__s7,taboo,22,1,0,0.03303168,0.15925568,0.53452957,95.8305,0.679734,-0.6278066,32.80835
1245,ship__p1__s7,taboo,23,1,0,0.00015615197,0.0021018623,0.025559397,96.589,0.68910396,-0.62169194,33.05194
1246,ship__p1__s7,taboo,24,1,0,0.65890294,1.5741739,1.6658489,114.97297,0.6816741,-0.61854213,34.022476
1247,ship__p1__s7,taboo,25,1,0,0.0010794534,0.010404319,0.08674671,69.11442,0.68336815,-0.613985,34.236835
1248,ship__p1__s7,taboo,26,1,0,0.0044874446,0.039405476,0.28390607,91.89895,0.6890457,-0.6136862,34.598007
1249,ship__p1__s7,taboo,27,1,0,1.2472669,1.0382123,1.4905908,69.36795,0.6632392,-0.60795337,33.052063
1250,ship__p1__s7,taboo,28,1,0,0.1586033,0.51398504,1.2477409,104.62996,0.6584533,-0.59602463,35.025513
1251,ship__p1__s7,taboo,29,1,0,0.8799166,1.5436609,1.1188071,116.039185,0.6469017,-0.5985631,35.57917
1252,ship__p2__s0,taboo,0,1,1,0.9104375,2.795351,6.4337254,141.91718,0.9277088,-0.65759385,29.195448
1253,ship__p2__s0,taboo,1,1,1,1.227998,2.8080869,5.147374,131.43901,0.9065201,-0.6592733,33.82108
1254,ship__p2__s0,taboo,2,1,1,0.08129981,0.3666031,1.1344984,128.70412,0.85253847,-0.6519482,29.657244
1255,ship__p2__s0,taboo,3,1,0,0.8409963,2.8110485,6.384899,132.59518,0.85283166,-0.66842663,28.86897
1256,ship__p2__s0,taboo,4,1,0,0.026686687,0.18375692,0.99388516,75.39281,0.8174464,-0.6202505,32.857254
1257,ship__p2__s0,taboo,5,1,0,0.08555677,0.3320735,0.97241557,70.375374,0.798404,-0.6308566,31.541784
1258,ship__p2__s0,taboo,6,1,0,0.06005663,0.40188688,2.1548312,118.116165,0.7889547,-0.63855356,32.06092
1259,ship__p2__s0,taboo,7,1,0,0.24261157,0.8511927,1.939844,91.95109,0.77860093,-0.6333369,32.321556
1260,ship__p2__s0,taboo,8,1,0,0.04871303,0.22379419,0.67796654,110.32102,0.8354464,-0.6444701,35.69827
1261,ship__p2__s0,taboo,9,1,0,0.000054238757,0.00077837624,0.010232644,128.25464,0.7595269,-0.616709,33.75954
1262,ship__p2__s0,taboo,10,1,0,0.407666,1.4622383,3.534761,121.96692,0.7578893,-0.60893506,33.348717
1263,ship__p2__s0,taboo,11,1,0,0.43141836,0.9045799,1.4581763,84.85,0.746079,-0.59585124,34.548874
1264,ship__p2__s0,taboo,12,1,0,0.21279779,0.8304483,2.5245042,79.4859,0.729864,-0.5911011,34.06604
1265,ship__p2__s0,taboo,13,1,0,0.017003588,0.14602683,1.0718307,92.26803,0.7105859,-0.5888614,36.189945
1266,ship__p2__s0,taboo,14,1,0,0.27406704,1.095678,2.644062,61.633034,0.69021064,-0.5939471,34.643127
1267,ship__p2__s0,taboo,15,1,0,0.7634657,1.4804602,1.5953362,118.1856,0.6976277,-0.5773603,36.861843
1268,ship__p2__s0,taboo,16,1,0,0.17273678,0.89188015,3.2294302,102.114655,0.7102722,-0.6072224,32.36278
1269,ship__p2__s0,taboo,17,1,0,0.001388539,0.013411367,0.11125332,69.35218,0.72297335,-0.6024631,35.881847
1270,ship__p2__s0,taboo,18,1,0,0.15533052,0.6833639,2.3499029,116.82252,0.7044093,-0.6171157,33.71126
1271,ship__p2__s0,taboo,19,1,0,0.30860963,0.7281192,1.1029879,114.335846,0.7572454,-0.65845084,35.083313
1272,ship__p2__s0,taboo,20,1,0,0.39471757,0.6738734,0.335248,112.51494,0.70464915,-0.63374346,31.96647
1273,ship__p2__s0,taboo,21,1,0,0.14657207,0.42327935,0.61208826,87.100296,0.70512635,-0.6460874,31.342999
1274,ship__p2__s0,taboo,22,1,0,0.042532984,0.20555875,0.6933327,96.09759,0.68510723,-0.62121904,33.518543
1275,ship__p2__s0,taboo,23,1,0,0.00019512657,0.002633436,0.03200119,95.66093,0.69314086,-0.61436105,33.74674
1276,ship__p2__s0,taboo,24,1,0,0.82004005,1.7274494,1.5326545,115.570496,0.68693423,-0.6126925,34.53242
1277,ship__p2__s0,taboo,25,1,0,0.00084042986,0.008638588,0.07771472,71.05053,0.6867399,-0.60592294,35.086483
1278,ship__p2__s0,taboo,26,1,0,0.007312793,0.061120577,0.4129547,92.11682,0.69567657,-0.6095884,35.228703
1279,ship__p2__s0,taboo,27,1,0,0.6441451,1.1560812,1.4258219,118.0908,0.67900467,-0.59982127,35.14661
1280,ship__p2__s0,taboo,28,1,0,0.7763037,1.4463212,1.1632533,111.09702,0.6586925,-0.5964373,35.80614
1281,ship__p2__s0,taboo,29,1,0,0.007582455,0.063896835,0.44022706,82.798096,0.6555799,-0.59891766,35.135128
1282,ship__p2__s1,taboo,0,1,0,2.8658075,2.7349963,6.443666,122.0329,0.9194562,-0.6794364,28.239134
1283,ship__p2__s1,taboo,1,1,0,0.068305224,0.32493845,1.1618805,105.769356,0.8582953,-0.6135277,32.32485
1284,ship__p2__s1,taboo,2,1,0,2.4026766,3.1564178,3.4070003,112.73841,0.82578456,-0.64218754,29.31822
1285,ship__p2__s1,taboo,3,1,0,0.0034256843,0.030253882,0.23395586,67.305176,0.81896055,-0.6085153,36.118584
1286,ship__p2__s1,taboo,4,1,0,0.14489298,0.85236895,3.6665063,124.67263,0.80069405,-0.6465381,30.466864
1287,ship__p2__s1,taboo,5,1,0,0.6703302,1.6462877,2.3851871,97.43323,0.77218586,-0.6322532,31.397633
1288,ship__p2__s1,taboo,6,1,0,1.2942963,0.8588164,0.80836606,114.3876,0.8418289,-0.6648078,32.786533
1289,ship__p2__s1,taboo,7,1,0,0.000052093103,0.00075077155,0.009900529,124.990105,0.75751936,-0.6193504,32.8076
1290,ship__p2__s1,taboo,8,1,0,0.54098296,1.2741148,2.7747416,118.347,0.7535703,-0.6066727,33.510162
1291,ship__p2__s1,taboo,9,1,0,0.87432563,0.99079704,1.5039535,78.232086,0.7691659,-0.5969101,35.009228
1292,ship__p2__s1,taboo,10,1,0,1.7367482,1.613749,1.9923558,59.841568,0.764802,-0.5864753,37.173313
1293,ship__p2__s1,taboo,11,1,0,0.0034860338,0.034961928,0.30576843,93.08785,0.7146671,-0.574566,38.31134
1294,ship__p2__s1,taboo,12,1,0,0.075427406,0.46667665,2.174593,68.21502,0.6928127,-0.59263456,34.97813
1295,ship__p2__s1,taboo,13,1,0,0.69025534,1.5738382,1.9657902,118.50129,0.7043662,-0.5808445,36.377003
1296,ship__p2__s1,taboo,14,1,0,2.0543756,2.2215838,2.5997717,120.41063,0.73386246,-0.6399173,29.389511
1297,ship__p2__s1,taboo,15,1,0,0.0017571499,0.01533149,0.110989764,85.42819,0.7354687,-0.63675326,32.246117
1298,ship__p2__s1,taboo,16,1,0,0.010163341,0.07616287,0.45805266,104.85365,0.70786196,-0.6266774,31.958433
1299,ship__p2__s1,taboo,17,1,0,0.39037985,0.92272186,1.0039316,100.86653,0.72031844,-0.6202915,32.558197
1300,ship__p2__s1,taboo,18,1,0,0.47425216,1.0631686,1.7842152,114.38953,0.7039268,-0.61394334,33.305202
1301,ship__p2__s1,taboo,19,1,0,0.6946056,1.1835164,0.82317775,112.41206,0.67561924,-0.6014268,34.606846
1302,ship__p2__s1,taboo,20,1,0,0.029316854,0.19208957,1.0161488,73.32628,0.6688131,-0.6017454,34.5772
1303,ship__p2__s1,taboo,21,1,0,0.006929651,0.058096785,0.40712094,65.033585,0.6858531,-0.59309816,36.555565
1304,ship__p2__s1,taboo,22,1,0,0.07214637,0.412225,1.7635118,102.945984,0.6799041,-0.5944762,35.955284
1305,ship__p2__s1,taboo,23,1,0,0.45366302,1.0762929,1.0453156,64.83117,0.6869199,-0.59676987,37.20539
1306,ship__p2__s1,taboo,24,1,0,0.30941343,0.72653633,1.0369322,108.67982,0.6632834,-0.5717488,37.39509
1307,ship__p2__s2,taboo,0,1,0,3.0970232,2.7186494,6.481968,130.21376,0.9169597,-0.6739573,27.904308
1308,ship__p2__s2,taboo,1,1,0,0.027439699,0.17599705,0.889596,78.71999,0.8471454,-0.62267846,31.97509
1309,ship__p2__s2,taboo,2,1,0,0.5998608,0.86359495,1.14631,58.652443,0.8185161,-0.6319286,30.685165
1310,ship__p2__s2,taboo,3,1,0,0.09074688,0.5765901,2.8911996,117.90728,0.8170046,-0.64086235,31.088242
1311,ship__p2__s2,taboo,4,1,0,0.27944565,1.0239371,2.3883514,93.00258,0.79274803,-0.63399804,31.537973
1312,ship__p2__s2,taboo,5,1,0,0.416988,0.7647412,0.5846915,110.68546,0.868559,-0.64595914,35.62774
1313,ship__p2__s2,taboo,6,1,0,0.000098104436,0.0013282873,0.016338388,123.13301,0.77441055,-0.61866844,33.29332
1314,ship__p2__s2,taboo,7,1,0,1.7957867,1.4609972,3.5892203,50.977314,0.7678951,-0.6263741,32.53714
1315,ship__p2__s2,taboo,8,1,0,0.14453465,0.7802484,2.9452367,114.39681,0.7518566,-0.6009661,34.014637
1316,ship__p2__s2,taboo,9,1,0,0.7496432,1.0171583,1.4089687,81.992035,0.7494972,-0.5973809,34.37431
1317,ship__p2__s2,taboo,10,1,0,0.25140443,0.8497585,2.2839,73.90375,0.73884475,-0.5931673,33.794296
1318,ship__p2__s2,taboo,11,1,0,0.007953048,0.078935884,0.67731535,101.1526,0.71163297,-0.5841064,36.582455
1319,ship__p2__s2,taboo,12,1,0,1.1227053,2.1395507,1.9905641,125.56337,0.7094587,-0.5840566,35.917557
1320,ship__p2__s2,taboo,13,1,0,0.19776334,0.9968921,3.4820247,101.51923,0.7214239,-0.61056405,31.983442
1321,ship__p2__s2,taboo,14,1,1,0.0019005347,0.017753858,0.14091189,69.07565,0.7401704,-0.604283,35.601402
1322,ship__p2__s2,taboo,15,1,0,0.17683896,0.76236665,2.5791173,117.491714,0.7158855,-0.621244,33.336914
1323,ship__p2__s2,taboo,16,1,0,0.39053717,0.8359315,1.1713424,113.50119,0.77286947,-0.6599922,34.467476
1324,ship__p2__s2,taboo,17,1,0,0.98427343,0.7190741,0.2933738,109.13396,0.69985306,-0.62685776,32.426632
1325,ship__p2__s2,taboo,18,1,0,0.045272943,0.27889445,1.3073863,104.39477,0.6897398,-0.62346107,32.51626
1326,ship__p2__s2,taboo,19,1,0,0.00021503044,0.002895545,0.034869783,97.87165,0.69986355,-0.61605084,33.34844
1327,ship__p2__s2,taboo,20,1,0,1.324706,1.9208198,1.3299605,95.86954,0.67960507,-0.6094567,33.838394
1328,ship__p2__s2,taboo,21,1,0,0.24871074,0.9602373,2.2506447,80.52171,0.68756545,-0.6009019,35.30827
1329,ship__p2__s2,taboo,22,1,0,2.907257,1.9046843,3.8095071,113.87295,0.67157155,-0.6017617,34.322414
1330,ship__p2__s2,taboo,23,1,0,0.5050733,1.2764235,2.1589217,99.61803,0.6797124,-0.60460615,34.89802
1331,ship__p2__s2,taboo,24,1,0,0.09213681,0.35730106,0.9262833,51.08196,0.68445915,-0.602904,35.80387
1332,ship__p2__s2,taboo,25,1,0,0.03513285,0.22036827,1.0740149,87.386856,0.70311385,-0.6101092,35.46224
1333,ship__p2__s2,taboo,26,1,0,0.6332441,1.3979679,2.4479728,117.06791,0.6797668,-0.59629476,35.566082
1334,ship__p2__s2,taboo,27,1,0,1.4444022,1.585217,1.7024716,114.42229,0.662076,-0.57036906,37.033844
1335,ship__p2__s2,taboo,28,1,0,0.309679,1.2190175,3.225306,115.80511,0.6907693,-0.6255094,31.49538
1336,ship__p2__s2,taboo,29,1,0,0.0014055622,0.012232381,0.08771357,88.53975,0.68820584,-0.628886,33.065613
1337,ship__p2__s3,taboo,0,1,0,2.1476064,2.8217475,6.556751,114.54754,0.92139804,-0.6342665,31.076675
1338,ship__p2__s3,taboo,1,1,0,0.24048555,0.75240546,1.6039255,78.00911,0.8589148,-0.6078497,34.35882
1339,ship__p2__s3,taboo,2,1,0,0.28840327,1.2678418,4.060274,108.96767,0.8414208,-0.6326727,31.583384
1340,ship__p2__s3,taboo,3,1,0,0.17332736,0.90982485,3.337841,92.6349,0.8134686,-0.61146855,33.136005
1341,ship__p2__s3,taboo,4,1,0,0.8114302,2.0371668,3.0596278,117.77245,0.810102,-0.59411204,33.92599
1342,ship__p2__s3,taboo,5,1,0,2.9387014,2.7727973,3.5495138,124.763214,0.80606014,-0.62543523,30.643763
1343,ship__p2__s3,taboo,6,1,1,0.53915095,1.4115292,3.4496174,123.040924,0.79458725,-0.624612,32.273567
1344,ship__p2__s3,taboo,7,1,1,0.5263657,2.0195115,5.435598,109.44256,0.77256566,-0.61704755,33.027943
1345,ship__p2__s3,taboo,8,1,1,1.6762607,2.657705,4.2302494,82.62634,0.7744158,-0.6579437,29.364128
1346,ship__p2__s3,taboo,9,1,1,0.3348958,1.5663483,5.2539577,98.62898,0.7596356,-0.6586672,30.0984
1347,ship__p2__s3,taboo,10,1,1,2.3184147,3.87364,4.930486,73.71238,0.74416053,-0.66443664,28.748732
1348,ship__p2__s3,taboo,11,1,1,2.4588935,3.5190217,3.9034436,124.39275,0.74292254,-0.6720525,28.588026
1349,ship__p2__s3,taboo,12,1,1,0.9223151,2.2666965,2.7880397,82.78765,0.7277173,-0.66440827,28.481627
1350,ship__p2__s3,taboo,13,1,1,0.6189861,1.6121091,3.0351448,77.030785,0.72058743,-0.66115755,28.39449
1351,ship__p2__s3,taboo,14,1,1,2.0234616,1.558801,2.5451024,116.42281,0.6955027,-0.6376345,30.751873
1352,ship__p2__s3,taboo,15,1,1,0.40708268,1.0185928,1.6554638,89.143196,0.6812533,-0.6181983,32.829235
1353,ship__p2__s3,taboo,16,1,1,1.265111,2.9570704,6.151249,76.28587,0.6815658,-0.6308223,29.889402
1354,ship__p2__s3,taboo,17,1,1,0.7646643,2.8745017,7.089001,123.412895,0.6893097,-0.64108217,30.132465
1355,ship__p2__s3,taboo,18,1,1,1.8120433,3.022459,3.7920325,112.92888,0.6855918,-0.6416422,30.15246
1356,ship__p2__s3,taboo,19,1,1,0.26834667,0.7892054,1.467582,122.771675,0.64825225,-0.6084873,33.893333
1357,ship__p2__s3,taboo,20,1,1,1.048709,1.5968603,2.8806162,126.46614,0.657699,-0.6152596,33.689754
1358,ship__p2__s3,taboo,21,1,1,1.3665795,1.5512187,2.3338244,138.35628,0.67764974,-0.5789938,37.521626
1359,ship__p2__s4,taboo,0,1,0,2.245273,2.7455127,6.436755,123.46938,0.9211954,-0.6640742,29.88479
1360,ship__p2__s4,taboo,1,1,0,1.1083885,0.9169338,1.0742768,79.32605,0.858249,-0.6189296,32.687027
1361,ship__p2__s4,taboo,2,1,0,0.34962347,1.432462,4.1416593,114.24694,0.8384866,-0.63949513,31.304123
1362,ship__p2__s4,taboo,3,1,0,0.54543674,1.3323182,2.011872,96.08237,0.81183535,-0.6239486,32.485462
1363,ship__p2__s4,taboo,4,1,0,1.3292391,2.122374,2.3552659,101.82456,0.7845828,-0.6330761,31.764074
1364,ship__p2__s4,taboo,5,1,0,0.7979866,1.1119368,1.2565589,110.441216,0.7949203,-0.5937397,34.586727
1365,ship__p2__s4,taboo,6,1,0,2.2236936,3.1616323,2.4254992,112.98309,0.8012774,-0.6199434,32.33185
1366,ship__p2__s4,taboo,7,1,0,0.38588724,0.84099936,0.7402485,111.187805,0.8590165,-0.641427,36.108177
1367,ship__p2__s4,taboo,8,1,0,0.000042795218,0.0006818245,0.010000533,108.912926,0.7661508,-0.60938203,33.18289
1368,ship__p2__s4,taboo,9,1,0,2.3998117,1.1778249,0.8905018,96.401634,0.7588627,-0.60122806,34.264145
1369,ship__p2__s4,taboo,10,1,0,0.60613054,1.8398371,3.0704517,103.35269,0.74348474,-0.59885377,34.334286
1370,ship__p2__s4,taboo,11,1,1,0.3235888,0.86644953,1.4494672,115.5075,0.7742077,-0.5990894,35.451366
1371,ship__p2__s4,taboo,12,1,1,2.9215689,5.268367,8.294618,103.921104,0.8168719,-0.662776,32.756477
1372,ship__p2__s4,taboo,13,1,1,0.8464091,3.1789513,7.433063,112.05504,0.76833385,-0.6390721,29.993492
1373,ship__p2__s5,taboo,0,1,0,2.2540944,2.7802422,6.530792,123.11003,0.9211264,-0.66446805,29.860739
1374,ship__p2__s5,taboo,1,1,0,0.48161864,0.9105598,1.0633974,102.84185,0.8577892,-0.614194,32.298725
1375,ship__p2__s5,taboo,2,1,0,1.5557721,3.0734766,3.6848123,132.49435,0.835573,-0.6353258,31.055855
1376,ship__p2__s5,taboo,3,1,0,1.2303212,1.859,2.412953,101.60565,0.80540335,-0.6248594,32.218906
1377,ship__p2__s5,taboo,4,1,0,2.5210247,2.6344514,2.4652338,53.495087,0.7833237,-0.62962365,32.251617
1378,ship__p2__s5,taboo,5,1,0,0.9221247,1.6879542,2.1078286,88.37106,0.765266,-0.634015,31.859308
1379,ship__p2__s5,taboo,6,1,0,0.35469013,0.90812343,1.5744826,60.347874,0.7671901,-0.60535675,34.80777
1380,ship__p2__s5,taboo,7,1,0,1.5432345,1.7097967,2.1247764,83.37968,0.73515725,-0.6111922,33.875027
1381,ship__p2__s5,taboo,8,1,0,0.40559417,0.93451786,1.5442927,88.521324,0.7410586,-0.6008789,34.340202
1382,ship__p2__s5,taboo,9,1,0,0.29729608,0.913075,1.7315681,95.684845,0.7434429,-0.5930231,35.22847
1383,ship__p2__s5,taboo,10,1,0,0.13212092,0.7039675,2.8009148,113.501915,0.75244004,-0.5844308,36.55066
1384,ship__p2__s5,taboo,11,1,0,1.5438523,2.9772701,2.766709,110.70814,0.76087135,-0.633151,31.008154
1385,ship__p2__s5,taboo,12,1,0,1.8614495,1.2288911,3.0507197,104.21043,0.74861974,-0.62735516,33.514355
1386,ship__p2__s5,taboo,13,1,0,0.0022168602,0.020034945,0.1535454,74.53849,0.7351943,-0.60539633,35.65277
1387,ship__p2__s5,taboo,14,1,0,0.13349493,0.46983802,1.0602113,86.80508,0.7768709,-0.5977422,35.946335
1388,ship__p2__s5,taboo,15,1,0,0.105002694,0.6225734,2.8266277,104.34108,0.7367799,-0.5941485,36.551086
1389,ship__p2__s5,taboo,16,1,0,0.4824249,1.2921412,2.131022,87.75472,0.6981748,-0.5954648,35.965984
1390,ship__p2__s5,taboo,17,1,0,0.002025459,0.02093629,0.18974218,82.98209,0.68320423,-0.5980518,34.937584
1391,ship__p2__s5,taboo,18,1,0,0.0050506387,0.04344419,0.3157228,99.18054,0.7064656,-0.6138077,34.50417
1392,ship__p2__s5,taboo,19,1,0,0.276513,0.64100647,0.61194944,102.18828,0.80386513,-0.63845444,37.00488
1393,ship__p2__s5,taboo,20,1,0,0.0028456454,0.022062358,0.13577068,119.889046,0.69440174,-0.60455555,35.267445
1394,ship__p2__s5,taboo,21,1,0,0.49059102,1.6448143,3.0123677,116.241005,0.6950951,-0.62906736,33.821075
1395,ship__p2__s5,taboo,22,1,0,0.00064900314,0.006858064,0.063214555,95.01758,0.73247313,-0.611419,37.140076
1396,ship__p2__s5,taboo,23,1,0,0.00083542726,0.007952668,0.06634338,102.13051,0.67272156,-0.6035473,35.336662
1397,ship__p2__s5,taboo,24,1,0,0.0010665925,0.011003556,0.099460125,107.366684,0.69906604,-0.59797853,36.94764
1398,ship__p2__s5,taboo,25,1,0,0.7692468,1.6356063,2.5232902,109.69227,0.7046116,-0.5772619,38.154648
1399,ship__p2__s5,taboo,26,1,0,0.0027380618,0.024730459,0.18753074,73.52358,0.72695243,-0.5844727,37.741524
1400,ship__p2__s5,taboo,27,1,0,0.20090485,0.6336913,1.336843,60.294193,0.7286881,-0.581401,38.521282
1401,ship__p2__s5,taboo,28,1,0,0.000987757,0.01149715,0.119249396,104.36801,0.68304574,-0.56663525,40.297398
1402,ship__p2__s5,taboo,29,1,0,0.8581075,1.1651367,1.5577453,95.18914,0.6734447,-0.58748615,36.26579
1403,ship__p2__s6,taboo,0,1,1,0.9104375,2.795351,6.4337254,141.91718,0.9277088,-0.65759385,29.195448
1404,ship__p2__s6,taboo,1,1,1,1.227998,2.8080869,5.147374,131.43901,0.9065201,-0.6592733,33.82108
1405,ship__p2__s6,taboo,2,1,1,0.08129981,0.3666031,1.1344984,128.70412,0.85253847,-0.6519482,29.657244
1406,ship__p2__s6,taboo,3,1,0,0.8409963,2.8110485,6.384899,132.59518,0.85283166,-0.66842663,28.86897
1407,ship__p2__s6,taboo,4,1,0,0.026686687,0.18375692,0.99388516,75.39281,0.8174464,-0.6202505,32.857254
1408,ship__p2__s6,taboo,5,1,0,0.08555677,0.3320735,0.97241557,70.375374,0.798404,-0.6308566,31.541784
1409,ship__p2__s6,taboo,6,1,0,0.06005663,0.40188688,2.1548312,118.116165,0.7889547,-0.63855356,32.06092
1410,ship__p2__s6,taboo,7,1,0,0.24261157,0.8511927,1.939844,91.95109,0.77860093,-0.6333369,32.321556
1411,ship__p2__s6,taboo,8,1,0,0.04871303,0.22379419,0.67796654,110.32102,0.8354464,-0.6444701,35.69827
1412,ship__p2__s6,taboo,9,1,0,0.000054238757,0.00077837624,0.010232644,128.25464,0.7595269,-0.616709,33.75954
1413,ship__p2__s6,taboo,10,1,0,0.407666,1.4622383,3.534761,121.96692,0.7578893,-0.60893506,33.348717
1414,ship__p2__s6,taboo,11,1,0,0.43141836,0.9045799,1.4581763,84.85,0.746079,-0.59585124,34.548874
1415,ship__p2__s6,taboo,12,1,0,0.21279779,0.8304483,2.5245042,79.4859,0.729864,-0.5911011,34.06604
1416,ship__p2__s6,taboo,13,1,0,0.017003588,0.14602683,1.0718307,92.26803,0.7105859,-0.5888614,36.189945
1417,ship__p2__s6,taboo,14,1,0,0.27406704,1.095678,2.644062,61.633034,0.69021064,-0.5939471,34.643127
1418,ship__p2__s6,taboo,15,1,0,0.7634657,1.4804602,1.5953362,118.1856,0.6976277,-0.5773603,36.861843
1419,ship__p2__s6,taboo,16,1,0,0.17273678,0.89188015,3.2294302,102.114655,0.7102722,-0.6072224,32.36278
1420,ship__p2__s6,taboo,17,1,0,0.001388539,0.013411367,0.11125332,69.35218,0.72297335,-0.6024631,35.881847
1421,ship__p2__s6,taboo,18,1,0,0.15533052,0.6833639,2.3499029,116.82252,0.7044093,-0.6171157,33.71126
1422,ship__p2__s6,taboo,19,1,0,0.30860963,0.7281192,1.1029879,114.335846,0.7572454,-0.65845084,35.083313
1423,ship__p2__s6,taboo,20,1,0,0.39471757,0.6738734,0.335248,112.51494,0.70464915,-0.63374346,31.96647
1424,ship__p2__s6,taboo,21,1,0,0.14657207,0.42327935,0.61208826,87.100296,0.70512635,-0.6460874,31.342999
1425,ship__p2__s6,taboo,22,1,0,0.042532984,0.20555875,0.6933327,96.09759,0.68510723,-0.62121904,33.518543
1426,ship__p2__s6,taboo,23,1,0,0.00019512657,0.002633436,0.03200119,95.66093,0.69314086,-0.61436105,33.74674
1427,ship__p2__s6,taboo,24,1,0,0.82004005,1.7274494,1.5326545,115.570496,0.68693423,-0.6126925,34.53242
1428,ship__p2__s6,taboo,25,1,0,0.00084042986,0.008638588,0.07771472,71.05053,0.6867399,-0.60592294,35.086483
1429,ship__p2__s6,taboo,26,1,0,0.007312793,0.061120577,0.4129547,92.11682,0.69567657,-0.6095884,35.228703
1430,ship__p2__s6,taboo,27,1,0,2.019145,1.1560812,1.4258219,118.00197,0.6762743,-0.59675694,35.511696
1431,ship__p2__s6,taboo,28,1,0,0.64389247,1.4126207,1.4221034,109.373436,0.6554806,-0.5911383,36.226097
1432,ship__p2__s6,taboo,29,1,0,0.007185687,0.061902985,0.44092876,82.8219,0.65445906,-0.59753805,35.154892
1433,ship__p2__s7,taboo,0,1,1,0.9194951,2.815874,6.4537883,142.46811,0.9276424,-0.65750194,29.198069
1434,ship__p2__s7,taboo,1,1,1,1.2107943,2.7836313,5.18857,131.3926,0.9064431,-0.65880066,33.848434
1435,ship__p2__s7,taboo,2,1,1,0.08125794,0.36643884,1.1354392,128.55292,0.85259783,-0.652276,29.617493
1436,ship__p2__s7,taboo,3,1,0,0.89475924,2.8749282,6.3648596,132.60365,0.85272557,-0.6685802,28.84295
1437,ship__p2__s7,taboo,4,1,0,0.027210373,0.18625432,1.0008228,75.719376,0.8172516,-0.6201671,32.863888
1438,ship__p2__s7,taboo,5,1,0,0.08517543,0.3284181,0.941801,70.38184,0.7982668,-0.63083047,31.542248
1439,ship__p2__s7,taboo,6,1,0,0.062276926,0.41280895,2.1890366,118.33014,0.7889718,-0.63872,32.066483
1440,ship__p2__s7,taboo,7,1,0,0.23183078,0.83485705,1.9693744,92.679375,0.77868366,-0.63352257,32.33551
1441,ship__p2__s7,taboo,8,1,0,0.048855625,0.2249849,0.6858654,111.194016,0.8351522,-0.64476633,35.646023
1442,ship__p2__s7,taboo,9,1,0,0.000052212305,0.0007500802,0.0098173525,128.06262,0.75964946,-0.61669356,33.767162
1443,ship__p2__s7,taboo,10,1,0,0.39540666,1.420241,3.4785526,121.92827,0.7578791,-0.60883933,33.340107
1444,ship__p2__s7,taboo,11,1,0,1.1800568,0.8963236,1.4185317,79.6087,0.7717765,-0.5994769,34.981453
1445,ship__p2__s7,taboo,12,1,0,1.3470281,1.6438788,1.9060436,63.123222,0.7636675,-0.58653784,37.132427
1446,ship__p2__s7,taboo,13,1,0,0.0029488197,0.030691974,0.27988744,99.739494,0.7148359,-0.5748475,38.376457
1447,ship__p2__s7,taboo,14,1,0,0.26339835,1.0924747,2.8145273,62.599953,0.69508594,-0.59176445,34.98048
1448,ship__p2__s7,taboo,15,1,0,0.56893593,1.4022388,1.894069,118.51309,0.70401657,-0.57690626,37.075146
1449,ship__p2__s7,taboo,16,1,0,0.22434264,1.0414281,3.2394938,104.42456,0.71458155,-0.6084832,32.407894
1450,ship__p2__s7,taboo,17,1,1,0.0011536379,0.011247994,0.09441497,70.5865,0.7293379,-0.60400134,35.70888
1451,ship__p2__s7,taboo,18,1,0,0.16595466,0.69414365,2.2708426,117.1142,0.71254987,-0.6190562,33.915215
1452,ship__p2__s7,taboo,19,1,0,0.4555161,0.81577575,0.95949984,110.737816,0.7769148,-0.6487472,36.81284
1453,ship__p2__s7,taboo,20,1,0,0.3941789,0.6723122,0.33873963,110.354004,0.710681,-0.6349272,32.02996
1454,ship__p2__s7,taboo,21,1,0,0.092103,0.31797636,0.62855047,87.200775,0.71048725,-0.64702225,31.458149
1455,ship__p2__s7,taboo,22,1,0,0.031650387,0.16081965,0.584621,95.86934,0.6897234,-0.62264895,33.45763
1456,ship__p2__s7,taboo,23,1,0,0.0001849957,0.0024933065,0.030440055,96.60314,0.70023614,-0.61447126,33.814163
1457,ship__p2__s7,taboo,24,1,0,1.4578993,1.8153176,1.5653743,97.17392,0.67861205,-0.6099341,34.11499
1458,ship__p2__s7,taboo,25,1,0,0.10734675,0.5194553,1.7277199,80.89257,0.6865396,-0.6001748,35.629383
1459,ship__p2__s7,taboo,26,1,0,0.67624223,2.1022785,3.2941732,105.83598,0.67845213,-0.599838,35.06061
1460,ship__p2__s7,taboo,27,1,0,0.42584202,1.1686231,1.4603269,70.54052,0.6623306,-0.5857991,37.060345
1461,ship__p2__s7,taboo,28,1,0,0.84255624,1.3682919,1.264654,101.12293,0.66570926,-0.5990233,35.24479
1462,ship__p2__s7,taboo,29,1,0,1.0034044,1.0642292,1.1354394,96.12077,0.681255,-0.61098933,34.051693
1463,ship__p3__s0,taboo,0,1,1,0.8786498,2.7595656,5.149995,137.67891,0.92205817,-0.6673115,28.424494
1464,ship__p3__s0,taboo,1,1,1,0.23686148,0.90631866,2.9354339,107.90288,0.86111283,-0.66810465,29.666256
1465,ship__p3__s0,taboo,2,1,1,1.3791428,2.9000044,4.1177626,116.770515,0.83076245,-0.6686244,29.732468
1466,ship__p3__s0,taboo,3,1,1,1.2581491,3.2258947,4.2037005,84.62963,0.81028974,-0.68787277,27.550425
1467,ship__p3__s0,taboo,4,1,1,1.4917355,3.3759937,4.834809,117.480865,0.78151256,-0.6778833,29.164541
1468,ship__p3__s0,taboo,5,1,1,0.61033267,1.4426043,2.0936751,120.07547,0.7842059,-0.689585,28.557142
1469,ship__p3__s0,taboo,6,1,1,2.476635,4.37519,4.1643414,102.47634,0.786706,-0.66982293,30.98261
1470,ship__p3__s0,taboo,7,1,1,0.31470606,1.5507299,5.5255527,119.39965,0.7549164,-0.66996443,28.185766
1471,ship__p3__s0,taboo,8,1,1,0.38317367,0.808455,1.1228994,129.1647,0.75696254,-0.6745074,29.096434
1472,ship__p3__s0,taboo,9,1,1,1.1622076,4.1479216,7.5788784,160.65001,0.7680716,-0.7020546,26.529839
1473,ship__p3__s0,taboo,10,1,1,0.016454944,0.1347849,0.96218264,130.82202,0.75676954,-0.7008657,26.924675
1474,ship__p3__s0,taboo,11,1,1,0.011182257,0.0902153,0.61553746,103.25476,0.7288092,-0.67457193,29.193697
1475,ship__p3__s0,taboo,12,1,1,0.022299144,0.17449796,1.1170452,100.932365,0.71552455,-0.6653031,29.405066
1476,ship__p3__s0,taboo,13,1,1,0.9542222,1.5462551,1.1176171,94.4547,0.6816332,-0.618458,33.533207
1477,ship__p3__s0,taboo,14,1,1,0.29878926,1.393235,4.2340727,110.010315,0.7004882,-0.6151366,33.061363
1478,ship__p3__s0,taboo,15,1,1,1.2115374,3.0500026,5.000786,110.043655,0.6940019,-0.6316753,33.08879
1479,ship__p3__s0,taboo,16,1,1,1.120235,2.1945744,3.4120088,117.752525,0.70870256,-0.6451953,30.553028
1480,ship__p3__s0,taboo,17,1,1,0.7997823,2.3576953,3.6890092,142.6632,0.69918495,-0.6423745,31.835953
1481,ship__p3__s0,taboo,18,1,1,2.447361,4.0897045,3.8074234,135.27547,0.7061319,-0.6620603,29.285145
1482,ship__p3__s0,taboo,19,1,1,0.47460517,1.6589403,3.0980499,120.066216,0.68343896,-0.6435211,30.822607
1483,ship__p3__s0,taboo,20,1,1,0.19039436,0.9259877,3.5632246,111.83266,0.6802363,-0.64505374,32.176353
1484,ship__p3__s0,taboo,21,1,1,0.15457368,0.8589935,3.8525608,139.87712,0.69139975,-0.6579089,29.473448
1485,ship__p3__s0,taboo,22,1,1,0.105543904,0.5523628,2.1335855,122.0834,0.6782131,-0.6449724,31.439095
1486,ship__p3__s0,taboo,23,1,1,0.06274648,0.33002245,1.2485213,134.49483,0.65630925,-0.62468314,32.659653
1487,ship__p3__s0,taboo,24,1,1,1.1077765,2.6523774,2.7544088,153.7305,0.6963209,-0.5992063,35.532013
1488,ship__p3__s1,taboo,0,1,0,2.2536497,2.7595654,5.1499944,122.543175,0.9176919,-0.6807777,27.879387
1489,ship__p3__s1,taboo,1,1,1,0.12839738,0.4927935,1.1662202,121.96699,0.8678504,-0.6497019,30.18573
1490,ship__p3__s1,taboo,2,1,1,0.6252526,2.1764755,4.535218,134.08759,0.8560772,-0.66084564,29.288132
1491,ship__p3__s1,taboo,3,1,1,0.28211024,0.8628918,2.2023346,109.640686,0.82824874,-0.66263074,30.41312
1492,ship__p3__s1,taboo,4,1,1,1.3854753,2.6585488,3.7847285,115.97579,0.79595256,-0.6635517,30.52347
1493,ship__p3__s1,taboo,5,1,1,2.2588022,2.9186258,4.262171,116.79026,0.79011595,-0.692523,26.704004
1494,ship__p3__s1,taboo,6,1,1,0.11853033,0.48489144,1.2804557,104.29181,0.7733,-0.6875585,27.87413
1495,ship__p3__s1,taboo,7,1,1,1.9447078,3.526754,4.201644,104.89244,0.75663173,-0.6940075,26.72656
1496,ship__p3__s1,taboo,8,1,1,0.28813368,0.941843,2.0850172,102.1095,0.78802806,-0.67190343,34.10216
1497,ship__p3__s1,taboo,9,1,1,0.021607583,0.12771949,0.64607334,122.42223,0.73340404,-0.6793588,28.852234
1498,ship__p3__s1,taboo,10,1,1,0.20940772,1.0853707,4.102639,105.653,0.70096636,-0.64702183,29.737526
1499,ship__p3__s1,taboo,11,1,1,1.7534022,1.9828991,1.8902361,108.82392,0.7055403,-0.6575203,28.155624
1500,ship__p3__s1,taboo,12,1,1,1.164916,1.9984071,2.535852,113.03778,0.6973828,-0.64977896,29.167442
1501,ship__p3__s1,taboo,13,1,1,0.78919655,1.3562899,1.2242147,97.42234,0.67549324,-0.61790746,32.986103
1502,ship__p3__s1,taboo,14,1,1,0.6018326,2.33975,6.358094,96.31278,0.6857335,-0.61700624,32.103817
1503,ship__p3__s1,taboo,15,1,1,3.8429408,3.1802578,4.2439804,131.456,0.7136936,-0.666995,27.10249
1504,ship__p3__s1,taboo,16,1,1,3.344668,2.9123046,3.7617197,85.39375,0.6849808,-0.6408841,29.60212
1505,ship__p3__s1,taboo,17,1,1,1.7514493,3.7788491,4.161621,134.12202,0.6539209,-0.609462,32.84253
1506,ship__p3__s1,taboo,18,1,1,1.140584,1.7369895,3.6785355,117.98099,0.65016097,-0.6128275,33.62515
1507,ship__p3__s1,taboo,19,1,1,0.7708695,1.617891,1.8741865,130.81224,0.65478086,-0.6280797,32.363388
1508,ship__p3__s1,taboo,20,1,1,3.6237814,3.0971277,2.5290818,122.01122,0.6651913,-0.6368798,31.301699
1509,ship__p3__s1,taboo,21,1,1,0.31110755,1.0182353,2.064418,105.70747,0.65354353,-0.62208015,31.738796
1510,ship__p3__s1,taboo,22,1,1,0.31841376,1.104598,2.508047,130.50607,0.6867953,-0.58887416,36.053127
1511,ship__p3__s2,taboo,0,1,1,0.8786498,2.7595656,5.149995,137.67891,0.92205817,-0.6673115,28.424494
1512,ship__p3__s2,taboo,1,1,1,0.23686148,0.90631866,2.9354339,107.90288,0.86111283,-0.66810465,29.666256
1513,ship__p3__s2,taboo,2,1,1,4.0041428,2.9000044,4.1177626,125.58864,0.8170427,-0.70364493,25.119875
1514,ship__p3__s2,taboo,3,1,1,1.4909195,2.830656,3.8555708,83.57743,0.7773468,-0.69277155,25.862452
1515,ship__p3__s2,taboo,4,1,1,1.0586016,2.2737448,3.9972315,77.32376,0.7569952,-0.6855639,25.663567
1516,ship__p3__s2,taboo,5,1,1,0.43760097,1.5782351,3.5102873,62.60923,0.7349301,-0.6702936,27.506762
1517,ship__p3__s2,taboo,6,1,1,0.90247416,2.2762797,3.2462883,151.06128,0.77331895,-0.69113857,28.113144
1518,ship__p3__s2,taboo,7,1,1,0.000009059865,0.00014000438,0.001954326,152.26875,0.6946091,-0.63356817,31.302576
1519,ship__p3__s2,taboo,8,1,1,1.4968586,1.0434303,2.166588,104.62392,0.71359074,-0.6383144,30.363005
1520,ship__p3__s2,taboo,9,1,1,2.1367111,2.6450605,4.0705194,120.01415,0.7165684,-0.649073,28.82811
1521,ship__p3__s2,taboo,10,1,1,0.9974134,2.1229362,4.072419,142.43143,0.72580886,-0.65551424,29.751543
1522,ship__p3__s2,taboo,11,1,1,2.0500357,4.0770044,4.196047,106.50168,0.71792185,-0.66334987,28.26642
1523,ship__p3__s2,taboo,12,1,1,0.8151409,2.2897382,3.2045765,122.3482,0.7132655,-0.662087,29.131021
1524,ship__p3__s2,taboo,13,1,1,0.005371898,0.04289881,0.28024837,104.969055,0.6963408,-0.64645684,30.737877
1525,ship__p3__s2,taboo,14,1,1,0.10645677,0.6790488,3.4659667,114.35723,0.704648,-0.6545299,31.041565
1526,ship__p3__s2,taboo,15,1,1,1.9033064,3.0482788,5.265217,157.75145,0.7309362,-0.68799394,28.463402
1527,ship__p3__s2,taboo,16,1,1,0.00112637,0.009490901,0.06646699,139.1136,0.66995806,-0.62843496,31.834274
1528,ship__p3__s2,taboo,17,1,1,0.012960954,0.09892732,0.6207595,115.78067,0.6500485,-0.6101082,34.229176
1529,ship__p3__s2,taboo,18,1,1,0.026248077,0.204304,1.3004694,75.770546,0.66109437,-0.62580156,33.758484
1530,ship__p3__s2,taboo,19,1,1,1.1046625,2.0311732,1.5910645,106.38791,0.6678172,-0.6262341,34.288254
1531,ship__p3__s2,taboo,20,1,1,0.0018963703,0.016746879,0.12747303,101.68367,0.65281993,-0.6120602,35.439957
1532,ship__p3__s2,taboo,21,1,1,0.1097648,0.63375676,2.8849864,107.141014,0.67263067,-0.62884873,33.856537
1533,ship__p3__s2,taboo,22,1,1,0.4770978,1.8643949,5.1731086,91.946884,0.68774045,-0.6538447,30.871578
1534,ship__p3__s2,taboo,23,1,1,0.065012544,0.37854457,1.76611,121.442696,0.6685953,-0.6275691,32.216293
1535,ship__p3__s2,taboo,24,1,1,0.09473415,0.5003305,1.977155,129.76152,0.7071349,-0.60218304,35.338085
1536,ship__p3__s3,taboo,0,1,1,0.896855,2.7856312,5.0962977,137.85747,0.92187303,-0.66726625,28.415491
1537,ship__p3__s3,taboo,1,1,1,0.28340155,0.98430514,2.943645,107.69929,0.86100715,-0.6680351,29.662218
1538,ship__p3__s3,taboo,2,1,1,2.1243827,2.8831198,4.097611,110.068245,0.8190445,-0.67333114,28.454391
1539,ship__p3__s3,taboo,3,1,1,0.005303243,0.040374164,0.26185262,89.315025,0.8071392,-0.6845214,28.639904
1540,ship__p3__s3,taboo,4,1,1,0.22758485,0.91835153,2.8640504,89.88119,0.77888685,-0.67102027,27.745821
1541,ship__p3__s3,taboo,5,1,1,0.29072002,1.42065,4.982018,101.02889,0.7708914,-0.6785841,27.917738
1542,ship__p3__s3,taboo,6,1,1,2.4567165,3.07583,5.0681386,75.88309,0.75332975,-0.6800785,27.073475
1543,ship__p3__s3,taboo,7,1,1,2.4642415,3.4953175,4.313517,134.51068,0.7482911,-0.68582195,27.490688
1544,ship__p3__s3,taboo,8,1,1,1.3423253,3.4027905,4.37512,111.64767,0.72553813,-0.6739462,27.314499
1545,ship__p3__s3,taboo,9,1,1,1.3200647,1.8623762,2.0205317,113.83686,0.6939237,-0.63685644,31.367666
1546,ship__p3__s3,taboo,10,1,1,0.9861454,2.9101195,6.138841,115.49417,0.6921434,-0.6512039,28.57985
1547,ship__p3__s3,taboo,11,1,1,0.028007388,0.15848325,0.69648516,97.965614,0.7057981,-0.6538262,31.15114
1548,ship__p3__s3,taboo,12,1,1,0.1088402,0.39501366,1.0911927,72.23408,0.6631943,-0.62352383,32.71005
1549,ship__p3__s3,taboo,13,1,1,0.42810944,1.3369286,3.5135536,54.684772,0.6736642,-0.6336978,31.231686
1550,ship__p3__s3,taboo,14,1,1,2.2679877,3.8251586,5.131159,98.44403,0.6951798,-0.65994376,29.460407
1551,ship__p3__s3,taboo,15,1,1,0.8263985,2.2790108,4.677449,127.54005,0.6696598,-0.6321568,30.930792
1552,ship__p3__s3,taboo,16,1,1,0.23108627,0.94567776,2.4655664,110.775764,0.6808374,-0.6424986,29.766163
1553,ship__p3__s3,taboo,17,1,1,0.49479848,1.6135745,3.2091243,79.244125,0.6968343,-0.65760994,28.51713
1554,ship__p3__s3,taboo,18,1,1,1.1764486,1.9422817,1.596339,116.89578,0.6600223,-0.6210326,31.683475
1555,ship__p3__s3,taboo,19,1,1,1.3648658,1.3992517,1.8737546,95.01871,0.6533623,-0.6024439,34.726364
1556,ship__p3__s3,taboo,20,1,1,1.3645478,3.1008186,4.556821,85.829666,0.6681475,-0.63029164,30.415789
1557,ship__p3__s3,taboo,21,1,1,3.6084719,3.9276776,4.853359,129.27072,0.6701675,-0.6388302,29.296413
1558,ship__p3__s3,taboo,22,1,1,1.8430018,2.6507783,3.4933581,87.79337,0.68038994,-0.6453118,31.194881
1559,ship__p3__s3,taboo,23,1,1,0.32720095,1.3822784,4.122633,123.735725,0.66333115,-0.6348758,30.632988
1560,ship__p3__s3,taboo,24,1,1,0.9580041,2.083199,2.262076,126.159195,0.6264838,-0.59933305,33.77874
1561,ship__p3__s3,taboo,25,1,1,1.6381309,3.3910499,4.769999,124.035255,0.6608891,-0.6285143,30.991055
1562,ship__p3__s3,taboo,26,1,1,1.2374707,1.5359112,1.4092195,112.7882,0.6482684,-0.6203399,31.950909
1563,ship__p3__s3,taboo,27,1,1,0.009099089,0.054970335,0.25030065,106.839195,0.6939752,-0.6408373,34.845665
1564,ship__p3__s3,taboo,28,1,1,0.002297502,0.024551768,0.24079531,120.05782,0.6602779,-0.6075069,34.63212
1565,ship__p3__s3,taboo,29,1,1,0.026807508,0.1405181,0.5438653,98.2801,0.6979669,-0.59205145,36.44413
1566,ship__p3__s4,taboo,0,1,1,0.8736639,2.7523758,5.1788673,137.82413,0.9221051,-0.6672458,28.413128
1567,ship__p3__s4,taboo,1,1,1,0.28450435,0.99073136,2.9679666,107.8831,0.86114806,-0.6678311,29.681591
1568,ship__p3__s4,taboo,2,1,1,1.3800865,2.898317,4.098574,117.336525,0.8309582,-0.6687997,29.732828
1569,ship__p3__s4,taboo,3,1,1,2.0856538,3.1949744,4.2363453,116.737305,0.8083189,-0.6951736,26.16151
1570,ship__p3__s4,taboo,4,1,1,0.13472557,0.5341725,1.3714118,104.95973,0.78449214,-0.68952316,27.487852
1571,ship__p3__s4,taboo,5,1,1,1.3443713,3.4543056,4.4863634,93.40927,0.7710966,-0.7038187,25.146433
1572,ship__p3__s4,taboo,6,1,1,0.30992264,0.9034567,2.1660295,106.50784,0.7283511,-0.66512704,27.963264
1573,ship__p3__s4,taboo,7,1,1,0.6830387,1.2798188,1.5415604,99.19995,0.70790976,-0.62843204,31.69044
1574,ship__p3__s4,taboo,8,1,1,2.4554536,3.4897838,4.7208652,121.13848,0.71550465,-0.66390544,26.852257
1575,ship__p3__s4,taboo,9,1,1,0.21525626,0.8888262,2.5125823,116.292496,0.69740844,-0.65564626,28.095495
1576,ship__p3__s4,taboo,10,1,1,0.24720496,1.0598137,2.8668118,110.38558,0.6713424,-0.62582064,30.965456
1577,ship__p3__s4,taboo,11,1,1,3.2957933,2.615854,4.6793337,106.361115,0.69818264,-0.6440722,29.048761
1578,ship__p3__s4,taboo,12,1,1,1.9375536,4.077976,4.5996547,133.62332,0.69400495,-0.64864594,29.481304
1579,ship__p3__s4,taboo,13,1,1,3.084948,3.0718646,3.1835976,120.74326,0.68971974,-0.64788157,28.66358
1580,ship__p3__s4,taboo,14,1,1,1.3079311,2.3811693,2.9390507,101.923256,0.68380064,-0.64271635,30.023966
1581,ship__p3__s4,taboo,15,1,1,0.0011910257,0.011177571,0.09306754,102.89554,0.68109536,-0.6398185,31.377432
1582,ship__p3__s4,taboo,16,1,1,2.05202,1.2541354,3.9138515,116.1559,0.6888388,-0.65092176,29.361864
1583,ship__p3__s4,taboo,17,1,1,0.070567295,0.33830962,1.1270633,128.5402,0.68819696,-0.65445906,29.64235
1584,ship__p3__s4,taboo,18,1,1,2.1945624,1.9502656,2.954206,131.73857,0.6993288,-0.66541815,27.951849
1585,ship__p3__s4,taboo,19,1,1,0.00075061753,0.0072301794,0.059157804,141.08075,0.6562093,-0.6278976,31.438164
1586,ship__p3__s4,taboo,20,1,1,0.59743994,1.5781071,3.908123,138.25787,0.66387707,-0.62576437,31.568937
1587,ship__p3__s4,taboo,21,1,1,0.024397954,0.15729469,0.7742014,117.263855,0.6999665,-0.5943101,35.81569
1588,ship__p3__s5,taboo,0,1,1,0.8786498,2.7595654,5.1499944,137.67891,0.92205817,-0.6673115,28.424494
1589,ship__p3__s5,taboo,1,1,1,0.23686148,0.90631884,2.935434,107.90288,0.86111283,-0.66810465,29.666256
1590,ship__p3__s5,taboo,2,1,1,1.7541428,2.9000044,4.117762,80.78597,0.82099813,-0.6880415,27.09503
1591,ship__p3__s5,taboo,3,1,1,1.3420514,3.3188777,4.3690796,122.31031,0.78809464,-0.68053424,28.06539
1592,ship__p3__s5,taboo,4,1,1,0.081964165,0.48221764,2.3520174,118.94806,0.78602636,-0.68899775,28.323118
1593,ship__p3__s5,taboo,5,1,1,4.2974024,4.243845,4.0135565,93.70335,0.77137935,-0.69514906,26.00495
1594,ship__p3__s5,taboo,6,1,1,1.6754978,3.3785324,3.9068184,124.402534,0.72410345,-0.6599404,27.467781
1595,ship__p3__s5,taboo,7,1,1,0.73398644,1.1233968,1.4138353,109.656586,0.7066997,-0.62078613,32.64829
1596,ship__p3__s5,taboo,8,1,1,3.8013632,4.346468,6.932059,105.91382,0.7096498,-0.65604776,27.293068
1597,ship__p3__s5,taboo,9,1,1,0.5664605,1.4211893,3.0444245,104.243744,0.70262593,-0.6588682,28.127962
1598,ship__p3__s5,taboo,10,1,1,0.011553522,0.07310309,0.36796182,106.87829,0.6758879,-0.634221,30.856918
1599,ship__p3__s5,taboo,11,1,1,0.22152643,0.867221,2.2138495,107.09935,0.67931634,-0.62472785,31.638412
1600,ship__p3__s5,taboo,12,1,1,0.5565379,1.1822193,1.3346101,124.56952,0.7150416,-0.6047647,34.543728
1601,ship__p3__s6,taboo,0,1,1,0.8983832,2.7938187,5.1232204,137.5453,0.9219827,-0.667247,28.405336
1602,ship__p3__s6,taboo,1,1,1,0.2582373,0.9467393,2.9789202,107.38878,0.86107314,-0.6679006,29.66563
1603,ship__p3__s6,taboo,2,1,1,2.3751173,2.8948371,4.1190825,110.89962,0.8281556,-0.68705577,27.951767
1604,ship__p3__s6,taboo,3,1,1,2.0283291,2.900563,5.648455,125.998535,0.80252105,-0.6987503,25.837925
1605,ship__p3__s6,taboo,4,1,1,0.9512875,3.2063527,5.9339733,66.963135,0.766,-0.683438,26.523945
1606,ship__p3__s6,taboo,5,1,1,2.173935,3.870904,4.0976496,123.08238,0.7442232,-0.67461246,26.99898
1607,ship__p3__s6,taboo,6,1,1,1.6271644,1.4599274,1.4614365,121.48683,0.7146013,-0.6362944,31.015295
1608,ship__p3__s6,taboo,7,1,1,2.1231775,3.531607,4.9215612,125.62042,0.7113319,-0.64980155,29.692537
1609,ship__p3__s6,taboo,8,1,1,0.5157281,1.5709323,2.6461532,93.63544,0.7072116,-0.62020403,32.78133
1610,ship__p3__s6,taboo,9,1,1,1.3747126,2.5604072,5.20692,77.432434,0.7054103,-0.64279884,28.751965
1611,ship__p3__s6,taboo,10,1,1,2.8409226,4.161579,4.142821,119.00283,0.7196539,-0.6531955,29.310688
1612,ship__p3__s6,taboo,11,1,1,1.0891256,2.8272839,4.3458123,110.235634,0.7185245,-0.6666778,27.571182
1613,ship__p3__s6,taboo,12,1,1,1.3220568,1.9666805,1.5052507,114.17758,0.6867034,-0.63186777,31.643
1614,ship__p3__s6,taboo,13,1,1,2.163332,3.3071373,5.1680365,113.600525,0.6880788,-0.64528674,29.042898
1615,ship__p3__s6,taboo,14,1,1,0.020716364,0.12846318,0.61769253,103.836525,0.72263306,-0.64936495,33.26178
1616,ship__p3__s6,taboo,15,1,1,0.09646825,0.36714348,1.1104654,73.99534,0.6525485,-0.6122033,32.777985
1617,ship__p3__s6,taboo,16,1,1,1.5370039,2.670857,5.7472854,73.38682,0.66131717,-0.62077016,30.982855
1618,ship__p3__s6,taboo,17,1,1,0.322924,1.0972145,3.8946757,48.257538,0.65502036,-0.61731935,32.61303
1619,ship__p3__s6,taboo,18,1,1,4.497999,4.935655,4.138563,111.94702,0.6773573,-0.63907367,30.720901
1620,ship__p3__s6,taboo,19,1,1,1.8976831,2.8738315,3.7635047,127.462654,0.6557704,-0.6111333,32.17114
1621,ship__p3__s6,taboo,20,1,1,0.16292593,0.74485826,2.4114943,123.96654,0.70344704,-0.5928285,36.072723
1622,ship__p3__s7,taboo,0,1,1,0.896855,2.7856312,5.096298,137.85747,0.92187303,-0.66726625,28.415491
1623,ship__p3__s7,taboo,1,1,1,0.28340155,0.9843051,2.9436455,107.69929,0.86100715,-0.6680351,29.662218
1624,ship__p3__s7,taboo,2,1,1,3.2493827,2.88312,4.0976105,113.61364,0.81943977,-0.6759286,28.100107
1625,ship__p3__s7,taboo,3,1,1,0.12541933,0.58734167,2.160482,90.04805,0.79083604,-0.6767636,27.010052
1626,ship__p3__s7,taboo,4,1,1,0.34719267,1.5403023,4.7294555,102.2084,0.7784963,-0.682003,27.69499
1627,ship__p3__s7,taboo,5,1,1,1.7483541,3.1326563,4.9348006,98.97416,0.7636511,-0.6885348,27.300688
1628,ship__p3__s7,taboo,6,1,1,2.4074674,3.2804427,4.223693,123.53249,0.76410156,-0.6995303,25.886946
1629,ship__p3__s7,taboo,7,1,1,1.3279977,2.693008,4.1520114,103.02551,0.75945216,-0.6985977,27.10139
1630,ship__p3__s7,taboo,8,1,1,0.7837298,2.2061648,4.1171103,124.67846,0.71779954,-0.6687165,28.396809
1631,ship__p3__s7,taboo,9,1,1,3.2843556,2.307035,3.740186,126.36139,0.7878916,-0.68264765,31.547077
1632,ship__p3__s7,taboo,10,1,1,0.000056861216,0.0009905614,0.015948668,116.92503,0.70847696,-0.66247773,29.471882
1633,ship__p3__s7,taboo,11,1,1,0.25944963,1.3409655,4.941912,113.18502,0.68859583,-0.64503545,30.406713
1634,ship__p3__s7,taboo,12,1,1,0.83083117,1.5450201,2.2595778,103.985596,0.7007171,-0.6592561,29.29163
1635,ship__p3__s7,taboo,13,1,1,0.07771082,0.46923864,2.2726872,105.814095,0.6841352,-0.636029,30.406034
1636,ship__p3__s7,taboo,14,1,1,0.26635107,0.8749718,1.7770692,86.4401,0.6750887,-0.6163464,32.93593
1637,ship__p3__s7,taboo,15,1,1,2.158692,3.3686953,4.7707434,75.209206,0.68132466,-0.63726497,29.202726
1638,ship__p3__s7,taboo,16,1,1,1.337394,3.9977849,5.6769915,126.46534,0.6889727,-0.65038484,29.298304
1639,ship__p3__s7,taboo,17,1,1,1.9282452,3.1083493,3.3925986,104.475876,0.6817732,-0.64742935,29.862272
1640,ship__p3__s7,taboo,18,1,1,0.38131636,0.97434366,1.5674086,114.04472,0.64851904,-0.6157366,33.030914
1641,ship__p3__s7,taboo,19,1,1,0.8251666,1.6429895,3.8180294,116.953804,0.6493476,-0.6184919,32.98606
1642,ship__p3__s7,taboo,20,1,1,0.9265221,2.0113645,1.8617378,106.143135,0.6544058,-0.62778485,31.54427
1643,ship__p3__s7,taboo,21,1,1,0.21589258,0.8559997,2.26009,78.45007,0.67547137,-0.64626104,30.551956
1644,ship__p3__s7,taboo,22,1,1,0.024273118,0.17544088,1.0471678,112.49848,0.653438,-0.6115246,33.567974
1645,ship__p3__s7,taboo,23,1,1,0.03423207,0.20758376,0.9889605,116.39146,0.6963437,-0.59420097,36.263737
1646,snow__p0__s0,taboo,0,1,1,0.3939663,1.7351207,6.8310795,140.4125,0.93126124,-0.65850914,28.39525
1647,snow__p0__s0,taboo,1,1,1,1.0536027,2.069591,2.391491,117.46229,0.9056537,-0.67089415,31.801168
1648,snow__p0__s0,taboo,2,1,0,0.014499889,0.09422742,0.49322152,109.0103,0.85773945,-0.6539693,29.249134
1649,snow__p0__s0,taboo,3,1,0,0.06005506,0.38660333,2.0480788,114.64576,0.8452945,-0.67063993,28.650896
1650,snow__p0__s0,taboo,4,1,0,0.018569669,0.13172755,0.73418474,79.92157,0.8075224,-0.6187462,32.688953
1651,snow__p0__s0,taboo,5,1,0,0.07361365,0.283132,0.74552864,68.393166,0.7876652,-0.6326083,31.475254
1652,snow__p0__s0,taboo,6,1,0,0.04374816,0.28668314,1.4945973,114.00546,0.78508455,-0.6379824,32.21691
1653,snow__p0__s0,taboo,7,1,0,0.14220552,0.5834818,1.6010523,95.73226,0.77257264,-0.64554703,30.830603
1654,snow__p0__s0,taboo,8,1,1,0.019243687,0.1069337,0.42549804,115.13723,0.83273804,-0.6526658,34.31279
1655,snow__p0__s0,taboo,9,1,0,0.000062821324,0.0008943325,0.011579606,126.78653,0.7576477,-0.6281393,32.793606
1656,snow__p0__s0,taboo,10,1,0,0.21810588,0.88284934,2.4774117,118.555466,0.7535509,-0.60966575,33.50103
1657,snow__p0__s0,taboo,11,1,0,0.51613474,0.900786,1.1171432,83.508484,0.74015486,-0.59668785,34.35057
1658,snow__p0__s0,taboo,12,1,0,0.02925538,0.2155282,1.3230504,79.77237,0.7318832,-0.5789498,35.957115
1659,snow__p0__s0,taboo,13,1,0,0.0075968886,0.068164945,0.53501695,94.60696,0.70818305,-0.5827172,36.898495
1660,snow__p0__s0,taboo,14,1,0,0.43470225,1.4219197,2.3993974,61.463802,0.69003737,-0.59693813,34.32727
1661,snow__p0__s0,taboo,15,1,0,0.7343688,1.4793572,1.5333221,118.33679,0.6987351,-0.5840795,36.39896
1662,snow__p0__s0,taboo,16,1,0,0.21082385,1.0056,3.1751137,103.861275,0.70779353,-0.61612034,31.721363
1663,snow__p0__s0,taboo,17,1,1,0.001249367,0.011886566,0.09663899,71.13795,0.73205423,-0.60595185,35.505413
1664,snow__p0__s0,taboo,18,1,0,0.18186115,0.6724361,1.9822098,119.7611,0.7072678,-0.6225508,33.206287
1665,snow__p0__s0,taboo,19,1,0,0.59417343,0.80891556,0.69442177,110.30224,0.7641261,-0.6501571,35.1449
1666,snow__p0__s0,taboo,20,1,0,0.5282815,0.7093893,0.20785476,109.8343,0.70776546,-0.64129436,31.468376
1667,snow__p0__s0,taboo,21,1,0,0.12941815,0.38669837,0.5724327,87.20162,0.70458317,-0.6488196,31.138706
1668,snow__p0__s0,taboo,22,1,0,0.028023385,0.14581212,0.54351044,96.85363,0.68122053,-0.62517023,33.27111
1669,snow__p0__s0,taboo,23,1,0,0.00015090757,0.0020844394,0.0259738,98.591736,0.6963282,-0.62065905,33.160603
1670,snow__p0__s0,taboo,24,1,0,0.70718473,1.6015544,1.5715977,116.53826,0.68512315,-0.6144132,34.481422
1671,snow__p0__s0,taboo,25,1,0,0.00081636955,0.008313965,0.07373873,71.63783,0.6911577,-0.6127618,34.458416
1672,snow__p0__s0,taboo,26,1,0,0.005630704,0.04837884,0.34039032,89.59075,0.6994476,-0.61010605,34.844673
1673,snow__p0__s0,taboo,27,1,0,0.46322834,1.0794454,1.8955638,116.53926,0.67892873,-0.6043648,34.73404
1674,snow__p0__s0,taboo,28,1,0,0.8592489,1.434338,1.0079236,113.633896,0.6593185,-0.6009714,35.36598
1675,snow__p0__s0,taboo,29,1,0,0.0061120978,0.051879764,0.36032516,84.364845,0.6558419,-0.60521597,34.57035
1676,snow__p0__s1,taboo,0,1,1,0.39359337,1.732437,6.8140373,141.09373,0.9311811,-0.6584824,28.398651
1677,snow__p0__s1,taboo,1,1,1,0.9968424,2.0391786,2.3833847,118.30769,0.9058416,-0.67192966,31.709179
1678,snow__p0__s1,taboo,2,1,0,0.014435618,0.09357545,0.48739007,109.39097,0.85766625,-0.6539373,29.2586
1679,snow__p0__s1,taboo,3,1,0,0.056265257,0.36348593,1.9312208,115.37915,0.84518975,-0.67063856,28.637531
1680,snow__p0__s1,taboo,4,1,0,0.0177795,0.12692912,0.71463275,79.95639,0.80765396,-0.6189733,32.680378
1681,snow__p0__s1,taboo,5,1,0,0.073468335,0.2819136,0.7373046,68.46253,0.7880776,-0.6329757,31.472363
1682,snow__p0__s1,taboo,6,1,0,0.042957317,0.2808553,1.4620135,113.69544,0.78507394,-0.63776696,32.2211
1683,snow__p0__s1,taboo,7,1,0,0.14260831,0.5863676,1.6163329,95.869194,0.77281034,-0.6458006,30.813686
1684,snow__p0__s1,taboo,8,1,1,0.019669015,0.10981914,0.44021165,115.18296,0.8330164,-0.65265393,34.283092
1685,snow__p0__s1,taboo,9,1,0,0.00006806619,0.0009539373,0.012179362,126.59431,0.7578465,-0.6280551,32.804913
1686,snow__p0__s1,taboo,10,1,0,0.24175327,0.94129884,2.52205,118.755455,0.7535633,-0.6093527,33.50018
1687,snow__p0__s1,taboo,11,1,0,0.4705587,0.88263816,1.1352513,83.998856,0.7401631,-0.59681827,34.33677
1688,snow__p0__s1,taboo,12,1,0,0.026404712,0.19798851,1.238051,79.57525,0.7323012,-0.57914096,35.944378
1689,snow__p0__s1,taboo,13,1,0,0.00817004,0.07225846,0.56083274,94.27823,0.7082363,-0.58258295,36.91541
1690,snow__p0__s1,taboo,14,1,0,0.4345987,1.421123,2.3949504,61.385056,0.68996334,-0.59697247,34.31476
1691,snow__p0__s1,taboo,15,1,0,1.3612113,1.4866799,1.5495703,82.72526,0.69252044,-0.5888748,36.805847
1692,snow__p0__s1,taboo,16,1,0,0.051754147,0.28824553,1.1907429,104.46416,0.70309573,-0.6094903,33.786297
1693,snow__p0__s1,taboo,17,1,0,0.6251149,1.5309078,1.559026,92.13782,0.707574,-0.617589,34.159306
1694,snow__p0__s1,taboo,18,1,0,0.36323407,1.1170143,2.119693,113.93626,0.71527517,-0.6195747,34.20501
1695,snow__p0__s1,taboo,19,1,0,0.16768922,0.85216206,3.1352816,125.8827,0.6900468,-0.60457194,35.274773
1696,snow__p0__s1,taboo,20,1,0,1.0250034,1.5091317,2.2917295,96.847534,0.69150877,-0.59608525,36.520565
1697,snow__p0__s1,taboo,21,1,0,1.52106,1.3570137,1.1747128,76.576195,0.69802696,-0.5978025,36.66919
1698,snow__p0__s1,taboo,22,1,0,0.23384431,0.5585834,0.60204303,95.47747,0.69536144,-0.5869536,36.91368
1699,snow__p0__s1,taboo,23,1,0,0.030509682,0.20988426,1.1666129,98.153824,0.6774535,-0.57512283,38.776386
1700,snow__p0__s1,taboo,24,1,0,1.7554977,1.4023664,1.4434605,108.390015,0.65929705,-0.57542396,37.925728
1701,snow__p0__s1,taboo,25,1,0,0.49002004,1.0878246,0.9185083,118.83228,0.6666773,-0.58411705,37.149456
1702,snow__p0__s1,taboo,26,1,0,0.0023149853,0.024981378,0.23724017,125.50091,0.6590169,-0.56662744,39.2642
1703,snow__p0__s1,taboo,27,1,0,0.14704278,0.4955248,1.0961944,123.15702,0.6531264,-0.574101,38.206264
1704,snow__p0__s1,taboo,28,1,0,0.29868183,1.2744542,3.3117197,105.86254,0.6811234,-0.6106675,33.062008
1705,snow__p0__s1,taboo,29,1,1,0.0011349434,0.011206923,0.09485256,71.30138,0.7092957,-0.6037842,36.247875
1706,snow__p0__s2,taboo,0,1,0,1.8939348,1.7344004,6.8217897,139.02412,0.9145078,-0.681536,27.331388
1707,snow__p0__s2,taboo,1,1,0,0.022192817,0.14812145,0.7717258,82.427765,0.8432492,-0.6270278,31.547705
1708,snow__p0__s2,taboo,2,1,0,0.44565296,0.77718896,0.944136,58.34387,0.81140256,-0.63827926,30.294476
1709,snow__p0__s2,taboo,3,1,0,0.073491596,0.467293,2.3416271,115.634926,0.812812,-0.64557385,30.69265
1710,snow__p0__s2,taboo,4,1,0,0.22450961,0.85735273,2.098515,93.56246,0.78529024,-0.6481193,29.916489
1711,snow__p0__s2,taboo,5,1,1,0.2908342,0.6194463,0.5456184,114.16224,0.86346644,-0.6610427,32.92319
1712,snow__p0__s2,taboo,6,1,0,0.00010859377,0.0015136944,0.019115359,127.7576,0.77155036,-0.6293785,32.226913
1713,snow__p0__s2,taboo,7,1,0,0.2717715,1.0494866,2.8080568,116.81345,0.76316744,-0.6107405,33.17917
1714,snow__p0__s2,taboo,8,1,0,1.1172009,0.9859504,1.4820526,78.72267,0.7828168,-0.60173666,34.60568
1715,snow__p0__s2,taboo,9,1,0,0.213328,0.8268067,2.3603287,75.70926,0.7607808,-0.5836981,36.005013
1716,snow__p0__s2,taboo,10,1,0,0.00663826,0.064168245,0.5320891,94.54329,0.7268022,-0.5824981,37.42073
1717,snow__p0__s2,taboo,11,1,0,0.4223132,1.5468199,3.0577836,60.954544,0.70018035,-0.59769386,34.312725
1718,snow__p0__s2,taboo,12,1,0,0.75378,1.664101,1.7728736,117.836334,0.7112753,-0.5856932,36.181763
1719,snow__p0__s2,taboo,13,1,0,0.30811387,1.3295506,3.553433,104.07365,0.71903473,-0.6186527,31.60036
1720,snow__p0__s2,taboo,14,1,1,0.0018612696,0.01686856,0.12918624,68.89852,0.74359953,-0.6069886,35.62487
1721,snow__p0__s2,taboo,15,1,0,0.20954713,0.7598781,2.2213964,117.24776,0.7205874,-0.6293614,32.971672
1722,snow__p0__s2,taboo,16,1,0,0.65641403,0.84698766,0.823706,99.5855,0.70023566,-0.6191455,33.606487
1723,snow__p0__s2,taboo,17,1,0,0.6965581,1.8005695,2.4427516,116.18409,0.70133287,-0.61523104,34.131058
1724,snow__p0__s2,taboo,18,1,0,0.0026744572,0.023681628,0.18137617,67.07019,0.7064359,-0.6131129,34.590656
1725,snow__p0__s2,taboo,19,1,1,0.012541004,0.09917081,0.63878655,88.54935,0.71918416,-0.61071604,35.187885
1726,snow__p0__s2,taboo,20,1,0,0.6005393,1.2439286,2.4042406,115.04078,0.6949817,-0.60785365,34.357094
1727,snow__p0__s2,taboo,21,1,0,1.6536717,1.6510416,1.3178821,101.67526,0.67323047,-0.6153678,33.207916
1728,snow__p0__s2,taboo,22,1,0,0.0045604273,0.03406025,0.2081368,97.22101,0.689027,-0.6244112,33.42644
1729,snow__p0__s2,taboo,23,1,1,0.057492793,0.3052466,1.1037414,109.70544,0.7980913,-0.66972286,34.116398
1730,snow__p0__s2,taboo,24,1,0,0.0069573526,0.043413073,0.20569742,104.89872,0.6860418,-0.6300161,33.075306
1731,snow__p0__s2,taboo,25,1,0,0.0006532919,0.0069324104,0.064138025,108.29365,0.6451999,-0.59617805,35.296165
1732,snow__p0__s2,taboo,26,1,0,1.1590997,1.1223207,1.5279257,112.3446,0.6557465,-0.5720024,36.84723
1733,snow__p0__s2,taboo,27,1,0,1.0803692,1.4266441,1.694524,118.307175,0.6866397,-0.63020355,31.641088
1734,snow__p0__s2,taboo,28,1,0,0.0011887634,0.011511331,0.093950145,95.42524,0.6811783,-0.62898767,33.29893
1735,snow__p0__s2,taboo,29,1,0,0.011265243,0.076059856,0.38924578,111.70231,0.6559437,-0.60875,35.01666
1736,snow__p0__s3,taboo,0,1,1,0.3939663,1.7351207,6.8310795,140.4125,0.93126124,-0.65850914,28.39525
1737,snow__p0__s3,taboo,1,1,0,2.5536027,2.069591,2.391491,124.545685,0.8694707,-0.66408837,28.29462
1738,snow__p0__s3,taboo,2,1,0,2.3729918,1.0473514,3.1214042,49.110455,0.80860674,-0.6518064,29.622128
1739,snow__p0__s3,taboo,3,1,0,0.08700048,0.49850538,2.1225939,114.91784,0.7848157,-0.61570644,32.02072
1740,snow__p0__s3,taboo,4,1,0,0.7577189,1.028806,1.3749166,81.72978,0.7728509,-0.6064662,32.914284
1741,snow__p0__s3,taboo,5,1,0,0.051779617,0.34776425,1.9164221,74.76889,0.75692374,-0.5878881,34.6334
1742,snow__p0__s3,taboo,6,1,0,0.012131242,0.096733294,0.6829369,97.53433,0.7268759,-0.58552676,35.889294
1743,snow__p0__s3,taboo,7,1,0,0.61268497,1.822109,2.7821949,90.171,0.73034847,-0.6000413,34.21313
1744,snow__p0__s3,taboo,8,1,0,1.23381,1.0194228,1.3773525,106.332985,0.7233193,-0.6136703,32.674168
1745,snow__p0__s3,taboo,9,1,0,1.3363357,1.8443031,1.7493289,107.68439,0.7300984,-0.60462457,34.90411
1746,snow__p0__s3,taboo,10,1,0,0.44521025,1.4125698,3.3367834,98.77992,0.7319122,-0.60158145,36.10987
1747,snow__p0__s3,taboo,11,1,0,0.25201392,1.0912519,3.5965452,106.09216,0.7125061,-0.58434486,36.574646
1748,snow__p0__s3,taboo,12,1,0,1.1485413,0.7110716,0.64096713,108.13969,0.7435561,-0.6152135,35.29982
1749,snow__p0__s3,taboo,13,1,0,0.0007653883,0.0088120885,0.09026633,122.66759,0.70113444,-0.58287424,37.933983
1750,snow__p0__s3,taboo,14,1,0,1.2850134,0.90507203,1.3421363,93.762146,0.67517716,-0.5683268,37.740974
1751,snow__p0__s3,taboo,15,1,0,0.23155306,0.80433124,1.6980828,118.8449,0.6922493,-0.586617,35.67455
1752,snow__p0__s3,taboo,16,1,0,0.20254141,1.0021766,3.3318949,101.5815,0.71508735,-0.6149316,31.637577
1753,snow__p0__s3,taboo,17,1,1,0.0024686358,0.02171847,0.16216663,68.35799,0.7311775,-0.60459775,35.465256
1754,snow__p0__s3,taboo,18,1,0,0.19787514,0.83156544,2.786292,117.42939,0.71259415,-0.625233,32.534206
1755,snow__p0__s3,taboo,19,1,0,1.6237631,1.2574571,1.602187,111.65671,0.7673929,-0.6625103,32.899757
1756,snow__p0__s3,taboo,20,1,0,0.83456415,0.7368445,0.26774597,108.54886,0.69904894,-0.62915695,31.623695
1757,snow__p0__s3,taboo,21,1,0,0.0792572,0.41919443,1.6324158,102.25635,0.6852543,-0.6250138,32.249844
1758,snow__p0__s3,taboo,22,1,0,0.00033647122,0.0043669883,0.05050063,98.42319,0.6918441,-0.61881924,33.047832
1759,snow__p0__s3,taboo,23,1,0,1.5207672,1.9966946,1.2324679,118.46177,0.68087125,-0.6240214,33.044575
1760,snow__p0__s3,taboo,24,1,0,0.3147165,0.85593253,1.559036,109.78079,0.67968684,-0.6039427,35.103065
1761,snow__p0__s3,taboo,25,1,0,0.37603077,1.0072155,1.7850494,112.30616,0.6919791,-0.6278169,32.963955
1762,snow__p0__s3,taboo,26,1,0,0.10253812,0.50570285,1.8245318,104.90806,0.65587014,-0.6057194,34.530476
1763,snow__p0__s3,taboo,27,1,0,0.85243434,1.5091648,1.3195217,118.27089,0.65592927,-0.5793251,35.76231
1764,snow__p0__s3,taboo,28,1,0,0.5078415,1.5928217,3.0090709,115.20328,0.69611937,-0.63280106,30.259163
1765,snow__p0__s3,taboo,29,1,0,0.0010799296,0.009674553,0.07245908,87.29793,0.6945308,-0.63255715,32.406662
1766,snow__p0__s4,taboo,0,1,1,0.39666742,1.7510545,6.8863974,141.18082,0.9313468,-0.658809,28.367035
1767,snow__p0__s4,taboo,1,1,0,2.6205072,2.0344005,2.3788924,124.545425,0.86943936,-0.66396415,28.300549
1768,snow__p0__s4,taboo,2,1,0,0.25595734,1.0802405,3.19829,119.47614,0.81238616,-0.6282935,30.626492
1769,snow__p0__s4,taboo,3,1,0,0.43942645,0.93489546,1.5310607,83.756775,0.78396,-0.6118153,32.42276
1770,snow__p0__s4,taboo,4,1,0,0.064474195,0.43257976,2.3366811,78.97186,0.7603964,-0.58624697,34.616314
1771,snow__p0__s4,taboo,5,1,0,0.016300848,0.13476267,0.943908,88.028015,0.7407477,-0.5930599,35.291965
1772,snow__p0__s4,taboo,6,1,0,0.3930857,1.2295418,2.3894033,61.58079,0.7254319,-0.6092953,32.409992
1773,snow__p0__s4,taboo,7,1,0,0.42890328,1.2631984,2.19586,81.76144,0.7367116,-0.6012039,34.62781
1774,snow__p0__s4,taboo,8,1,0,1.228155,0.9836547,1.2038437,104.474075,0.7279176,-0.6167889,32.592827
1775,snow__p0__s4,taboo,9,1,0,0.8798104,1.7792965,1.6522274,87.76999,0.72919995,-0.62502,32.783913
1776,snow__p0__s4,taboo,10,1,0,0.6783304,1.5669856,2.3233795,111.94622,0.7349309,-0.62624174,32.998013
1777,snow__p0__s4,taboo,11,1,0,0.22580858,1.1914783,4.4731646,123.55868,0.7057271,-0.6096214,34.450077
1778,snow__p0__s4,taboo,12,1,0,1.0120845,1.7140785,2.757131,94.90688,0.70561826,-0.5995413,35.898716
1779,snow__p0__s4,taboo,13,1,0,0.79632527,1.4485881,1.6676813,104.93489,0.670904,-0.57392764,38.48073
1780,snow__p0__s4,taboo,14,1,0,0.6992317,2.1664324,3.4465683,117.562164,0.702023,-0.5997831,36.86591
1781,snow__p0__s4,taboo,15,1,0,0.39137962,1.5956523,4.2053194,114.89891,0.7078666,-0.5979013,36.558067
1782,snow__p0__s4,taboo,16,1,0,0.2865126,1.4102759,4.673207,106.69896,0.6978037,-0.5754135,38.23679
1783,snow__p0__s4,taboo,17,1,0,0.28617913,0.60736465,0.67193854,91.111,0.67498636,-0.5661525,38.833187
1784,snow__p0__s4,taboo,18,1,0,0.41318312,1.341454,2.811432,125.9814,0.6782052,-0.57820785,36.300278
1785,snow__p0__s4,taboo,19,1,0,0.25227553,1.1473417,3.3313217,98.94975,0.7042256,-0.6116722,32.2182
1786,snow__p0__s4,taboo,20,1,1,0.0025770809,0.022272073,0.16401388,68.87239,0.7307966,-0.6067681,35.55662
1787,snow__p0__s4,taboo,21,1,0,0.1531221,0.68754286,2.4976091,115.6835,0.70573235,-0.62225,33.08574
1788,snow__p0__s4,taboo,22,1,0,0.5177613,1.2771279,1.4774648,96.37759,0.6901401,-0.61694,33.26318
1789,snow__p0__s4,taboo,23,1,0,1.061567,2.1897876,1.9109168,117.12294,0.67994285,-0.60521513,34.850864
1790,snow__p0__s4,taboo,24,1,0,0.003526423,0.031621974,0.2429107,64.34095,0.68890184,-0.60761154,35.34792
1791,snow__p0__s4,taboo,25,1,1,0.039250363,0.25112933,1.2718117,85.9656,0.70047915,-0.60724604,35.39282
1792,snow__p0__s4,taboo,26,1,0,0.9149622,1.3492327,2.6013694,67.821556,0.6750766,-0.60670286,33.344406
1793,snow__p0__s4,taboo,27,1,0,0.1734754,0.6150039,1.8641965,103.86178,0.6682652,-0.59277993,35.270214
1794,snow__p0__s4,taboo,28,1,1,1.3121408,1.6940243,1.5161729,105.12192,0.66638726,-0.58460313,35.989807
1795,snow__p0__s4,taboo,29,1,1,0.31346887,0.9807164,1.6281763,82.65675,0.70652235,-0.59901214,36.106583
1796,snow__p0__s5,taboo,0,1,1,0.43097115,1.823804,6.9661336,140.71132,0.9313224,-0.6587245,28.350441
1797,snow__p0__s5,taboo,1,1,0,2.5527177,2.0652926,2.3796043,124.21091,0.86940956,-0.66369116,28.333914
1798,snow__p0__s5,taboo,2,1,0,0.25312293,1.071471,3.2000322,119.420006,0.8122748,-0.6281146,30.613834
1799,snow__p0__s5,taboo,3,1,1,1.1058216,0.95181113,1.4850041,79.81398,0.8144456,-0.6082975,33.04187
1800,snow__p0__s5,taboo,4,1,0,0.18910933,0.77974325,2.4561005,75.87981,0.7792616,-0.5883988,35.17673
1801,snow__p0__s5,taboo,5,1,0,0.0074557383,0.07099727,0.5803824,92.62144,0.74929017,-0.59017813,36.044964
1802,snow__p0__s5,taboo,6,1,0,0.37345386,1.3762728,3.1179132,63.882458,0.7288785,-0.60997695,32.528282
1803,snow__p0__s5,taboo,7,1,0,1.3923193,1.3441615,2.1769214,112.53629,0.74593544,-0.5941741,34.41446
1804,snow__p0__s5,taboo,8,1,0,0.16045624,0.8586462,3.1846356,99.03081,0.74694693,-0.6193776,30.876743
1805,snow__p0__s5,taboo,9,1,1,0.0034734413,0.029250292,0.20930977,66.68834,0.762047,-0.6082587,35.01884
1806,snow__p0__s5,taboo,10,1,0,1.8817853,1.3472877,3.346439,90.52222,0.74107707,-0.63764656,30.355251
1807,snow__p0__s5,taboo,11,1,0,0.010923116,0.08531019,0.54850745,117.358284,0.74237686,-0.6344982,31.785168
1808,snow__p0__s5,taboo,12,1,0,1.6435589,1.8595536,2.7129278,120.674545,0.79185116,-0.6474225,34.166008
1809,snow__p0__s5,taboo,13,1,0,0.021469215,0.10769341,0.36489174,101.43893,0.7308283,-0.6465305,30.534033
1810,snow__p0__s5,taboo,14,1,0,0.0030919148,0.028273605,0.22031003,106.16181,0.6995675,-0.6265634,31.701775
1811,snow__p0__s5,taboo,15,1,0,0.77501106,1.1654,0.73899806,111.22089,0.7108677,-0.62493014,33.048943
1812,snow__p0__s5,taboo,16,1,0,0.72214264,1.5378853,1.9627062,131.3059,0.7097291,-0.62706983,33.020916
1813,snow__p0__s5,taboo,17,1,0,0.7925024,1.2342502,1.3640924,109.23091,0.7091251,-0.6217272,33.695946
1814,snow__p0__s5,taboo,18,1,0,0.36796862,0.9962735,1.9966455,114.43524,0.71580285,-0.6280127,33.659
1815,snow__p0__s5,taboo,19,1,0,0.32206267,0.8766657,1.2857957,113.72367,0.7039584,-0.6249667,35.59448
1816,snow__p0__s5,taboo,20,1,0,0.009244495,0.07713041,0.5394546,133.82603,0.68285614,-0.6150981,34.361168
1817,snow__p0__s5,taboo,21,1,0,0.00094738416,0.011821473,0.13197652,98.87188,0.658546,-0.5991242,35.91647
1818,snow__p0__s5,taboo,22,1,0,0.28833064,1.0028789,2.2663348,97.18823,0.6535431,-0.58911324,36.055622
1819,snow__p0__s5,taboo,23,1,0,0.07677695,0.43050864,1.8308675,99.395134,0.6811515,-0.61249226,33.95356
1820,snow__p0__s5,taboo,24,1,0,0.5748397,0.9170275,0.8186017,92.32556,0.6701697,-0.6128832,33.481373
1821,snow__p0__s5,taboo,25,1,0,1.5720971,1.225903,2.2192006,111.04483,0.67450273,-0.61158216,33.559353
1822,snow__p0__s5,taboo,26,1,0,0.90492904,1.0156982,1.0558164,67.27593,0.64928365,-0.59137297,36.613758
1823,snow__p0__s5,taboo,27,1,0,0.01157379,0.0724484,0.35662103,63.621773,0.67988986,-0.6105694,35.225395
1824,snow__p0__s5,taboo,28,1,0,0.049325168,0.28838065,1.2956525,84.86759,0.6776743,-0.6033661,35.46409
1825,snow__p0__s5,taboo,29,1,0,0.57686263,1.3300734,2.4912372,115.34268,0.6668643,-0.59933543,34.95756
1826,snow__p0__s6,taboo,0,1,1,0.38906002,1.7170873,6.8231072,141.12273,0.93131745,-0.65870076,28.374113
1827,snow__p0__s6,taboo,1,1,1,1.0030868,2.0403974,2.3529148,118.20835,0.90540004,-0.67106503,31.776035
1828,snow__p0__s6,taboo,2,1,0,0.012905998,0.08593411,0.4649627,109.61276,0.8577884,-0.65416586,29.242298
1829,snow__p0__s6,taboo,3,1,0,0.058462605,0.3747164,1.9719354,115.33605,0.8452889,-0.6704723,28.650715
1830,snow__p0__s6,taboo,4,1,0,0.02053898,0.14337878,0.7848596,80.29609,0.807657,-0.6187671,32.67434
1831,snow__p0__s6,taboo,5,1,0,0.0736853,0.28387657,0.7520874,68.19632,0.78787607,-0.63290346,31.459751
1832,snow__p0__s6,taboo,6,1,0,0.04683135,0.301785,1.5453779,113.82064,0.78513134,-0.6380531,32.20164
1833,snow__p0__s6,taboo,7,1,0,0.13087483,0.55162287,1.5669227,95.92135,0.77260524,-0.6456352,30.828157
1834,snow__p0__s6,taboo,8,1,1,0.01966399,0.10975481,0.4394737,115.2574,0.8328189,-0.65248036,34.2948
1835,snow__p0__s6,taboo,9,1,0,0.00006317893,0.0008997776,0.011643884,127.11334,0.7578964,-0.62812394,32.7948
1836,snow__p0__s6,taboo,10,1,0,0.23820959,0.9233482,2.4568,118.73201,0.7534246,-0.60934466,33.519897
1837,snow__p0__s6,taboo,11,1,0,0.47090074,0.88535786,1.1536497,83.840385,0.7400102,-0.5965944,34.35933
1838,snow__p0__s6,taboo,12,1,0,0.026746461,0.20064923,1.2548795,79.66372,0.7319706,-0.5788879,35.944267
1839,snow__p0__s6,taboo,13,1,0,0.0069656395,0.06368105,0.509892,94.266594,0.70795065,-0.58249754,36.920193
1840,snow__p0__s6,taboo,14,1,0,0.43476915,1.4220098,2.3972235,61.276035,0.68992025,-0.5970715,34.309242
1841,snow__p0__s6,taboo,15,1,0,0.7345871,1.4807063,1.5387965,118.38557,0.69875646,-0.5839141,36.40673
1842,snow__p0__s6,taboo,16,1,0,0.20518425,0.9857177,3.1537123,103.92659,0.7078614,-0.6163862,31.687204
1843,snow__p0__s6,taboo,17,1,1,0.0011111283,0.0107203685,0.088498875,70.92737,0.7321549,-0.6061239,35.483448
1844,snow__p0__s6,taboo,18,1,0,0.16412738,0.6352723,1.9650682,119.53914,0.7072533,-0.62261504,33.200447
1845,snow__p0__s6,taboo,19,1,0,0.8440629,0.80800855,0.6885761,103.27375,0.6926719,-0.6170029,33.609707
1846,snow__p0__s6,taboo,20,1,0,0.5348655,1.5870528,2.4985223,118.577705,0.69344074,-0.61300665,34.300526
1847,snow__p0__s6,taboo,21,1,0,0.0011025547,0.011320983,0.10171309,70.581055,0.6993768,-0.61284614,34.713367
1848,snow__p0__s6,taboo,22,1,0,0.010829959,0.08624784,0.55822647,89.01951,0.7109422,-0.6115343,35.177967
1849,snow__p0__s6,taboo,23,1,0,0.6390506,1.2017965,2.133844,116.515465,0.68944556,-0.6078965,34.557255
1850,snow__p0__s6,taboo,24,1,0,0.7253199,1.5405186,1.3811325,114.34614,0.67146736,-0.6059161,34.63068
1851,snow__p0__s6,taboo,25,1,0,0.008910063,0.071223766,0.4637583,82.923485,0.6615914,-0.6069839,34.260517
1852,snow__p0__s6,taboo,26,1,0,0.004197834,0.037126854,0.2744156,76.8215,0.6791318,-0.6037192,35.965412
1853,snow__p0__s6,taboo,27,1,0,0.02368584,0.16610865,0.9401638,109.06892,0.67121565,-0.5963149,35.859055
1854,snow__p0__s6,taboo,28,1,1,0.6437933,1.2437894,1.1076847,66.97551,0.6754645,-0.5949837,37.37032
1855,snow__p0__s6,taboo,29,1,0,0.28863785,0.99803275,1.9643223,113.93198,0.65496624,-0.5715165,37.204433
1856,snow__p0__s7,taboo,0,1,1,0.39585003,1.7460701,6.869166,140.98671,0.93135005,-0.65856797,28.373325
1857,snow__p0__s7,taboo,1,1,1,1.0533226,2.0680394,2.386629,117.78268,0.9059237,-0.6720577,31.694366
1858,snow__p0__s7,taboo,2,1,0,0.013108271,0.087247655,0.47089767,109.295784,0.8577409,-0.6541351,29.245216
1859,snow__p0__s7,taboo,3,1,0,0.058523323,0.37507805,1.9729104,115.306244,0.8453235,-0.67045504,28.660618
1860,snow__p0__s7,taboo,4,1,0,0.018740263,0.13294804,0.7405301,80.23282,0.80757546,-0.619034,32.671726
1861,snow__p0__s7,taboo,5,1,0,0.06553195,0.26222923,0.7338506,68.5477,0.7883268,-0.6330069,31.463133
1862,snow__p0__s7,taboo,6,1,0,0.041589674,0.27464896,1.4481581,113.99297,0.78521913,-0.6381812,32.209282
1863,snow__p0__s7,taboo,7,1,0,0.14158562,0.5809002,1.5981026,96.25761,0.7728234,-0.6457276,30.845755
1864,snow__p0__s7,taboo,8,1,1,0.019496942,0.10849003,0.43194038,115.92992,0.8331422,-0.6522572,34.344402
1865,snow__p0__s7,taboo,9,1,0,0.000060556486,0.0008574888,0.011040384,127.17582,0.757937,-0.6281565,32.79878
1866,snow__p0__s7,taboo,10,1,0,0.21517907,0.8690563,2.4432793,119.06703,0.75368845,-0.60994005,33.48289
1867,snow__p0__s7,taboo,11,1,0,0.46839535,0.8757663,1.1276982,83.990555,0.740131,-0.59664774,34.36449
1868,snow__p0__s7,taboo,12,1,0,0.02838254,0.20827617,1.2727932,79.794586,0.73190945,-0.5788698,35.962776
1869,snow__p0__s7,taboo,13,1,0,0.0075726355,0.067920476,0.533041,94.81795,0.7084242,-0.5829012,36.899094
1870,snow__p0__s7,taboo,14,1,0,2.6849616,1.422892,2.3992634,126.86442,0.70222354,-0.58792514,35.406033
1871,snow__p0__s7,taboo,15,1,0,0.43247503,1.6022441,3.3839412,109.60216,0.7145816,-0.6216839,30.76286
1872,snow__p0__s7,taboo,16,1,1,0.0012293647,0.0116462875,0.09444078,71.00148,0.7287067,-0.6079808,34.712143
1873,snow__p0__s7,taboo,17,1,0,0.18431388,0.683415,2.0064828,119.812164,0.7082586,-0.6251604,32.83334
1874,snow__p0__s7,taboo,18,1,0,0.9200369,0.8217471,0.81260693,103.63277,0.697235,-0.62147504,33.01796
1875,snow__p0__s7,taboo,19,1,0,2.9968069,1.941047,2.3104205,121.72426,0.70558923,-0.62123996,32.56608
1876,snow__p0__s7,taboo,20,1,0,0.7545228,1.0078244,1.2606487,94.12578,0.71817964,-0.6150923,33.685936
1877,snow__p0__s7,taboo,21,1,0,0.9458123,1.3814738,2.3869958,72.213936,0.6851018,-0.61289215,32.66272
1878,snow__p0__s7,taboo,22,1,0,0.22390562,0.7208296,1.8442934,107.22795,0.68584335,-0.60604393,33.842392
1879,snow__p0__s7,taboo,23,1,0,0.86470866,1.638575,1.3795881,114.3059,0.6681686,-0.60440516,34.572758
1880,snow__p0__s7,taboo,24,1,0,1.3297291,1.9105171,1.6839999,80.400276,0.65989375,-0.6038713,33.89695
1881,snow__p0__s7,taboo,25,1,0,0.003111761,0.03017722,0.24710211,88.68684,0.68304217,-0.6065357,34.74514
1882,snow__p0__s7,taboo,26,1,0,0.03742129,0.26059008,1.439448,107.45888,0.6715581,-0.59821475,35.268356
1883,snow__p0__s7,taboo,27,1,0,0.65696436,1.2479558,1.1140465,65.205055,0.6726912,-0.5965304,36.90609
1884,snow__p0__s7,taboo,28,1,0,0.24436529,0.94275385,2.2178166,112.09025,0.65324473,-0.5729975,36.882793
1885,snow__p0__s7,taboo,29,1,0,0.2878315,1.1379683,3.0121255,116.05469,0.68632114,-0.6322786,31.217007
1886,snow__p1__s0,taboo,0,1,1,0.7342094,3.0787516,8.657362,145.37192,0.9291615,-0.65737045,28.316322
1887,snow__p1__s0,taboo,1,1,1,1.1622084,2.3017707,2.6189609,121.90277,0.9037885,-0.6574042,32.525223
1888,snow__p1__s0,taboo,2,1,0,0.029547084,0.1616011,0.6968509,108.22059,0.85337913,-0.6574054,29.145977
1889,snow__p1__s0,taboo,3,1,0,0.14313513,0.7342602,2.9615788,116.017044,0.8407878,-0.6767788,28.187508
1890,snow__p1__s0,taboo,4,1,0,0.030397518,0.19780502,0.99490327,78.09719,0.8059932,-0.6244113,32.116756
1891,snow__p1__s0,taboo,5,1,0,0.08510164,0.3240944,0.8654478,66.87989,0.7859904,-0.63555384,31.151674
1892,snow__p1__s0,taboo,6,1,0,0.06328307,0.41214538,2.0919902,116.03247,0.7813519,-0.6410259,31.837753
1893,snow__p1__s0,taboo,7,1,0,0.18369891,0.7179507,1.8362676,94.50457,0.770158,-0.6492695,30.536785
1894,snow__p1__s0,taboo,8,1,1,0.026281752,0.1436404,0.5570578,112.258606,0.84111357,-0.6429811,35.914783
1895,snow__p1__s0,taboo,9,1,0,0.000058410846,0.00078254874,0.009554444,129.47874,0.75769985,-0.63249314,32.4398
1896,snow__p1__s0,taboo,10,1,0,0.4980239,1.5876882,3.3029337,125.12227,0.7548954,-0.62111855,32.45786
1897,snow__p1__s0,taboo,11,1,0,0.7260581,1.1840116,1.9155738,83.34958,0.7664027,-0.6034174,34.31813
1898,snow__p1__s0,taboo,12,1,0,0.9277863,1.6811006,2.5826297,104.50255,0.7286838,-0.57903755,37.100956
1899,snow__p1__s0,taboo,13,1,0,0.2176691,1.1086861,3.7487004,76.63178,0.693402,-0.59755385,34.261276
1900,snow__p1__s0,taboo,14,1,0,0.7348585,1.7017983,2.1187704,119.006966,0.7030715,-0.586934,35.766903
1901,snow__p1__s0,taboo,15,1,0,0.28487715,1.2468374,3.3971245,102.84142,0.70981085,-0.61648625,31.679354
1902,snow__p1__s0,taboo,16,1,1,0.0013112766,0.0122634275,0.09802763,73.33625,0.7365542,-0.6083486,35.318123
1903,snow__p1__s0,taboo,17,1,0,0.2230024,0.81425196,2.3162942,121.04169,0.7105545,-0.62486726,33.244526
1904,snow__p1__s0,taboo,18,1,0,0.59638405,0.83034,0.84089005,102.94072,0.69449866,-0.6186715,33.439716
1905,snow__p1__s0,taboo,19,1,0,0.7205187,1.8900254,2.5196805,116.1964,0.69493186,-0.61640847,33.89525
1906,snow__p1__s0,taboo,20,1,1,0.0023573248,0.020257898,0.14940922,66.54161,0.6998394,-0.6128473,34.62499
1907,snow__p1__s0,taboo,21,1,1,0.009244967,0.07632109,0.51647043,89.094894,0.70902264,-0.61041373,35.25821
1908,snow__p1__s0,taboo,22,1,0,0.35166794,1.131371,2.8888323,115.45488,0.687519,-0.6093409,34.09629
1909,snow__p1__s0,taboo,23,1,0,1.1688088,1.8869365,1.0164902,114.60527,0.6705593,-0.60753,34.40146
1910,snow__p1__s0,taboo,24,1,0,0.017638607,0.13227941,0.79959404,80.49171,0.65944034,-0.6081942,34.107323
1911,snow__p1__s0,taboo,25,1,0,0.007360128,0.06338612,0.45158777,73.51335,0.67948973,-0.60270846,36.134075
1912,snow__p1__s0,taboo,26,1,0,0.07372528,0.3956017,1.6291476,105.07855,0.66881096,-0.5953821,35.703617
1913,snow__p1__s0,taboo,27,1,1,0.7062418,1.4067587,1.1934698,64.69176,0.6794168,-0.5939554,37.241478
1914,snow__p1__s0,taboo,28,1,1,0.6397542,1.4008268,1.4871359,116.379105,0.653684,-0.571846,37.205364
1915,snow__p1__s0,taboo,29,1,0,1.0382571,2.1544259,2.7153516,122.42055,0.68338937,-0.6299821,31.366692
1916,snow__p1__s1,taboo,0,1,1,0.7511667,3.14074,8.691467,145.85728,0.9290162,-0.6574886,28.2933
1917,snow__p1__s1,taboo,1,1,1,2.4342427,2.318142,2.5952382,122.604,0.90318805,-0.65725154,32.26967
1918,snow__p1__s1,taboo,2,1,0,0.032895576,0.17296787,0.6950992,107.95108,0.85037184,-0.6560077,29.074598
1919,snow__p1__s1,taboo,3,1,0,0.14130744,0.7489358,3.164185,115.72716,0.8376377,-0.6766681,28.161182
1920,snow__p1__s1,taboo,4,1,0,0.050729193,0.29364872,1.2607725,78.12218,0.80357397,-0.6242662,32.12793
1921,snow__p1__s1,taboo,5,1,0,0.09659467,0.3579186,0.94011855,66.587296,0.78403395,-0.6359196,31.098211
1922,snow__p1__s1,taboo,6,1,0,0.074621625,0.47040194,2.296586,115.913795,0.77859616,-0.6425319,31.776209
1923,snow__p1__s1,taboo,7,1,0,0.22677825,0.82791775,1.9165078,92.26399,0.7676746,-0.6483029,30.558203
1924,snow__p1__s1,taboo,8,1,1,0.04860618,0.21365313,0.6097748,111.11113,0.83794326,-0.64136195,35.909817
1925,snow__p1__s1,taboo,9,1,0,0.00004458328,0.0006420814,0.008379366,130.70471,0.7545863,-0.63173544,32.520382
1926,snow__p1__s1,taboo,10,1,0,0.46790963,1.6144208,3.5236537,125.71125,0.7546833,-0.6222475,32.328598
1927,snow__p1__s1,taboo,11,1,0,0.8021631,1.2451948,2.0322857,89.19173,0.73653096,-0.61006594,33.650074
1928,snow__p1__s1,taboo,12,1,0,0.28208712,1.2122049,3.7861464,82.50103,0.7184788,-0.59659016,33.53092
1929,snow__p1__s1,taboo,13,1,0,0.02928583,0.22970198,1.5181861,91.6684,0.70449305,-0.5881362,35.597622
1930,snow__p1__s1,taboo,14,1,0,0.31185633,1.245853,3.0257928,62.09018,0.68265814,-0.59919727,33.833992
1931,snow__p1__s1,taboo,15,1,0,1.8218532,1.4878454,1.721896,114.7678,0.67702156,-0.59478575,34.417995
1932,snow__p1__s1,taboo,16,1,0,1.068987,1.361712,2.1609979,123.711075,0.6949848,-0.6146189,32.390854
1933,snow__p1__s1,taboo,17,1,0,0.8687466,2.062995,2.279975,89.12693,0.6933682,-0.6168708,33.624535
1934,snow__p1__s1,taboo,18,1,0,0.6985595,1.4896736,2.0176501,103.356285,0.69486237,-0.59904593,35.95764
1935,snow__p1__s1,taboo,19,1,0,0.23324886,0.75959647,1.8107336,113.22197,0.74218184,-0.6485501,33.78755
1936,snow__p1__s1,taboo,20,1,0,0.000034093275,0.00054165896,0.00791928,123.84273,0.67971736,-0.5945212,37.06949
1937,snow__p1__s1,taboo,21,1,0,1.7086143,3.3989105,2.949624,110.38643,0.69306403,-0.59343606,36.72297
1938,snow__p1__s1,taboo,22,1,0,0.11919845,0.5464264,1.6882589,92.48219,0.70358074,-0.5996911,36.133144
1939,snow__p1__s1,taboo,23,1,0,0.27186123,1.1938906,3.6691437,102.79976,0.6766992,-0.576915,37.6588
1940,snow__p1__s1,taboo,24,1,0,2.2452447,1.8003392,1.5108087,79.20005,0.6526352,-0.59145534,35.740837
1941,snow__p1__s1,taboo,25,1,0,0.83481765,0.7511852,0.42520583,113.37664,0.6511955,-0.57688,36.408398
1942,snow__p1__s1,taboo,26,1,0,0.41409925,1.6145948,3.6846251,105.58988,0.6805789,-0.6145246,32.31339
1943,snow__p1__s1,taboo,27,1,1,0.0011056508,0.010687349,0.088645615,71.66495,0.6869795,-0.59974486,36.7019
1944,snow__p1__s1,taboo,28,1,0,0.1708476,0.67751855,2.159492,118.31389,0.6769037,-0.6175696,34.11789
1945,snow__p1__s1,taboo,29,1,0,0.3233663,0.7562125,0.9667902,114.66591,0.7142322,-0.6511867,35.30265
1946,snow__p1__s2,taboo,0,1,1,0.75018877,3.1349719,8.681223,146.05124,0.9292724,-0.6575815,28.307795
1947,snow__p1__s2,taboo,1,1,1,1.1297059,2.2741857,2.5963032,122.21344,0.9036696,-0.656537,32.57086
1948,snow__p1__s2,taboo,2,1,0,0.029773213,0.16282645,0.6996118,108.39841,0.85339564,-0.65761125,29.13295
1949,snow__p1__s2,taboo,3,1,0,0.13964757,0.7313358,3.011262,116.447685,0.840758,-0.67675024,28.198292
1950,snow__p1__s2,taboo,4,1,0,0.03125878,0.20292893,1.0151486,78.45019,0.80581164,-0.62431955,32.14938
1951,snow__p1__s2,taboo,5,1,0,0.0851035,0.32415694,0.8664466,67.02057,0.7860924,-0.63576573,31.141775
1952,snow__p1__s2,taboo,6,1,0,0.0645274,0.42047024,2.1322296,116.32151,0.78132576,-0.6413086,31.829815
1953,snow__p1__s2,taboo,7,1,0,0.20234814,0.7580486,1.8259103,95.24235,0.7697246,-0.64912474,30.533722
1954,snow__p1__s2,taboo,8,1,1,0.026333423,0.14399108,0.5583092,113.21818,0.84105134,-0.6433996,35.89224
1955,snow__p1__s2,taboo,9,1,0,0.00005149709,0.0006940891,0.008526314,129.11588,0.75776625,-0.6328648,32.43679
1956,snow__p1__s2,taboo,10,1,0,0.5009402,1.601933,3.3511925,124.649445,0.7548005,-0.6210646,32.474648
1957,snow__p1__s2,taboo,11,1,0,0.73166484,1.2044351,1.9533658,83.92666,0.7663985,-0.60351557,34.32686
1958,snow__p1__s2,taboo,12,1,0,0.91771203,1.6529081,2.5273516,104.56924,0.72838503,-0.57888913,37.102184
1959,snow__p1__s2,taboo,13,1,0,0.2108446,1.0810914,3.705163,76.36307,0.6934044,-0.5975362,34.246788
1960,snow__p1__s2,taboo,14,1,0,0.745122,1.7202518,2.1108203,118.814865,0.7028802,-0.58680564,35.769512
1961,snow__p1__s2,taboo,15,1,0,0.27859852,1.2272629,3.3893027,102.724525,0.70984304,-0.6166819,31.684338
1962,snow__p1__s2,taboo,16,1,1,0.0013137767,0.012294418,0.09834048,73.43552,0.73674166,-0.6088401,35.312874
1963,snow__p1__s2,taboo,17,1,0,0.23976368,0.82628125,2.2330267,120.79471,0.7107189,-0.62519175,33.23353
1964,snow__p1__s2,taboo,18,1,1,0.84564877,0.82531226,0.8157697,112.71847,0.7695178,-0.6537967,34.847466
1965,snow__p1__s2,taboo,19,1,0,0.39955541,0.69546103,0.39650238,111.1668,0.70985293,-0.643743,31.349241
1966,snow__p1__s2,taboo,20,1,0,0.07377533,0.27917942,0.65292513,87.6046,0.7049922,-0.64964086,31.026415
1967,snow__p1__s2,taboo,21,1,0,0.03813505,0.18060699,0.5961071,95.86106,0.6816533,-0.62732506,32.74858
1968,snow__p1__s2,taboo,22,1,0,0.00018392302,0.002461117,0.0297121,97.98975,0.6950799,-0.6209482,33.10089
1969,snow__p1__s2,taboo,23,1,0,1.5318885,1.7268921,1.9187465,97.85436,0.67321306,-0.6160534,33.47456
1970,snow__p1__s2,taboo,24,1,0,0.16979876,0.67890537,1.8140614,82.27611,0.6808257,-0.60713106,34.94521
1971,snow__p1__s2,taboo,25,1,0,0.7140354,2.234291,3.3269217,105.741806,0.67148197,-0.6018504,34.61836
1972,snow__p1__s2,taboo,26,1,0,0.6706092,1.42312,1.3731425,67.38536,0.66436535,-0.5922526,36.223576
1973,snow__p1__s2,taboo,27,1,0,1.4114614,1.4820474,1.58146,101.726326,0.663018,-0.60654014,34.474373
1974,snow__p1__s2,taboo,28,1,0,0.57288194,1.0421016,1.1969433,95.80551,0.664008,-0.6099074,34.623886
1975,snow__p1__s2,taboo,29,1,0,0.020328628,0.11016098,0.44200298,56.501442,0.6685654,-0.60513633,36.08639
1976,snow__p1__s3,taboo,0,1,1,0.7342094,3.0787516,8.657362,145.37192,0.9291615,-0.65737045,28.316322
1977,snow__p1__s3,taboo,1,1,1,1.1622084,2.3017707,2.6189609,121.90277,0.9037885,-0.6574042,32.525223
1978,snow__p1__s3,taboo,2,1,0,0.029547084,0.1616011,0.6968509,108.22059,0.85337913,-0.6574054,29.145977
1979,snow__p1__s3,taboo,3,1,0,0.14313513,0.7342602,2.9615788,116.017044,0.8407878,-0.6767788,28.187508
1980,snow__p1__s3,taboo,4,1,0,0.030397518,0.19780502,0.99490327,78.09719,0.8059932,-0.6244113,32.116756
1981,snow__p1__s3,taboo,5,1,0,0.08510164,0.3240944,0.8654478,66.87989,0.7859904,-0.63555384,31.151674
1982,snow__p1__s3,taboo,6,1,0,0.06328307,0.41214538,2.0919902,116.03247,0.7813519,-0.6410259,31.837753
1983,snow__p1__s3,taboo,7,1,0,0.18369891,0.7179507,1.8362676,94.50457,0.770158,-0.6492695,30.536785
1984,snow__p1__s3,taboo,8,1,1,0.026281752,0.1436404,0.5570578,112.258606,0.84111357,-0.6429811,35.914783
1985,snow__p1__s3,taboo,9,1,0,0.000058410846,0.00078254874,0.009554444,129.47874,0.75769985,-0.63249314,32.4398
1986,snow__p1__s3,taboo,10,1,0,0.4980239,1.5876882,3.3029337,125.12227,0.7548954,-0.62111855,32.45786
1987,snow__p1__s3,taboo,11,1,0,0.7260581,1.1840116,1.9155738,83.34958,0.7664027,-0.6034174,34.31813
1988,snow__p1__s3,taboo,12,1,0,1.0527864,1.6811006,2.5826297,72.50492,0.73042554,-0.6001822,32.708317
1989,snow__p1__s3,taboo,13,1,0,0.012580087,0.115651704,0.91333354,98.04102,0.71241844,-0.5877608,35.786995
1990,snow__p1__s3,taboo,14,1,0,0.2722927,1.2258672,3.4669452,66.53576,0.68265814,-0.5985143,33.927864
1991,snow__p1__s3,taboo,15,1,0,0.59656256,1.4539294,2.0117872,117.28191,0.6918424,-0.5864828,35.94569
1992,snow__p1__s3,taboo,16,1,0,0.22332492,1.061667,3.3139558,101.65357,0.702292,-0.61538976,31.680798
1993,snow__p1__s3,taboo,17,1,1,0.0011649496,0.011118235,0.09108326,72.54358,0.72853094,-0.6054369,35.74121
1994,snow__p1__s3,taboo,18,1,0,0.1665418,0.64808095,2.0138583,119.49369,0.7044978,-0.62406105,33.298153
1995,snow__p1__s3,taboo,19,1,0,0.6510948,0.82021165,0.73143154,114.2808,0.75407654,-0.6546148,34.1302
1996,snow__p1__s3,taboo,20,1,0,0.39556295,0.6781718,0.35600132,113.16056,0.70348054,-0.6417128,31.475414
1997,snow__p1__s3,taboo,21,1,0,0.0820092,0.29489148,0.6222011,87.96513,0.6993683,-0.64847934,31.106035
1998,snow__p1__s3,taboo,22,1,0,0.03900642,0.1854068,0.6105746,95.85698,0.67730874,-0.62656575,32.94094
1999,snow__p1__s3,taboo,23,1,0,0.0001720042,0.002316945,0.028176064,96.48378,0.68752015,-0.6201594,33.14656
2000,snow__p1__s3,taboo,24,1,0,0.7610348,1.6450255,1.5927966,113.84692,0.67782015,-0.61504036,34.288826
2001,snow__p1__s3,taboo,25,1,0,0.0014747231,0.013546953,0.107344195,68.111305,0.68180877,-0.61118895,34.41887
2002,snow__p1__s3,taboo,26,1,0,0.0058197575,0.05015379,0.35485458,89.03286,0.685882,-0.60633934,35.141315
2003,snow__p1__s3,taboo,27,1,0,1.3481114,1.1024414,1.9785135,67.330246,0.6627912,-0.6064255,33.261
2004,snow__p1__s3,taboo,28,1,0,0.16162811,0.53614753,1.396574,102.6838,0.65859735,-0.5939397,35.25854
2005,snow__p1__s3,taboo,29,1,0,1.1026263,1.5356305,1.141417,102.13659,0.65595436,-0.58423656,36.165874
2006,snow__p1__s4,taboo,0,1,1,0.75307864,3.1288981,8.610117,145.75763,0.9292262,-0.6577127,28.291101
2007,snow__p1__s4,taboo,1,1,1,1.2055333,2.3047733,2.5668569,122.14185,0.90411663,-0.65774274,32.491432
2008,snow__p1__s4,taboo,2,1,0,0.029433655,0.16050558,0.6872934,108.035324,0.8534419,-0.6576743,29.124065
2009,snow__p1__s4,taboo,3,1,0,0.15237217,0.7725107,3.0865629,116.182304,0.8409023,-0.67680866,28.182215
2010,snow__p1__s4,taboo,4,1,0,0.030939491,0.20117606,1.0096046,78.50281,0.8060256,-0.62453455,32.12245
2011,snow__p1__s4,taboo,5,1,0,0.08487148,0.3226296,0.8590502,67.05383,0.78620845,-0.6358718,31.133741
2012,snow__p1__s4,taboo,6,1,0,0.06477324,0.4212697,2.1300414,116.51393,0.7813633,-0.64130485,31.823233
2013,snow__p1__s4,taboo,7,1,0,0.20507433,0.76924074,1.8492635,95.13658,0.7701504,-0.6494775,30.51899
2014,snow__p1__s4,taboo,8,1,1,0.026271882,0.14350134,0.55530214,112.8551,0.8413382,-0.64331514,35.889236
2015,snow__p1__s4,taboo,9,1,0,0.0000519739,0.00070384203,0.00868218,129.13213,0.7580598,-0.63305974,32.41242
2016,snow__p1__s4,taboo,10,1,0,0.46979403,1.5594819,3.3510723,124.75027,0.7551157,-0.6212844,32.43612
2017,snow__p1__s4,taboo,11,1,0,0.7296856,1.19433,1.9201585,83.610725,0.7664766,-0.60369825,34.29872
2018,snow__p1__s4,taboo,12,1,0,1.040993,1.6461643,2.515796,72.7714,0.7303225,-0.60010445,32.70635
2019,snow__p1__s4,taboo,13,1,0,0.01138146,0.10599983,0.8482867,97.84786,0.7123982,-0.5877701,35.77438
2020,snow__p1__s4,taboo,14,1,0,0.27341434,1.2312015,3.478838,66.3734,0.68263334,-0.5985998,33.932858
2021,snow__p1__s4,taboo,15,1,0,0.5951078,1.4479159,2.0002334,117.42261,0.69197696,-0.5866452,35.93664
2022,snow__p1__s4,taboo,16,1,0,0.2254583,1.0619404,3.2813406,101.75904,0.7026027,-0.6155775,31.697178
2023,snow__p1__s4,taboo,17,1,1,0.0011897159,0.011329953,0.0924188,72.606895,0.7287688,-0.6058235,35.73342
2024,snow__p1__s4,taboo,18,1,0,0.18231544,0.67423606,1.9912221,119.68125,0.7046551,-0.62403464,33.28574
2025,snow__p1__s4,taboo,19,1,0,0.6512595,0.8214833,0.73889756,114.36074,0.7535759,-0.653907,34.195156
2026,snow__p1__s4,taboo,20,1,0,0.4381456,0.70070785,0.33335882,113.095604,0.70329815,-0.6415799,31.484135
2027,snow__p1__s4,taboo,21,1,0,0.082012266,0.29492116,0.6224442,87.732925,0.69932306,-0.6484446,31.101585
2028,snow__p1__s4,taboo,22,1,0,0.039004244,0.18538243,0.61031806,95.69042,0.6769385,-0.6261883,32.962788
2029,snow__p1__s4,taboo,23,1,0,0.0001731961,0.0023363903,0.028421309,96.37116,0.68740994,-0.62008864,33.149357
2030,snow__p1__s4,taboo,24,1,0,2.32054,1.6803734,1.5424858,113.93116,0.6839451,-0.616677,33.284134
2031,snow__p1__s4,taboo,25,1,0,0.37161013,0.75648797,0.9325615,93.25295,0.6922573,-0.60958856,34.287384
2032,snow__p1__s4,taboo,26,1,0,0.74010867,1.2855645,2.0937,117.9539,0.67481554,-0.6064762,33.97358
2033,snow__p1__s4,taboo,27,1,0,0.76573944,1.4820039,1.1952969,108.31521,0.6526533,-0.600855,35.045757
2034,snow__p1__s4,taboo,28,1,0,0.0105531495,0.08271738,0.5229386,83.51278,0.6494434,-0.6021005,34.13159
2035,snow__p1__s4,taboo,29,1,0,0.0019048181,0.019336864,0.16784264,88.06845,0.6673368,-0.60196674,35.287933
2036,snow__p1__s5,taboo,0,1,1,0.7511667,3.14074,8.691467,145.85728,0.9290162,-0.6574886,28.2933
2037,snow__p1__s5,taboo,1,1,1,1.1842426,2.318142,2.5952382,122.015686,0.90378207,-0.6577904,32.48947
2038,snow__p1__s5,taboo,2,1,0,0.029747639,0.16255075,0.6969271,108.306984,0.8532867,-0.657426,29.150908
2039,snow__p1__s5,taboo,3,1,0,0.14524068,0.74770844,3.0239468,116.03808,0.8407931,-0.6768025,28.190899
2040,snow__p1__s5,taboo,4,1,0,0.031553596,0.20484526,1.0233965,78.01009,0.8060982,-0.62450826,32.115562
2041,snow__p1__s5,taboo,5,1,0,0.08507394,0.3238297,0.8633818,67.36231,0.78628916,-0.63608354,31.107052
2042,snow__p1__s5,taboo,6,1,0,0.06387596,0.41602978,2.110916,116.226906,0.7816456,-0.6414281,31.832075
2043,snow__p1__s5,taboo,7,1,0,0.18507056,0.7245543,1.8565172,94.77415,0.7698692,-0.6489509,30.540606
2044,snow__p1__s5,taboo,8,1,1,0.025365634,0.13860647,0.537679,112.88426,0.84132546,-0.6435025,35.85821
2045,snow__p1__s5,taboo,9,1,0,0.000052808322,0.0007166569,0.008860572,129.05568,0.75785005,-0.632728,32.441597
2046,snow__p1__s5,taboo,10,1,0,0.47939047,1.5936186,3.4175086,124.45726,0.7550668,-0.62123406,32.45631
2047,snow__p1__s5,taboo,11,1,0,0.7830103,1.1725742,1.8842652,89.9655,0.7377469,-0.6096891,33.68846
2048,snow__p1__s5,taboo,12,1,0,0.29598624,1.234824,3.7388134,82.58236,0.71968997,-0.596154,33.546337
2049,snow__p1__s5,taboo,13,1,0,0.026776057,0.21178217,1.4176836,92.09351,0.705255,-0.5873068,35.697845
2050,snow__p1__s5,taboo,14,1,0,0.25360712,1.0824724,2.9097648,62.99551,0.6828724,-0.59921443,33.823483
2051,snow__p1__s5,taboo,15,1,0,1.3280721,1.4633416,1.7305022,82.28078,0.68336767,-0.5927547,36.06538
2052,snow__p1__s5,taboo,16,1,0,0.044940203,0.26739988,1.2051897,99.91775,0.693138,-0.610247,33.441532
2053,snow__p1__s5,taboo,17,1,0,0.39087898,1.307102,2.2590666,89.48371,0.69536185,-0.61376774,33.952076
2054,snow__p1__s5,taboo,18,1,0,0.7163392,1.374733,1.6776912,102.19422,0.6974258,-0.5976186,36.01603
2055,snow__p1__s5,taboo,19,1,0,0.25716624,0.71696866,1.4480388,111.78761,0.7538915,-0.6506411,33.76587
2056,snow__p1__s5,taboo,20,1,0,0.000020622994,0.00034701527,0.0053805686,123.21825,0.6814485,-0.5936059,36.99791
2057,snow__p1__s5,taboo,21,1,0,1.7133892,3.008613,2.915183,110.05116,0.6934239,-0.5901953,36.950573
2058,snow__p1__s5,taboo,22,1,0,0.09996531,0.46820024,1.4966288,91.96952,0.70576674,-0.59744495,36.236626
2059,snow__p1__s5,taboo,23,1,0,0.27768263,1.1380622,3.2227373,101.23917,0.6778493,-0.57557344,37.549904
2060,snow__p1__s5,taboo,24,1,0,0.7312217,1.5265571,1.8527815,134.52394,0.65859145,-0.5788596,37.21769
2061,snow__p1__s5,taboo,25,1,0,0.36342824,1.4352113,3.3799,103.68095,0.68138707,-0.6111513,32.484997
2062,snow__p1__s5,taboo,26,1,0,0.0011080323,0.010778928,0.0900016,71.67363,0.6898817,-0.597884,36.59097
2063,snow__p1__s5,taboo,27,1,0,0.13256831,0.5558108,1.8681031,116.884674,0.68047786,-0.61711836,33.885082
2064,snow__p1__s5,taboo,28,1,0,1.0662165,0.73551667,0.60633516,100.0314,0.6705542,-0.61272705,34.262863
2065,snow__p1__s5,taboo,29,1,0,0.8006052,1.9162004,2.0435178,115.802086,0.6720036,-0.6094004,34.721016
2066,snow__p1__s6,taboo,0,1,1,0.734137,3.0995684,8.719408,145.573,0.9292793,-0.6577332,28.280577
2067,snow__p1__s6,taboo,1,1,0,1.7908102,2.3047805,2.6329355,119.79949,0.8688185,-0.6671093,27.667137
2068,snow__p1__s6,taboo,2,1,1,0.3996837,1.026027,1.977874,118.59321,0.8873571,-0.6514656,33.286964
2069,snow__p1__s6,taboo,3,1,0,0.00014864294,0.0019992655,0.024502054,131.43921,0.83544093,-0.6538519,29.770096
2070,snow__p1__s6,taboo,4,1,0,0.6138581,1.9499087,3.777401,126.29754,0.79844975,-0.63359475,30.592478
2071,snow__p1__s6,taboo,5,1,0,1.0194275,1.297676,2.3343508,82.56246,0.7920318,-0.610126,33.012928
2072,snow__p1__s6,taboo,6,1,0,0.68802387,1.6282768,2.9452412,98.98456,0.7498014,-0.58529264,35.82673
2073,snow__p1__s6,taboo,7,1,0,0.17501186,0.9052956,3.3730297,72.71549,0.7236842,-0.60931635,32.76438
2074,snow__p1__s6,taboo,8,1,0,0.39588404,1.4180487,2.8455138,82.78242,0.7354917,-0.60542846,34.044228
2075,snow__p1__s6,taboo,9,1,0,0.15917432,0.596487,1.4490267,97.81332,0.7397436,-0.60867083,32.51428
2076,snow__p1__s6,taboo,10,1,0,0.37941742,1.4029225,3.6881082,114.21997,0.7381326,-0.62627923,31.971476
2077,snow__p1__s6,taboo,11,1,0,0.39809585,0.9231801,1.7350396,96.93379,0.7172197,-0.62256515,32.471203
2078,snow__p1__s6,taboo,12,1,0,1.0886133,2.2855158,2.4540093,111.5758,0.7177012,-0.6225538,33.09013
2079,snow__p1__s6,taboo,13,1,0,0.013152745,0.08257167,0.42302495,59.58674,0.72048527,-0.61588275,34.056023
2080,snow__p1__s6,taboo,14,1,1,0.01265001,0.103026256,0.6891767,89.47253,0.7327333,-0.6146572,34.664124
2081,snow__p1__s6,taboo,15,1,0,0.30658066,1.1399853,3.6289303,114.626686,0.7064335,-0.61313933,33.55843
2082,snow__p1__s6,taboo,16,1,1,1.0320194,1.8297842,1.3461312,116.7463,0.7035492,-0.5866584,35.23933
2083,snow__p1__s6,taboo,17,1,1,1.4855826,2.048566,3.15127,140.59236,0.75366116,-0.6304379,32.773746
2084,snow__p1__s6,taboo,18,1,1,1.6825079,1.6757519,3.5867794,69.25869,0.7493207,-0.6581494,29.448002
2085,snow__p1__s6,taboo,19,1,1,1.7064047,3.228158,3.320426,123.59138,0.74090755,-0.66228676,29.63452
2086,snow__p1__s6,taboo,20,1,1,2.130107,2.0034935,1.8229556,72.537155,0.7019815,-0.64548045,29.668444
2087,snow__p1__s6,taboo,21,1,1,0.6172875,1.5304152,1.7089379,114.02906,0.71125066,-0.6564727,30.561335
2088,snow__p1__s6,taboo,22,1,1,0.26980877,0.75826174,1.4707531,79.66739,0.72843754,-0.6512478,32.9483
2089,snow__p1__s6,taboo,23,1,1,0.09853502,0.36374423,0.9036659,111.439766,0.6787729,-0.6264621,32.414555
2090,snow__p1__s6,taboo,24,1,1,1.209332,1.2987148,0.7975768,114.35983,0.6769607,-0.6227202,33.44647
2091,snow__p1__s6,taboo,25,1,1,0.37096614,1.6801295,5.338987,116.79638,0.6740071,-0.62043756,32.317917
2092,snow__p1__s6,taboo,26,1,1,0.6017758,1.0654433,0.9790158,120.52909,0.66507745,-0.60971844,33.955845
2093,snow__p1__s6,taboo,27,1,1,1.166289,2.4764855,3.6564846,124.30676,0.67300016,-0.6193144,32.236603
2094,snow__p1__s6,taboo,28,1,1,1.6837347,3.1653612,3.2803419,124.637344,0.68676037,-0.6402384,30.645544
2095,snow__p1__s6,taboo,29,1,1,0.055843942,0.27525547,0.9907019,116.96484,0.67487633,-0.6335684,32.640976
2096,snow__p1__s7,taboo,0,1,1,0.7342094,3.0787516,8.657362,145.37192,0.9291615,-0.65737045,28.316322
2097,snow__p1__s7,taboo,1,1,0,1.7872084,2.3017707,2.6189609,119.530334,0.86874115,-0.6669597,27.683472
2098,snow__p1__s7,taboo,2,1,1,0.39259022,1.0010458,1.9322026,118.71748,0.88741827,-0.6510425,33.328636
2099,snow__p1__s7,taboo,3,1,0,0.00014828535,0.001993552,0.024412625,131.2954,0.83520776,-0.65371627,29.76874
2100,snow__p1__s7,taboo,4,1,0,0.6431745,2.0206244,3.7944608,126.287994,0.7983143,-0.6331868,30.60825
2101,snow__p1__s7,taboo,5,1,0,1.0217997,1.3086652,2.363677,82.26531,0.79204094,-0.61046076,33.007732
2102,snow__p1__s7,taboo,6,1,0,0.74293643,1.655974,2.9188867,98.625595,0.7497367,-0.58523,35.85651
2103,snow__p1__s7,taboo,7,1,0,0.17092286,0.88828003,3.3443618,72.8171,0.7234178,-0.6093065,32.769333
2104,snow__p1__s7,taboo,8,1,0,0.34753937,1.3186294,2.8873274,82.57721,0.73519534,-0.6053063,34.021503
2105,snow__p1__s7,taboo,9,1,0,0.14927503,0.5741309,1.4455765,97.51711,0.7397119,-0.60864574,32.489117
2106,snow__p1__s7,taboo,10,1,0,0.37676844,1.392348,3.6705196,113.80156,0.7382398,-0.62618864,31.974335
2107,snow__p1__s7,taboo,11,1,0,0.39736456,0.9185014,1.7136265,96.631874,0.7173901,-0.622541,32.470127
2108,snow__p1__s7,taboo,12,1,0,1.0832732,2.2807283,2.4701784,111.23777,0.7177969,-0.6226463,33.069286
2109,snow__p1__s7,taboo,13,1,0,0.014607389,0.08890035,0.43714708,59.309784,0.7204385,-0.6158079,34.053074
2110,snow__p1__s7,taboo,14,1,1,0.012550539,0.1022574,0.6847762,89.45288,0.73259795,-0.61444277,34.69068
2111,snow__p1__s7,taboo,15,1,0,1.9661299,1.2175615,3.7450142,113.04001,0.7043131,-0.6109183,33.698086
2112,snow__p1__s7,taboo,16,1,1,1.0649278,1.8040926,1.4368737,116.85538,0.7038213,-0.58570623,35.35897
2113,snow__p1__s7,taboo,17,1,1,0.861937,2.027379,3.1286576,139.43141,0.7473685,-0.6141043,32.986996
2114,snow__p1__s7,taboo,18,1,1,0.10980998,0.6773054,3.343923,106.80138,0.7497651,-0.62992334,33.848392
2115,snow__p1__s7,taboo,19,1,1,0.72256684,1.8899646,4.1916294,113.499565,0.72724915,-0.61986107,34.394127
2116,snow__p1__s7,taboo,20,1,1,0.8875442,2.6529791,4.3563137,77.65943,0.73781407,-0.6515996,30.872803
2117,snow__p1__s7,taboo,21,1,1,0.6591047,2.1876392,4.7336335,121.06292,0.71648324,-0.6401821,32.130966
2118,snow__p1__s7,taboo,22,1,1,0.000531413,0.0070144534,0.085617095,99.561745,0.7355645,-0.65308416,32.708603
2119,snow__p1__s7,taboo,23,1,1,1.5647962,4.0670624,6.421956,109.51204,0.7137554,-0.6500235,29.863678
2120,snow__p1__s7,taboo,24,1,1,1.201678,1.6717756,2.408283,105.36884,0.66571283,-0.60361785,34.79652
2121,snow__p1__s7,taboo,25,1,1,2.7710915,3.4269154,6.825211,114.5933,0.6989075,-0.6503925,30.098778
2122,snow__p1__s7,taboo,26,1,1,0.44783515,1.0562818,1.768888,110.05821,0.672775,-0.6273317,31.632149
2123,snow__p1__s7,taboo,27,1,1,0.018568616,0.09499106,0.33370635,106.90325,0.6842366,-0.62342393,35.324234
2124,snow__p1__s7,taboo,28,1,1,0.008860083,0.08585906,0.7486074,74.47115,0.64305425,-0.5989678,34.75477
2125,snow__p1__s7,taboo,29,1,1,2.8741007,4.314072,5.1739473,135.94649,0.67124134,-0.6308093,31.526709
2126,snow__p2__s0,taboo,0,1,1,0.7480451,2.5867667,6.1321793,144.55113,0.93118596,-0.65438503,29.304146
2127,snow__p2__s0,taboo,1,1,1,1.276633,2.4087143,3.3535032,129.61258,0.90415263,-0.6609821,33.406433
2128,snow__p2__s0,taboo,2,1,1,0.13509442,0.463654,0.9607239,120.434006,0.8610224,-0.650318,29.846893
2129,snow__p2__s0,taboo,3,1,0,0.22887422,1.16826,4.526162,124.798195,0.8543086,-0.66835034,29.054989
2130,snow__p2__s0,taboo,4,1,0,0.020392403,0.14572686,0.8236433,78.19863,0.81793034,-0.6189396,32.99249
2131,snow__p2__s0,taboo,5,1,0,0.066350326,0.26982963,0.7938261,71.38196,0.79872763,-0.63090575,31.678646
2132,snow__p2__s0,taboo,6,1,0,0.05033059,0.34082702,1.8495157,117.24625,0.79017174,-0.63653827,32.359024
2133,snow__p2__s0,taboo,7,1,0,0.21975619,0.8193614,1.9719326,93.68814,0.7798336,-0.63304543,32.404137
2134,snow__p2__s0,taboo,8,1,0,0.035233095,0.18271667,0.6498312,112.87928,0.83569914,-0.6433459,35.536697
2135,snow__p2__s0,taboo,9,1,0,0.00006651657,0.0009101827,0.011373971,129.6887,0.7629659,-0.61853254,33.808174
2136,snow__p2__s0,taboo,10,1,0,0.3997741,1.4297526,3.4622474,123.37552,0.75902474,-0.6082086,33.467026
2137,snow__p2__s0,taboo,11,1,0,0.43635458,0.92597854,1.5021703,85.87532,0.7455941,-0.5951563,34.54202
2138,snow__p2__s0,taboo,12,1,0,0.23027642,0.9083666,2.6495302,80.2824,0.72684425,-0.58587694,34.17258
2139,snow__p2__s0,taboo,13,1,0,0.023649285,0.19400382,1.3403734,92.23327,0.70874506,-0.5869566,36.146248
2140,snow__p2__s0,taboo,14,1,0,0.30627313,1.18291,2.7049758,61.898327,0.6907523,-0.5937962,34.641205
2141,snow__p2__s0,taboo,15,1,0,0.7824857,1.4662926,1.6356789,114.9584,0.7006063,-0.5777903,36.880753
2142,snow__p2__s0,taboo,16,1,0,0.1714402,0.86810315,3.072558,99.51337,0.71032065,-0.60536486,32.541367
2143,snow__p2__s0,taboo,17,1,1,0.0010651635,0.010342003,0.086549,69.69643,0.7270616,-0.59945554,36.431988
2144,snow__p2__s0,taboo,18,1,0,0.14935637,0.607978,1.9914193,116.38226,0.7054981,-0.6154596,33.807198
2145,snow__p2__s0,taboo,19,1,0,0.40951398,0.78141236,0.9698658,113.24172,0.7544459,-0.6577528,34.527878
2146,snow__p2__s0,taboo,20,1,0,0.4354831,0.6889535,0.3064847,111.81637,0.7069193,-0.6363247,31.8707
2147,snow__p2__s0,taboo,21,1,0,0.11623986,0.36758715,0.6211553,87.32041,0.704835,-0.64629275,31.356716
2148,snow__p2__s0,taboo,22,1,0,0.034512073,0.1768619,0.64375067,96.48202,0.68338335,-0.61989576,33.645763
2149,snow__p2__s0,taboo,23,1,0,0.00019071667,0.002564064,0.031096388,95.44833,0.69396454,-0.6141785,33.76535
2150,snow__p2__s0,taboo,24,1,0,0.92655706,1.7965229,1.360895,114.6323,0.6849101,-0.61051464,34.725018
2151,snow__p2__s0,taboo,25,1,0,0.0011386347,0.011146734,0.09495857,70.41994,0.68666947,-0.60417825,35.321968
2152,snow__p2__s0,taboo,26,1,0,0.007755526,0.06452117,0.43510443,89.03933,0.6946669,-0.6029379,35.581413
2153,snow__p2__s0,taboo,27,1,0,0.63509834,1.1886849,1.7268999,116.01398,0.67926526,-0.59751,35.387558
2154,snow__p2__s0,taboo,28,1,0,0.8427334,1.4448371,1.0859205,112.531555,0.65846646,-0.5955937,35.850117
2155,snow__p2__s0,taboo,29,1,0,0.008168149,0.06833973,0.46632117,82.11836,0.6556499,-0.5991709,35.112774
2156,snow__p2__s1,taboo,0,1,0,2.540558,2.6511183,6.0789223,127.26215,0.92008764,-0.6637791,29.911526
2157,snow__p2__s1,taboo,1,1,0,0.48815465,0.9332785,1.1296935,105.92207,0.8562374,-0.6114897,32.56226
2158,snow__p2__s1,taboo,2,1,1,3.2243366,3.223608,3.0723658,140.045,0.84979963,-0.62887406,32.329567
2159,snow__p2__s1,taboo,3,1,1,1.1478744,2.1551263,4.632299,119.560104,0.8720076,-0.6527646,33.961514
2160,snow__p2__s1,taboo,4,1,1,0.00027533554,0.0031229549,0.03209253,123.38789,0.79715425,-0.61030656,33.14455
2161,snow__p2__s1,taboo,5,1,1,1.9263296,2.6716757,5.0370307,109.803406,0.81153065,-0.630818,33.006485
2162,snow__p2__s1,taboo,6,1,1,0.9968462,3.3103008,5.6609945,119.87957,0.793728,-0.610268,34.730606
2163,snow__p2__s1,taboo,7,1,0,1.7225997,1.9839482,4.2769046,133.85011,0.77516466,-0.6221714,32.40512
2164,snow__p2__s1,taboo,8,1,1,0.38093463,1.450094,4.005205,119.96366,0.8243111,-0.67455274,32.99411
2165,snow__p2__s1,taboo,9,1,0,0.07657854,0.33569664,0.8995232,119.945366,0.746959,-0.6134421,34.691307
2166,snow__p2__s1,taboo,10,1,0,0.42468935,1.7505598,5.0385475,117.41842,0.74160075,-0.6182366,33.7366
2167,snow__p2__s1,taboo,11,1,1,0.03387524,0.18947008,0.8751362,82.569626,0.727739,-0.6034932,34.974056
2168,snow__p2__s1,taboo,12,1,1,1.8640459,2.3372648,2.6160512,120.15078,0.730576,-0.56265855,37.241158
2169,snow__p2__s2,taboo,0,1,1,0.78370744,2.632218,6.0626926,145.02681,0.93111664,-0.6543578,29.308628
2170,snow__p2__s2,taboo,1,1,1,1.8616832,2.393619,3.4153056,129.68428,0.90398264,-0.6569877,33.670105
2171,snow__p2__s2,taboo,2,1,1,0.1090059,0.4054572,0.9378343,121.97905,0.8575736,-0.65275234,29.586203
2172,snow__p2__s2,taboo,3,1,0,0.35605526,1.5985537,5.3780622,128.26984,0.85141915,-0.6676146,29.034039
2173,snow__p2__s2,taboo,4,1,0,0.032429446,0.20935524,1.0385388,77.86265,0.8172305,-0.61973405,32.94482
2174,snow__p2__s2,taboo,5,1,0,0.08467708,0.3231365,0.8920761,71.85351,0.7978452,-0.6311178,31.688225
2175,snow__p2__s2,taboo,6,1,0,0.06368728,0.417027,2.172892,117.37979,0.7883648,-0.63736826,32.314278
2176,snow__p2__s2,taboo,7,1,0,0.2592392,0.9183442,2.0737498,91.61612,0.7782754,-0.6324543,32.42636
2177,snow__p2__s2,taboo,8,1,0,0.050125733,0.23078884,0.7017236,109.953255,0.83242077,-0.6399698,36.019905
2178,snow__p2__s2,taboo,9,1,0,0.00008117823,0.0011120127,0.01392672,128.98045,0.76032966,-0.617635,33.836445
2179,snow__p2__s2,taboo,10,1,0,0.46371117,1.5892837,3.6120608,122.9506,0.75863206,-0.6088595,33.33967
2180,snow__p2__s2,taboo,11,1,0,0.43662155,0.9297329,1.5348315,85.27059,0.7451613,-0.5956482,34.501568
2181,snow__p2__s2,taboo,12,1,0,0.20904556,0.87532306,2.725882,79.97769,0.7259331,-0.5857324,34.193333
2182,snow__p2__s2,taboo,13,1,0,0.02728972,0.22144158,1.5065184,91.63417,0.7081506,-0.58721834,36.115036
2183,snow__p2__s2,taboo,14,1,0,0.35349554,1.3006756,2.7486465,60.92359,0.6907067,-0.59380305,34.693806
2184,snow__p2__s2,taboo,15,1,0,0.7910186,1.5156738,1.6086211,113.84002,0.6995661,-0.5780035,36.867466
2185,snow__p2__s2,taboo,16,1,0,0.20818698,1.0065393,3.3089752,98.455635,0.70921034,-0.6053082,32.569195
2186,snow__p2__s2,taboo,17,1,1,0.0013755631,0.01295316,0.10427885,68.83264,0.72477895,-0.5995734,36.409294
2187,snow__p2__s2,taboo,18,1,0,0.15548278,0.6462491,2.1641784,115.35729,0.70412344,-0.61624247,33.751453
2188,snow__p2__s2,taboo,19,1,0,0.3883012,0.8305376,1.1759148,112.42889,0.75353414,-0.6570322,34.607838
2189,snow__p2__s2,taboo,20,1,0,0.39486137,0.67579406,0.3593955,110.0209,0.7037776,-0.6351304,31.965832
2190,snow__p2__s2,taboo,21,1,0,0.13155943,0.40157396,0.6542952,85.83093,0.7039295,-0.6460301,31.378033
2191,snow__p2__s2,taboo,22,1,0,0.045470484,0.22174098,0.7558749,95.434326,0.6833429,-0.6204121,33.6204
2192,snow__p2__s2,taboo,23,1,0,0.0002454218,0.003238989,0.038377836,94.48729,0.69288856,-0.6143942,33.727016
2193,snow__p2__s2,taboo,24,1,0,2.7055736,1.8333582,1.3966433,112.33219,0.68315357,-0.61360824,33.41981
2194,snow__p2__s2,taboo,25,1,0,0.84141374,0.79311156,0.618144,47.24376,0.67270136,-0.60286385,34.713173
2195,snow__p2__s2,taboo,26,1,0,0.01274288,0.10111007,0.64438105,93.26968,0.68847156,-0.6015948,35.294666
2196,snow__p2__s2,taboo,27,1,0,0.7717559,1.3194389,2.0452585,71.26384,0.6701725,-0.6042148,33.51085
2197,snow__p2__s2,taboo,28,1,0,0.276724,0.70808756,1.4263177,104.118004,0.6704173,-0.5904306,35.55956
2198,snow__p2__s2,taboo,29,1,0,0.9296438,1.5964247,1.253133,116.27959,0.65296495,-0.59376657,35.853542
2199,snow__p2__s3,taboo,0,1,1,0.7881833,2.6488166,6.0860724,144.9346,0.9312682,-0.65427923,29.304468
2200,snow__p2__s3,taboo,1,1,1,1.2332022,2.4128883,3.427287,129.60773,0.90411156,-0.66097176,33.409718
2201,snow__p2__s3,taboo,2,1,1,0.10910178,0.40644765,0.94681823,119.937004,0.86095774,-0.6502142,29.841555
2202,snow__p2__s3,taboo,3,1,0,0.21280819,1.1151562,4.476535,124.28922,0.8542232,-0.6684159,29.044048
2203,snow__p2__s3,taboo,4,1,0,0.020636259,0.14650099,0.8229875,77.91789,0.8178254,-0.6188872,32.982647
2204,snow__p2__s3,taboo,5,1,0,0.07419514,0.28882986,0.79323715,71.47955,0.7986934,-0.63075835,31.683378
2205,snow__p2__s3,taboo,6,1,0,0.049620606,0.33591837,1.8248668,117.16388,0.7899751,-0.63638175,32.376392
2206,snow__p2__s3,taboo,7,1,0,0.21762997,0.8130731,1.9739476,93.96751,0.7799018,-0.6332861,32.41622
2207,snow__p2__s3,taboo,8,1,0,0.031259473,0.16651967,0.6155874,113.00922,0.83629787,-0.64323086,35.539257
2208,snow__p2__s3,taboo,9,1,0,0.00006735098,0.0009254413,0.011586174,129.84433,0.7631523,-0.61885273,33.782135
2209,snow__p2__s3,taboo,10,1,0,0.39819327,1.4188609,3.4043262,123.76385,0.75918376,-0.60813427,33.45221
2210,snow__p2__s3,taboo,11,1,0,0.43590063,0.9231254,1.4898943,85.79854,0.74574906,-0.5947958,34.585587
2211,snow__p2__s3,taboo,12,1,0,0.23039421,0.90919286,2.6532152,80.18673,0.7270467,-0.58583987,34.18245
2212,snow__p2__s3,taboo,13,1,0,0.02409369,0.19798923,1.369066,92.748,0.7087343,-0.58676916,36.15077
2213,snow__p2__s3,taboo,14,1,0,0.30418128,1.1775849,2.704626,62.298187,0.69103837,-0.59392446,34.677956
2214,snow__p2__s3,taboo,15,1,0,1.1855004,1.5071857,1.619334,82.25605,0.692391,-0.583563,37.257965
2215,snow__p2__s3,taboo,16,1,0,0.039143644,0.23921467,1.1076581,101.80582,0.7014399,-0.60597026,33.996746
2216,snow__p2__s3,taboo,17,1,0,0.48799783,1.4208586,1.986747,88.12785,0.7045404,-0.61179423,34.38985
2217,snow__p2__s3,taboo,18,1,0,0.47558945,1.3523664,2.10494,114.63765,0.7134142,-0.6121195,34.802322
2218,snow__p2__s3,taboo,19,1,0,0.26707792,1.2725606,4.169771,127.65029,0.69080985,-0.6018993,35.30016
2219,snow__p2__s3,taboo,20,1,0,1.4062824,1.4464484,2.7770424,96.67687,0.6902989,-0.5934476,36.673798
2220,snow__p2__s3,taboo,21,1,0,0.45009273,1.2948323,2.2468107,94.94669,0.69844735,-0.59040225,36.97541
2221,snow__p2__s3,taboo,22,1,0,0.9959908,1.3721397,2.4371147,118.36924,0.67287385,-0.5881425,35.912094
2222,snow__p2__s3,taboo,23,1,0,0.9605026,1.4257092,1.6096959,114.97566,0.6369364,-0.56324244,39.05186
2223,snow__p2__s3,taboo,24,1,0,1.5502223,2.8588915,5.11838,105.00272,0.66755,-0.58341306,37.363354
2224,snow__p2__s3,taboo,25,1,0,1.5661852,2.6274726,4.593787,132.65501,0.6563474,-0.58272105,37.062183
2225,snow__p2__s3,taboo,26,1,0,0.2912064,0.93428534,1.947059,124.01641,0.65775067,-0.5691896,38.53696
2226,snow__p2__s3,taboo,27,1,0,0.22136872,1.0434682,3.234672,103.66278,0.68275195,-0.6026917,33.5774
2227,snow__p2__s3,taboo,28,1,1,0.0007040406,0.007338531,0.06676301,73.15894,0.7047946,-0.5941762,37.40627
2228,snow__p2__s3,taboo,29,1,0,0.116979085,0.50381213,1.7365062,119.686905,0.6849565,-0.61376464,34.624905
2229,snow__p2__s4,taboo,0,1,1,0.7881833,2.6488166,6.0860724,144.9346,0.9312682,-0.65427923,29.304468
2230,snow__p2__s4,taboo,1,1,1,1.2332022,2.4128883,3.427287,129.60773,0.90411156,-0.66097176,33.409718
2231,snow__p2__s4,taboo,2,1,1,0.10910178,0.40644765,0.94681823,119.937004,0.86095774,-0.6502142,29.841555
2232,snow__p2__s4,taboo,3,1,0,0.21280819,1.1151562,4.476535,124.28922,0.8542232,-0.6684159,29.044048
2233,snow__p2__s4,taboo,4,1,0,0.020636259,0.14650099,0.8229875,77.91789,0.8178254,-0.6188872,32.982647
2234,snow__p2__s4,taboo,5,1,0,0.07419514,0.28882986,0.79323715,71.47955,0.7986934,-0.63075835,31.683378
2235,snow__p2__s4,taboo,6,1,0,0.049620606,0.33591837,1.8248668,117.16388,0.7899751,-0.63638175,32.376392
2236,snow__p2__s4,taboo,7,1,0,0.21762997,0.8130731,1.9739476,93.96751,0.7799018,-0.6332861,32.41622
2237,snow__p2__s4,taboo,8,1,1,0.031259473,0.16651967,0.6155874,113.00922,0.83629787,-0.64323086,35.539257
2238,snow__p2__s4,taboo,9,1,0,0.00006735098,0.0009254413,0.011586174,129.84433,0.7631523,-0.61885273,33.782135
2239,snow__p2__s4,taboo,10,1,0,0.39819327,1.4188609,3.4043262,123.76385,0.75918376,-0.60813427,33.45221
2240,snow__p2__s4,taboo,11,1,0,0.43590063,0.9231254,1.4898943,85.79854,0.74574906,-0.5947958,34.585587
2241,snow__p2__s4,taboo,12,1,0,0.23039421,0.90919286,2.6532152,80.18673,0.7270467,-0.58583987,34.18245
2242,snow__p2__s4,taboo,13,1,0,0.02409369,0.19798923,1.369066,92.748,0.7087343,-0.58676916,36.15077
2243,snow__p2__s4,taboo,14,1,0,0.30418128,1.1775849,2.704626,62.298187,0.69103837,-0.59392446,34.677956
2244,snow__p2__s4,taboo,15,1,0,1.1855004,1.5071857,1.619334,82.25605,0.692391,-0.583563,37.257965
2245,snow__p2__s4,taboo,16,1,0,0.039143644,0.23921467,1.1076581,101.80582,0.7014399,-0.60597026,33.996746
2246,snow__p2__s4,taboo,17,1,0,0.48799783,1.4208586,1.986747,88.12785,0.7045404,-0.61179423,34.38985
2247,snow__p2__s4,taboo,18,1,0,0.47558945,1.3523664,2.10494,114.63765,0.7134142,-0.6121195,34.802322
2248,snow__p2__s4,taboo,19,1,0,0.26707792,1.2725606,4.169771,127.65029,0.69080985,-0.6018993,35.30016
2249,snow__p2__s4,taboo,20,1,0,1.4062824,1.4464484,2.7770424,96.67687,0.6902989,-0.5934476,36.673798
2250,snow__p2__s4,taboo,21,1,0,0.45009273,1.2948323,2.2468107,94.94669,0.69844735,-0.59040225,36.97541
2251,snow__p2__s4,taboo,22,1,0,0.9959908,1.3721397,2.4371147,118.36924,0.67287385,-0.5881425,35.912094
2252,snow__p2__s4,taboo,23,1,0,0.9605026,1.4257092,1.6096959,114.97566,0.6369364,-0.56324244,39.05186
2253,snow__p2__s4,taboo,24,1,0,1.0502223,2.8588915,5.11838,99.809616,0.666636,-0.6009001,35.98637
2254,snow__p2__s4,taboo,25,1,0,0.0380732,0.26329792,1.4801154,120.49498,0.6736654,-0.60503423,36.264347
2255,snow__p2__s4,taboo,26,1,0,0.2801363,1.2362713,4.0294585,133.68742,0.6622954,-0.59478015,36.539127
2256,snow__p2__s4,taboo,27,1,0,0.15328133,0.740598,2.6556473,74.59069,0.6409452,-0.57408994,38.272415
2257,snow__p2__s4,taboo,28,1,0,0.3179943,1.3122939,3.5208828,133.94789,0.65709835,-0.5721508,38.0554
2258,snow__p2__s4,taboo,29,1,0,0.20754622,0.9978391,3.1848583,103.221085,0.68023026,-0.600931,33.654537
2259,snow__p2__s5,taboo,0,1,0,2.6250656,2.6008854,6.1858687,126.633606,0.9200894,-0.6641307,29.857224
2260,snow__p2__s5,taboo,1,1,0,1.1117558,0.9309447,1.1373031,82.8609,0.8561273,-0.6187326,32.74056
2261,snow__p2__s5,taboo,2,1,0,0.3962764,1.5059263,3.9782066,114.26545,0.8358136,-0.639995,31.350073
2262,snow__p2__s5,taboo,3,1,0,0.67237383,1.379746,1.9166278,96.16646,0.81094897,-0.6272327,32.3632
2263,snow__p2__s5,taboo,4,1,0,0.93462324,2.0440865,2.6164284,84.12022,0.785526,-0.6422791,30.982534
2264,snow__p2__s5,taboo,5,1,0,0.78500706,1.2894108,1.0496168,59.265064,0.77720374,-0.6068773,34.23433
2265,snow__p2__s5,taboo,6,1,0,0.53289175,1.5843291,2.5965567,97.28229,0.7603475,-0.61013585,33.48313
2266,snow__p2__s5,taboo,7,1,0,0.10102316,0.47142273,1.4931413,89.73104,0.7567075,-0.5949814,34.89432
2267,snow__p2__s5,taboo,8,1,0,0.29154372,0.768965,1.460091,108.51014,0.77626354,-0.5862067,35.702923
2268,snow__p2__s5,taboo,9,1,1,1.4651597,3.092963,2.6777353,117.28573,0.8153749,-0.61162263,32.071224
2269,snow__p2__s5,taboo,10,1,1,1.7159019,1.3113381,2.9668524,104.52392,0.79072046,-0.6160192,33.146103
2270,snow__p2__s5,taboo,11,1,1,0.91483015,2.5029805,3.693172,121.759476,0.77905834,-0.62002444,32.347557
2271,snow__p2__s5,taboo,12,1,1,0.3946436,1.2133731,3.3341913,90.93084,0.76475984,-0.6413963,29.949318
2272,snow__p2__s5,taboo,13,1,1,0.18305546,1.1029831,5.0502887,102.34265,0.75311965,-0.6441387,30.902414
2273,snow__p2__s5,taboo,14,1,1,1.8502802,3.2968106,4.258585,65.74784,0.7453291,-0.6609908,28.827415
2274,snow__p2__s5,taboo,15,1,1,1.3978674,3.1009047,3.9457293,117.480286,0.73970073,-0.66373944,29.433727
2275,snow__p2__s5,taboo,16,1,1,1.1740962,2.0387146,2.0680618,110.642624,0.7207565,-0.6517888,30.795843
2276,snow__p2__s5,taboo,17,1,1,0.8022519,2.7737968,5.991308,113.37854,0.69481885,-0.6307571,31.1328
2277,snow__p2__s5,taboo,18,1,1,0.80067974,0.9466517,1.178519,114.242455,0.6782537,-0.6130496,32.706985
2278,snow__p2__s5,taboo,19,1,1,1.5015701,2.4774978,3.9582734,121.07758,0.68179494,-0.620206,31.738314
2279,snow__p2__s5,taboo,20,1,1,2.3851795,3.2610207,3.568051,125.08706,0.6847181,-0.62246805,32.03415
2280,snow__p2__s5,taboo,21,1,1,0.0004593271,0.0065148347,0.08375893,100.63395,0.68433374,-0.62947726,33.363415
2281,snow__p2__s5,taboo,22,1,1,1.8555954,4.1129804,5.5662894,126.01197,0.68400186,-0.635651,30.65382
2282,snow__p2__s5,taboo,23,1,1,0.6100237,1.3319006,1.7004886,118.55087,0.67902523,-0.63214415,32.133606
2283,snow__p2__s5,taboo,24,1,1,0.040968314,0.30837238,1.9686601,110.561066,0.6782011,-0.6300521,32.10794
2284,snow__p2__s5,taboo,25,1,1,0.854516,1.1824915,1.0295134,121.058044,0.67170715,-0.5625924,38.93987
2285,snow__p2__s6,taboo,0,1,0,2.5000656,2.6008854,6.1858687,115.72728,0.9221135,-0.6330326,31.084116
2286,snow__p2__s6,taboo,1,1,1,0.20573056,0.67551756,1.5347008,79.26936,0.8596944,-0.604493,34.63181
2287,snow__p2__s6,taboo,2,1,0,0.3749117,1.4738816,3.9398592,109.28495,0.8409655,-0.6327039,31.708364
2288,snow__p2__s6,taboo,3,1,0,0.18714033,0.9144192,3.1068935,93.08674,0.8139544,-0.61185193,33.11688
2289,snow__p2__s6,taboo,4,1,0,0.80478734,2.056756,2.9212556,118.754166,0.8102796,-0.5913044,34.225536
2290,snow__p2__s6,taboo,5,1,1,2.74293,2.8019252,3.068196,138.54517,0.81852394,-0.62484056,32.482914
2291,snow__p2__s6,taboo,6,1,1,0.8113139,1.9291725,3.8667426,119.132996,0.8538116,-0.65529126,34.391888
2292,snow__p2__s6,taboo,7,1,1,0.00010132276,0.0013789963,0.017287392,120.850136,0.7731067,-0.6036681,33.57643
2293,snow__p2__s6,taboo,8,1,1,0.75273174,2.2477214,4.964875,117.50433,0.7981916,-0.63696223,32.721363
2294,snow__p2__s6,taboo,9,1,1,0.6357569,2.7131515,6.6666007,128.78337,0.7814266,-0.63057107,32.28681
2295,snow__p2__s6,taboo,10,1,1,0.6599989,1.8222066,3.199936,105.67714,0.7604097,-0.63517934,32.394913
2296,snow__p2__s6,taboo,11,1,1,1.1115301,3.3765712,5.031114,74.61656,0.7542836,-0.65793395,29.116545
2297,snow__p2__s6,taboo,12,1,1,2.6688528,3.5419705,3.132848,129.76343,0.7508036,-0.6624055,29.248129
2298,snow__p2__s6,taboo,13,1,1,0.3541957,1.3645604,4.4289827,98.42298,0.75080156,-0.6668815,30.047556
2299,snow__p2__s6,taboo,14,1,1,0.6403387,1.5867604,2.4751241,108.86396,0.71767944,-0.6510791,30.804237
2300,snow__p2__s6,taboo,15,1,1,0.0026093028,0.021258567,0.14400555,105.29961,0.72188735,-0.6516199,32.286354
2301,snow__p2__s6,taboo,16,1,1,0.7254268,2.428072,5.477412,113.056206,0.70419747,-0.632818,31.519222
2302,snow__p2__s6,taboo,17,1,1,0.6685817,1.7635602,3.2013597,123.677155,0.661901,-0.5969075,34.061115
2303,snow__p2__s6,taboo,18,1,1,1.528742,2.936514,4.758068,117.04512,0.68308955,-0.6206026,31.89006
2304,snow__p2__s6,taboo,19,1,1,1.7101735,3.1509914,2.6166508,151.22559,0.7093068,-0.6521209,29.48577
2305,snow__p2__s6,taboo,20,1,1,0.618103,1.8442955,3.0400434,116.94709,0.69028383,-0.6399778,30.236
2306,snow__p2__s6,taboo,21,1,1,0.43716103,1.0280894,1.4320337,110.971176,0.67679137,-0.6305507,31.185928
2307,snow__p2__s6,taboo,22,1,1,4.024279,3.3285103,2.7901495,74.16835,0.6828966,-0.63294446,30.599241
2308,snow__p2__s6,taboo,23,1,1,0.6010977,1.885205,4.148035,72.882965,0.6846806,-0.63415307,32.063797
2309,snow__p2__s6,taboo,24,1,1,2.2333283,2.4396744,2.7176836,126.94201,0.66725826,-0.60215193,33.8092
2310,snow__p2__s6,taboo,25,1,1,0.07274689,0.3980937,1.6144375,116.3732,0.68854976,-0.57144606,38.026585
2311,snow__p2__s7,taboo,0,1,1,0.7923638,2.6239674,5.994525,145.13246,0.9311638,-0.65404695,29.330912
2312,snow__p2__s7,taboo,1,1,1,1.1886618,2.3695173,3.3755567,129.97815,0.9038883,-0.66082335,33.408348
2313,snow__p2__s7,taboo,2,1,1,0.12016988,0.4289184,0.9397527,120.183914,0.86091757,-0.6501702,29.854502
2314,snow__p2__s7,taboo,3,1,0,0.21386218,1.1194217,4.48131,124.838486,0.85426694,-0.66838306,29.049768
2315,snow__p2__s7,taboo,4,1,0,0.020442627,0.14540276,0.8196081,78.25345,0.8179835,-0.6193793,32.933296
2316,snow__p2__s7,taboo,5,1,0,0.074324295,0.2899127,0.8008209,71.841965,0.7987186,-0.63072217,31.678179
2317,snow__p2__s7,taboo,6,1,0,0.050279465,0.34068674,1.8507094,117.51288,0.79003376,-0.6361833,32.3885
2318,snow__p2__s7,taboo,7,1,0,0.22013476,0.8218919,1.9838824,93.748955,0.7797622,-0.63289046,32.426636
2319,snow__p2__s7,taboo,8,1,0,0.033389274,0.17519985,0.6348851,112.31037,0.83575624,-0.6429154,35.54669
2320,snow__p2__s7,taboo,9,1,0,0.00007343022,0.0009927594,0.012260234,129.28596,0.7630411,-0.61862874,33.805733
2321,snow__p2__s7,taboo,10,1,0,0.4372258,1.4916841,3.412766,123.832275,0.759172,-0.6082699,33.447575
2322,snow__p2__s7,taboo,11,1,0,0.43325147,0.91075915,1.4479526,86.07344,0.7455335,-0.59478074,34.59212
2323,snow__p2__s7,taboo,12,1,0,0.21854487,0.88743794,2.6652281,80.02279,0.7269983,-0.58569926,34.201725
2324,snow__p2__s7,taboo,13,1,0,0.02168831,0.18159203,1.2839379,92.0818,0.70878106,-0.5870585,36.118664
2325,snow__p2__s7,taboo,14,1,0,0.3308873,1.2369881,2.7023134,61.60873,0.6910429,-0.5938716,34.64671
2326,snow__p2__s7,taboo,15,1,0,0.8519018,1.501061,1.6187975,114.81744,0.7005064,-0.5778001,36.874092
2327,snow__p2__s7,taboo,16,1,0,0.18468402,0.91533434,3.125514,99.747734,0.7100979,-0.60511994,32.56338
2328,snow__p2__s7,taboo,17,1,1,0.0010756428,0.010462791,0.08774842,70.33835,0.7267748,-0.5993128,36.43506
2329,snow__p2__s7,taboo,18,1,0,0.13452114,0.56956697,1.937998,116.59467,0.7054844,-0.61562604,33.80688
2330,snow__p2__s7,taboo,19,1,0,0.3705888,0.75811034,1.0066261,113.39529,0.75472355,-0.6581863,34.50903
2331,snow__p2__s7,taboo,20,1,0,0.3931177,0.66716635,0.33029854,112.40703,0.7065697,-0.6358773,31.919462
2332,snow__p2__s7,taboo,21,1,0,0.11598226,0.36581203,0.6113997,87.83755,0.7047205,-0.6461175,31.39828
2333,snow__p2__s7,taboo,22,1,0,0.037957866,0.18880975,0.66055316,96.88745,0.68360037,-0.61983085,33.649406
2334,snow__p2__s7,taboo,23,1,0,0.00018702188,0.002518681,0.030622916,95.4393,0.69382995,-0.614114,33.75975
2335,snow__p2__s7,taboo,24,1,0,2.3019693,1.7987802,1.3696538,114.03135,0.6912214,-0.6120988,33.65174
2336,snow__p2__s7,taboo,25,1,0,0.41210538,0.7836031,0.873934,92.55402,0.7014896,-0.6056378,34.80295
2337,snow__p2__s7,taboo,26,1,0,0.81282663,1.2720325,1.8515663,69.73086,0.67310184,-0.6046358,33.480244
2338,snow__p2__s7,taboo,27,1,0,0.2728322,0.69267654,1.3981185,105.54978,0.6732163,-0.59198207,35.258812
2339,snow__p2__s7,taboo,28,1,0,0.8046405,1.5277698,1.3300531,111.57499,0.6531948,-0.59211075,35.924747
2340,snow__p2__s7,taboo,29,1,0,0.98684645,1.8180311,1.5376396,102.923065,0.6710436,-0.6120075,33.515686
2341,snow__p3__s0,taboo,0,1,1,0.703021,2.2076857,4.4667916,141.91302,0.9198968,-0.6677262,28.503294
2342,snow__p3__s0,taboo,1,1,1,0.18966074,0.9213066,3.6009305,104.2662,0.8595286,-0.67008203,29.531775
2343,snow__p3__s0,taboo,2,1,1,0.7958236,2.5184772,4.589832,122.59008,0.8281942,-0.66941684,29.563353
2344,snow__p3__s0,taboo,3,1,1,1.4491194,3.3871627,3.9339707,82.72061,0.80990314,-0.68986005,27.257168
2345,snow__p3__s0,taboo,4,1,1,0.94732314,2.4900675,4.1781645,122.00183,0.7833705,-0.67645425,28.444763
2346,snow__p3__s0,taboo,5,1,1,0.001010146,0.011255042,0.1163782,103.4725,0.78316844,-0.68415725,29.325218
2347,snow__p3__s0,taboo,6,1,1,1.3240918,3.853808,6.572753,126.61538,0.7584984,-0.6863626,26.374535
2348,snow__p3__s0,taboo,7,1,1,0.84264296,1.0927224,1.357708,115.84148,0.70288193,-0.6327162,30.818981
2349,snow__p3__s0,taboo,8,1,1,1.8901991,3.763669,4.6012697,118.633095,0.7165926,-0.6510185,29.123913
2350,snow__p3__s0,taboo,9,1,1,0.28195405,1.0124166,2.0190482,98.514565,0.7032956,-0.6213516,32.448936
2351,snow__p3__s0,taboo,10,1,1,0.6426715,1.8379667,3.23547,103.167046,0.7006878,-0.6166434,32.62203
2352,snow__p3__s0,taboo,11,1,1,0.6992979,2.4889665,5.7895164,103.96265,0.70909274,-0.6453808,31.014519
2353,snow__p3__s0,taboo,12,1,1,0.9148796,2.4485595,3.78281,109.82544,0.7048095,-0.6458827,29.937017
2354,snow__p3__s0,taboo,13,1,1,0.7169959,2.2751868,3.9771247,153.24823,0.7166916,-0.6687183,27.922836
2355,snow__p3__s0,taboo,14,1,1,0.9950694,1.9472756,1.8234056,120.615005,0.693271,-0.65322256,28.858255
2356,snow__p3__s0,taboo,15,1,1,0.66501474,0.9005662,1.0486746,80.86619,0.6738705,-0.62481827,30.691322
2357,snow__p3__s0,taboo,16,1,1,0.31324545,0.9836215,1.6058704,115.89704,0.70871896,-0.6001978,34.318
2358,snow__p3__s1,taboo,0,1,1,0.7225247,2.2462049,4.428736,141.31467,0.9200481,-0.66792136,28.47979
2359,snow__p3__s1,taboo,1,1,1,0.1901397,0.9264993,3.6467628,104.39112,0.8595179,-0.67022,29.526035
2360,snow__p3__s1,taboo,2,1,1,0.856903,2.5944142,4.506711,122.62702,0.82828295,-0.66964644,29.550262
2361,snow__p3__s1,taboo,3,1,1,1.4259131,3.3641078,3.980804,82.51452,0.8097402,-0.68967694,27.266495
2362,snow__p3__s1,taboo,4,1,1,0.9021419,2.457484,4.262459,121.951546,0.7832839,-0.67623514,28.441246
2363,snow__p3__s1,taboo,5,1,1,0.0010078833,0.011226842,0.11608211,104.075134,0.7829305,-0.6837794,29.336061
2364,snow__p3__s1,taboo,6,1,1,1.3412144,3.8734293,6.52438,126.69388,0.7587808,-0.6868953,26.332664
2365,snow__p3__s1,taboo,7,1,1,0.71699923,1.0887444,1.3408525,106.20444,0.7092772,-0.6308621,31.7033
2366,snow__p3__s1,taboo,8,1,1,1.9419646,3.3121421,4.6679125,105.92553,0.70538956,-0.61672014,32.267807
2367,snow__p3__s1,taboo,9,1,1,2.7479467,3.1552153,5.46609,83.49608,0.69782704,-0.63497245,29.757923
2368,snow__p3__s1,taboo,10,1,1,1.7318532,3.6825418,5.02326,141.13637,0.7224447,-0.66191167,28.645102
2369,snow__p3__s1,taboo,11,1,1,2.0819168,4.104304,3.5229354,143.03223,0.7073122,-0.6428513,31.247923
2370,snow__p3__s1,taboo,12,1,1,0.1549997,0.96427035,4.8483715,121.95124,0.6962428,-0.6409469,31.982521
2371,snow__p3__s1,taboo,13,1,1,0.3915513,1.0390582,1.6729839,128.4775,0.6976534,-0.6492375,31.794489
2372,snow__p3__s1,taboo,14,1,1,1.003996,2.998979,4.846055,145.4806,0.6917683,-0.6386106,31.746857
2373,snow__p3__s1,taboo,15,1,1,0.9464272,2.6448953,5.415429,119.35892,0.707295,-0.65862364,31.03709
2374,snow__p3__s1,taboo,16,1,1,2.5728164,4.3296547,4.7273684,144.25006,0.6885267,-0.64298815,30.117798
2375,snow__p3__s1,taboo,17,1,1,0.037138652,0.26204926,1.4441735,111.61259,0.68510884,-0.64696264,31.650404
2376,snow__p3__s1,taboo,18,1,1,1.4466721,3.1400552,4.1843853,115.28356,0.67801726,-0.6363006,30.737661
2377,snow__p3__s1,taboo,19,1,1,0.62012446,1.2772648,1.5363307,115.35174,0.649375,-0.6097036,33.961937
2378,snow__p3__s1,taboo,20,1,1,2.01182,3.4250677,3.7518113,119.3184,0.674281,-0.6228801,32.789993
2379,snow__p3__s1,taboo,21,1,1,0.040822644,0.25934893,1.280019,110.8742,0.69816446,-0.5892569,36.75015
2380,snow__p3__s2,taboo,0,1,1,0.703021,2.2076857,4.466791,141.91302,0.9198968,-0.6677262,28.503294
2381,snow__p3__s2,taboo,1,1,1,0.18966074,0.9213066,3.6009305,104.2662,0.8595286,-0.67008203,29.531775
2382,snow__p3__s2,taboo,2,1,1,0.7958236,2.5184774,4.589832,122.59008,0.8281942,-0.66941684,29.563353
2383,snow__p3__s2,taboo,3,1,1,1.4491194,3.3871627,3.9339705,82.72061,0.80990314,-0.68986005,27.257168
2384,snow__p3__s2,taboo,4,1,1,2.947323,2.4900677,4.1781645,117.58076,0.77880466,-0.68721986,27.248648
2385,snow__p3__s2,taboo,5,1,1,0.043120604,0.23183542,0.9253369,110.55371,0.7722442,-0.682686,28.89566
2386,snow__p3__s2,taboo,6,1,1,1.4031818,3.0278783,5.5002995,97.268265,0.7668037,-0.69755167,26.00941
2387,snow__p3__s2,taboo,7,1,1,1.5992279,2.0433686,3.9300022,124.18467,0.71459675,-0.656308,28.602907
2388,snow__p3__s2,taboo,8,1,1,1.2741569,1.3076663,2.4192889,98.937836,0.6998699,-0.62064034,32.648785
2389,snow__p3__s2,taboo,9,1,1,0.9656359,2.812341,5.661435,99.90959,0.7059725,-0.6192433,31.920713
2390,snow__p3__s2,taboo,10,1,1,1.6744916,3.3259358,5.501492,137.19043,0.7232198,-0.6621502,28.05644
2391,snow__p3__s2,taboo,11,1,1,2.5399876,3.8660617,3.9182732,122.05899,0.71209955,-0.6550826,28.849903
2392,snow__p3__s2,taboo,12,1,1,0.25230193,1.287519,4.7374935,107.6793,0.71154267,-0.6562127,30.867817
2393,snow__p3__s2,taboo,13,1,1,1.9538394,3.1476595,4.789257,148.35202,0.7094268,-0.6546809,30.187004
2394,snow__p3__s2,taboo,14,1,1,2.9234624,3.8215845,4.9709787,126.671104,0.70694363,-0.6562308,29.13223
2395,snow__p3__s2,taboo,15,1,1,0.32528535,1.3115476,3.1031637,116.77945,0.6838232,-0.6368988,32.02055
2396,snow__p3__s2,taboo,16,1,1,0.0005361788,0.005954071,0.05796101,108.23121,0.67505234,-0.6253101,32.866745
2397,snow__p3__s2,taboo,17,1,1,0.014132185,0.10999054,0.72825193,106.54206,0.6659318,-0.6127614,34.995323
2398,snow__p3__s2,taboo,18,1,1,2.9924347,2.015116,2.132122,116.379166,0.70028013,-0.59196544,35.063774
2399,snow__p3__s3,taboo,0,1,1,0.7391179,2.2392335,4.3810587,142.01643,0.9200015,-0.6677492,28.493423
2400,snow__p3__s3,taboo,1,1,1,0.20120308,0.97072256,3.7508726,104.67485,0.8598644,-0.6706189,29.512894
2401,snow__p3__s3,taboo,2,1,1,0.822111,2.5670228,4.555438,122.974434,0.82836336,-0.6697412,29.543049
2402,snow__p3__s3,taboo,3,1,1,1.4612951,3.3939123,3.9260633,82.728874,0.8097178,-0.6896774,27.260824
2403,snow__p3__s3,taboo,4,1,1,0.918308,2.446319,4.2092533,121.87967,0.78357184,-0.67653704,28.431448
2404,snow__p3__s3,taboo,5,1,1,0.0010145523,0.011316888,0.11716187,104.332344,0.78305846,-0.68386537,29.34576
2405,snow__p3__s3,taboo,6,1,1,1.3028383,3.818905,6.5629635,127.31392,0.7586282,-0.6866372,26.362309
2406,snow__p3__s3,taboo,7,1,1,0.8425635,1.0921497,1.3544378,116.20893,0.70281744,-0.63271236,30.798079
2407,snow__p3__s3,taboo,8,1,1,2.0168781,3.7520046,4.514197,118.87053,0.714148,-0.6510654,29.126085
2408,snow__p3__s3,taboo,9,1,1,0.23604727,0.96237797,2.3556557,94.02797,0.7014081,-0.6164439,33.06716
2409,snow__p3__s3,taboo,10,1,1,1.1276429,2.0582733,2.6621127,103.368744,0.69970703,-0.6160982,32.649166
2410,snow__p3__s3,taboo,11,1,1,0.70253587,2.4324145,5.654185,103.59686,0.7086304,-0.6429132,30.964119
2411,snow__p3__s3,taboo,12,1,1,2.1522808,2.30562,4.013071,122.79551,0.77657145,-0.6931331,30.606096
2412,snow__p3__s3,taboo,13,1,1,0.00022730629,0.002597451,0.027156837,134.40494,0.6959776,-0.62772185,31.984076
2413,snow__p3__s3,taboo,14,1,1,1.2816652,3.1556532,3.9386687,128.71483,0.70394593,-0.6382498,31.858582
2414,snow__p3__s3,taboo,15,1,1,3.9581318,2.7517607,3.986013,110.48738,0.70716697,-0.6533708,30.649694
2415,snow__p3__s3,taboo,16,1,1,0.9063338,2.5156834,3.6202497,120.928085,0.706371,-0.65549856,30.60515
2416,snow__p3__s3,taboo,17,1,1,0.23380741,0.61034936,0.70750064,126.290245,0.6970505,-0.6500767,31.19601
2417,snow__p3__s3,taboo,18,1,1,0.32894862,1.5215425,4.8492193,102.57028,0.6970457,-0.6520766,30.07722
2418,snow__p3__s3,taboo,19,1,1,1.028954,2.2672317,2.4047408,112.366196,0.69154716,-0.6455516,32.759956
2419,snow__p3__s3,taboo,20,1,1,0.010729363,0.07922015,0.4718355,123.83084,0.69118685,-0.64704585,31.719799
2420,snow__p3__s3,taboo,21,1,1,1.7936871,2.36514,2.060278,114.36163,0.68322676,-0.6296782,30.825527
2421,snow__p3__s3,taboo,22,1,1,0.47161824,0.82889354,0.6589824,113.94554,0.6959858,-0.5884027,36.216064
2422,snow__p3__s4,taboo,0,1,0,1.953021,2.2076855,4.4667916,120.78853,0.9173273,-0.6809159,27.822721
2423,snow__p3__s4,taboo,1,1,1,0.0805026,0.36203367,1.0702305,120.45365,0.86597264,-0.6429524,30.484846
2424,snow__p3__s4,taboo,2,1,1,0.46183088,1.6139923,3.715023,138.56883,0.852069,-0.66098696,29.290224
2425,snow__p3__s4,taboo,3,1,1,0.12621139,0.678344,2.9368472,107.57568,0.8271666,-0.6646564,30.29783
2426,snow__p3__s4,taboo,4,1,1,0.7691034,2.2851171,4.168892,121.63068,0.7947697,-0.66447157,30.375763
2427,snow__p3__s4,taboo,5,1,1,2.7646918,3.0146163,4.1050878,120.63536,0.7874756,-0.67762184,28.510525
2428,snow__p3__s4,taboo,6,1,1,0.0021507244,0.023340644,0.22194874,105.8115,0.7835855,-0.68163127,29.599764
2429,snow__p3__s4,taboo,7,1,1,2.1874883,4.1853123,5.6695333,110.59367,0.7701328,-0.6955669,26.368391
2430,snow__p3__s4,taboo,8,1,1,0.79915833,1.4419335,2.5134163,108.89583,0.7247312,-0.659849,28.763542
2431,snow__p3__s4,taboo,9,1,1,0.29236293,0.6375163,0.7049167,107.57122,0.6906505,-0.6201095,31.824163
2432,snow__p3__s4,taboo,10,1,1,1.0461752,3.0198884,6.33692,97.20344,0.7101045,-0.6476113,28.742882
2433,snow__p3__s4,taboo,11,1,1,2.4952621,3.3859274,3.0609207,131.51067,0.713138,-0.65808755,29.37113
2434,snow__p3__s4,taboo,12,1,1,1.6704159,3.0893102,4.14738,124.72202,0.7426913,-0.7002008,25.877424
2435,snow__p3__s4,taboo,13,1,1,0.3215985,1.06697,2.3844593,123.64463,0.6927959,-0.6460942,29.634556
2436,snow__p3__s4,taboo,14,1,1,1.0629083,2.052138,1.5721407,120.08961,0.69869244,-0.59845203,34.830544
2437,snow__p3__s5,taboo,0,1,1,0.68095076,2.170041,4.5039473,141.35602,0.9200303,-0.6678918,28.498402
2438,snow__p3__s5,taboo,1,1,1,0.19357988,0.9474762,3.7308102,104.892426,0.85984486,-0.6703341,29.529135
2439,snow__p3__s5,taboo,2,1,1,2.984674,2.5977883,4.46695,122.94758,0.8247314,-0.6869115,27.935768
2440,snow__p3__s5,taboo,3,1,1,0.8538774,2.6185253,5.485445,133.32298,0.80388755,-0.7013751,25.645437
2441,snow__p3__s5,taboo,4,1,1,0.45322806,1.9305193,5.6505823,69.28041,0.7658015,-0.68464303,26.50075
2442,snow__p3__s5,taboo,5,1,1,2.7449481,2.7069736,4.9774466,126.49026,0.75328666,-0.6837412,26.608124
2443,snow__p3__s5,taboo,6,1,1,0.26328933,0.7260318,1.2806811,123.67788,0.71445733,-0.6384114,31.119572
2444,snow__p3__s5,taboo,7,1,1,1.0597597,2.8503962,5.323296,125.1354,0.71543676,-0.65604204,29.61727
2445,snow__p3__s5,taboo,8,1,1,1.6947569,1.7705281,2.0908647,102.43969,0.72298497,-0.6658652,28.312946
2446,snow__p3__s5,taboo,9,1,1,0.07980294,0.3418784,0.95990634,102.2789,0.7051432,-0.63826805,30.598297
2447,snow__p3__s5,taboo,10,1,1,1.2611122,1.3021077,1.3518658,118.52054,0.7243964,-0.60176283,34.83496
2448,snow__p3__s6,taboo,0,1,1,0.703021,2.2076857,4.466791,141.91302,0.9198968,-0.6677262,28.503294
2449,snow__p3__s6,taboo,1,1,1,0.18966074,0.9213066,3.6009305,104.2662,0.8595286,-0.67008203,29.531775
2450,snow__p3__s6,taboo,2,1,1,2.0458236,2.5184774,4.589832,75.940384,0.81901765,-0.6905291,26.590433
2451,snow__p3__s6,taboo,3,1,1,3.5453737,3.4401736,3.3480902,127.13007,0.7866056,-0.6857333,26.819311
2452,snow__p3__s6,taboo,4,1,1,1.230139,1.9806569,2.672523,116.13135,0.75981885,-0.6747864,27.33833
2453,snow__p3__s6,taboo,5,1,1,0.9213296,3.0325928,5.983383,112.33887,0.7631014,-0.67664534,29.480223
2454,snow__p3__s6,taboo,6,1,1,4.0044727,3.2832015,4.7638707,141.95842,0.74128777,-0.68295383,27.811531
2455,snow__p3__s6,taboo,7,1,1,0.0027938164,0.023456845,0.16250488,105.57769,0.73394537,-0.6761077,28.482182
2456,snow__p3__s6,taboo,8,1,1,0.012481081,0.0870323,0.5202554,107.73531,0.71202254,-0.6471136,30.61425
2457,snow__p3__s6,taboo,9,1,1,0.2996887,0.68371415,0.92872643,108.34076,0.6814121,-0.6149022,33.051006
2458,snow__p3__s6,taboo,10,1,1,0.9270073,2.713643,4.834551,115.08834,0.7109217,-0.6429555,29.523405
2459,snow__p3__s6,taboo,11,1,1,2.9873385,2.9331062,3.0848246,146.92903,0.7191614,-0.6515626,31.11753
2460,snow__p3__s6,taboo,12,1,1,1.3753285,3.28311,4.960176,122.135765,0.70428234,-0.64232427,30.265375
2461,snow__p3__s6,taboo,13,1,1,1.6757829,3.1268606,3.8066638,145.319,0.73356366,-0.67861634,29.224365
2462,snow__p3__s6,taboo,14,1,1,0.00008320462,0.0010869253,0.012534281,145.75598,0.7073054,-0.66090786,29.670946
2463,snow__p3__s6,taboo,15,1,1,0.81249756,2.2795882,3.199039,112.68251,0.6995746,-0.6537598,28.979801
2464,snow__p3__s6,taboo,16,1,1,0.4581285,1.3015897,1.8559412,118.76371,0.6696287,-0.6273938,32.76319
2465,snow__p3__s6,taboo,17,1,1,1.4803108,2.7266135,4.428242,127.32028,0.6740798,-0.6264049,31.739464
2466,snow__p3__s6,taboo,18,1,1,0.9227584,1.7432739,1.8779361,126.06589,0.7123065,-0.6005615,34.797607
2467,snow__p3__s7,taboo,0,1,1,0.7200087,2.239986,4.4298983,141.49725,0.91990983,-0.6678852,28.48854
2468,snow__p3__s7,taboo,1,1,1,0.19838244,0.9551792,3.6938434,104.51679,0.8595371,-0.6702105,29.53617
2469,snow__p3__s7,taboo,2,1,1,0.8482115,2.5627189,4.451961,123.03676,0.8283028,-0.6695915,29.569693
2470,snow__p3__s7,taboo,3,1,1,2.214505,3.393992,3.9071379,120.67952,0.8091485,-0.69522834,26.546095
2471,snow__p3__s7,taboo,4,1,1,0.064256564,0.32014954,1.2789667,110.74297,0.7816878,-0.682984,28.18672
2472,snow__p3__s7,taboo,5,1,1,2.3812635,3.4009557,4.120616,119.66752,0.7744676,-0.69900215,26.559834
2473,snow__p3__s7,taboo,6,1,1,1.4027911,2.659451,3.20516,116.49853,0.73394835,-0.67622155,26.940077
2474,snow__p3__s7,taboo,7,1,1,0.47221714,1.1875588,1.7056633,119.33103,0.70220834,-0.64429337,30.498144
2475,snow__p3__s7,taboo,8,1,1,2.834263,3.9382048,4.361251,96.525375,0.7104581,-0.6622501,27.852966
2476,snow__p3__s7,taboo,9,1,1,0.77183497,2.4341187,4.3436484,118.86553,0.6895663,-0.6408929,29.983759
2477,snow__p3__s7,taboo,10,1,1,0.39274004,1.3563483,2.7135432,109.1701,0.68864584,-0.6455381,29.596746
2478,snow__p3__s7,taboo,11,1,1,1.3918417,3.257922,3.568982,81.24531,0.7168288,-0.6556127,31.864819
2479,snow__p3__s7,taboo,12,1,1,3.0486746,3.325756,3.6712244,93.11924,0.68453956,-0.64166284,30.189577
2480,snow__p3__s7,taboo,13,1,1,1.7060378,0.9988101,2.071935,67.20993,0.6827812,-0.6412728,31.004198
2481,snow__p3__s7,taboo,14,1,1,0.75370246,2.0084314,3.8440113,110.63426,0.68828195,-0.6268598,31.776514
2482,snow__p3__s7,taboo,15,1,1,0.56642807,1.522174,2.114411,115.10319,0.7177508,-0.60674745,34.31705
