position_id,case_id,mode,tok_idx,label,on_task,surprisal,entropy,varentropy,resid_jump,lookback_ratio,sink_drain,head_disagreement
0,moon__p0__s0,taboo,0,1,0,0.78205335,3.4412282,10.591236,132.60765,0.9325276,-0.6437893,16.657383
1,moon__p0__s0,taboo,1,1,0,1.1121188,1.9885826,2.4121587,100.923294,0.85541874,-0.6384498,16.978846
2,moon__p0__s0,taboo,2,1,0,0.41222885,0.7985611,1.0438974,102.683304,0.87166166,-0.6277007,20.530327
3,moon__p0__s0,taboo,3,1,0,0.00019965562,0.0027317256,0.033828974,115.948326,0.8166714,-0.62058675,18.746378
4,moon__p0__s0,taboo,4,1,0,0.24245068,0.9776468,2.6168704,111.12154,0.783349,-0.5866579,20.08177
5,moon__p0__s0,taboo,5,1,0,0.45688653,0.8097683,0.83298415,86.48416,0.7462606,-0.5704891,21.209944
6,moon__p0__s0,taboo,6,1,0,0.045572314,0.2526053,1.2069038,79.672386,0.72611,-0.53842664,22.96884
7,moon__p0__s0,taboo,7,1,0,0.031187374,0.1854158,0.9425863,86.328316,0.7062877,-0.5496185,22.91957
8,moon__p0__s0,taboo,8,1,0,0.17179254,0.7105125,2.173673,64.9437,0.6903902,-0.5681617,20.567122
9,moon__p0__s0,taboo,9,1,0,0.31711587,1.1626544,2.440178,89.95462,0.7075339,-0.561,21.027857
10,moon__p0__s0,taboo,10,1,0,0.32091907,0.8390254,1.3399895,110.16601,0.7002921,-0.57328916,20.303545
11,moon__p0__s0,taboo,11,1,0,0.1945977,0.9509828,3.5131257,121.09574,0.7078778,-0.5954181,19.623253
12,moon__p0__s0,taboo,12,1,0,0.56695193,0.9301739,1.1919084,104.931175,0.68282783,-0.586059,20.28002
13,moon__p0__s0,taboo,13,1,0,0.70623463,1.5046653,2.2970867,114.954605,0.69438076,-0.5874928,20.551817
14,moon__p0__s0,taboo,14,1,0,0.0040990626,0.033110835,0.22018859,60.18895,0.6979856,-0.58990896,21.74769
15,moon__p0__s0,taboo,15,1,0,0.025201745,0.17576754,0.95657384,81.65335,0.7043779,-0.5867181,21.849907
16,moon__p0__s0,taboo,16,1,0,0.643324,1.2950175,2.108302,115.51284,0.67866147,-0.57825834,21.43742
17,moon__p0__s0,taboo,17,1,0,1.4303151,1.9819314,0.9848161,120.23648,0.6778688,-0.54197955,21.406677
18,moon__p0__s0,taboo,18,1,1,1.1379006,2.7611516,3.4249475,135.6214,0.7378687,-0.6044584,19.112307
19,moon__p0__s0,taboo,19,1,1,0.055574585,0.34344524,1.8171699,117.19278,0.722261,-0.6173402,20.001535
20,moon__p0__s0,taboo,20,1,1,0.43249825,1.647196,4.170045,116.879456,0.70918787,-0.6180874,19.936043
21,moon__p0__s0,taboo,21,1,1,0.45844406,1.9921618,5.200613,80.40238,0.7156807,-0.64274365,18.758085
22,moon__p0__s0,taboo,22,1,1,0.35019308,1.6470733,5.033972,122.779465,0.6873176,-0.6238914,19.680296
23,moon__p0__s0,taboo,23,1,1,0.00036471392,0.005003073,0.062454637,113.053535,0.6980896,-0.6312156,19.863886
24,moon__p0__s0,taboo,24,1,1,2.0049436,3.9936426,5.1328425,108.3827,0.68410605,-0.6361656,17.447355
25,moon__p0__s0,taboo,25,1,1,0.5167221,2.0438175,5.4506035,105.77517,0.6176835,-0.57862985,20.250849
26,moon__p0__s0,taboo,26,1,1,1.4762957,3.2490516,5.6365514,119.010864,0.6378152,-0.5981308,19.245945
27,moon__p0__s0,taboo,27,1,1,0.5908453,1.9953829,4.7290916,126.62531,0.6585495,-0.62046313,18.21287
28,moon__p0__s0,taboo,28,1,1,0.9161427,2.0499349,3.229192,70.33956,0.6521111,-0.6162585,19.02184
29,moon__p0__s0,taboo,29,1,1,0.8398538,2.1859684,2.8681846,129.13727,0.65187746,-0.61023694,18.606102
30,moon__p0__s1,taboo,0,1,0,0.781205,3.43754,10.592049,132.55046,0.9325072,-0.6437456,16.671482
31,moon__p0__s1,taboo,1,1,0,1.0641292,2.0089934,2.460143,100.67847,0.8553808,-0.6384704,16.980644
32,moon__p0__s1,taboo,2,1,0,0.37474898,0.78268903,1.1054181,102.59425,0.8718077,-0.6278762,20.523281
33,moon__p0__s1,taboo,3,1,0,0.00021026308,0.0028516436,0.03499178,115.82269,0.81667745,-0.62059927,18.734934
34,moon__p0__s1,taboo,4,1,0,0.2336319,0.95321333,2.5980954,110.91829,0.7832912,-0.5866628,20.0666
35,moon__p0__s1,taboo,5,1,0,0.504625,0.8368134,0.83905834,86.38544,0.7458447,-0.57004166,21.233828
36,moon__p0__s1,taboo,6,1,0,0.045333896,0.2506243,1.1942567,79.45166,0.7258356,-0.53812736,22.967726
37,moon__p0__s1,taboo,7,1,0,0.032093097,0.19290206,0.99429727,85.76958,0.70624924,-0.54989994,22.910156
38,moon__p0__s1,taboo,8,1,0,0.19155708,0.7630044,2.2373433,65.04635,0.69051653,-0.56835365,20.558361
39,moon__p0__s1,taboo,9,1,0,0.3169944,1.162437,2.442203,90.13437,0.7077948,-0.5610102,21.029392
40,moon__p0__s1,taboo,10,1,0,0.3202492,0.8362453,1.3351744,110.511246,0.70048517,-0.5731235,20.32782
41,moon__p0__s1,taboo,11,1,0,0.19754009,0.9659974,3.558899,121.08168,0.708034,-0.5954807,19.63351
42,moon__p0__s1,taboo,12,1,0,0.94613016,0.9476625,1.241411,102.9827,0.75770694,-0.62556875,21.21517
43,moon__p0__s1,taboo,13,1,0,0.6511106,0.7837038,0.37367234,107.85224,0.7019616,-0.61118233,18.630224
44,moon__p0__s1,taboo,14,1,0,0.13793771,0.44221622,0.8522599,97.07298,0.6809849,-0.61035985,19.757765
45,moon__p0__s1,taboo,15,1,0,0.03699495,0.19616455,0.77278024,105.97288,0.6869104,-0.6053582,20.48647
46,moon__p0__s1,taboo,16,1,0,0.0007836132,0.006913391,0.050975338,98.84125,0.67587304,-0.5900668,20.852404
47,moon__p0__s1,taboo,17,1,0,0.478037,1.2820921,1.8595784,112.44557,0.6697952,-0.5829825,21.298162
48,moon__p0__s1,taboo,18,1,0,0.0017838056,0.01541548,0.11137077,65.76795,0.6704787,-0.5804214,22.051718
49,moon__p0__s1,taboo,19,1,0,0.006728611,0.056541152,0.3828049,84.96742,0.6795117,-0.579807,22.259018
50,moon__p0__s1,taboo,20,1,0,0.9855589,1.183947,1.540874,117.041115,0.6652829,-0.57094634,21.868883
51,moon__p0__s1,taboo,21,1,0,1.2315388,1.7057949,0.9232316,123.602,0.633007,-0.5628358,21.923306
52,moon__p0__s1,taboo,22,1,0,0.015631765,0.119371414,0.72945213,80.40177,0.63838595,-0.57794476,21.123549
53,moon__p0__s1,taboo,23,1,0,0.018351994,0.13590781,0.80784273,67.91154,0.6442641,-0.5643603,23.1155
54,moon__p0__s1,taboo,24,1,0,0.029878968,0.20277306,1.0939577,111.45094,0.64755625,-0.55790377,22.929203
55,moon__p0__s1,taboo,25,1,0,1.3457547,0.7748952,1.0701897,113.00847,0.6495871,-0.5312464,22.346687
56,moon__p0__s1,taboo,26,1,0,0.5108902,1.4420961,2.9302874,109.57439,0.6905354,-0.6213988,18.627531
57,moon__p0__s1,taboo,27,1,0,0.0007792059,0.007819519,0.0687358,83.21262,0.66810334,-0.6141637,19.855394
58,moon__p0__s1,taboo,28,1,0,0.0018085566,0.01896514,0.1711908,116.667564,0.6355153,-0.58522415,21.562904
59,moon__p0__s1,taboo,29,1,0,0.36913058,0.94552964,1.2883009,101.032814,0.637848,-0.57660043,22.360104
60,moon__p0__s2,taboo,0,1,0,3.6164274,3.2983427,10.565048,128.97617,0.9408144,-0.6043378,18.14942
61,moon__p0__s2,taboo,1,1,0,1.1620104,3.2906718,9.295097,89.6589,0.86051685,-0.63685286,18.22445
62,moon__p0__s3,taboo,0,1,0,0.78064156,3.4330285,10.566809,132.33041,0.9326149,-0.6435817,16.66724
63,moon__p0__s3,taboo,1,1,0,1.3124958,2.000616,2.4322863,101.828255,0.9057103,-0.6391858,20.268686
64,moon__p0__s3,taboo,2,1,0,0.05162283,0.24871092,0.87745863,117.36303,0.8447484,-0.63589525,17.675518
65,moon__p0__s3,taboo,3,1,0,0.1808045,0.799698,2.8149316,117.84132,0.82508457,-0.650595,17.381973
66,moon__p0__s3,taboo,4,1,0,0.020489112,0.13739185,0.7099091,76.65646,0.78988093,-0.586393,20.038815
67,moon__p0__s3,taboo,5,1,0,0.23246619,0.565502,0.7924505,61.32314,0.756718,-0.5949409,19.518953
68,moon__p0__s3,taboo,6,1,0,0.075446196,0.46418208,2.231925,111.32516,0.75642765,-0.61481804,19.242092
69,moon__p0__s3,taboo,7,1,0,0.1336201,0.5341118,1.4245031,95.647484,0.74144846,-0.6074438,19.186737
70,moon__p0__s3,taboo,8,1,0,0.03132637,0.1591278,0.5764991,97.51363,0.81737864,-0.60446894,22.248886
71,moon__p0__s3,taboo,9,1,0,0.00012468515,0.0016155323,0.019088097,113.65806,0.73577994,-0.5989431,20.87894
72,moon__p0__s3,taboo,10,1,0,0.13701728,0.64988756,2.1562166,111.02407,0.73936296,-0.57377887,21.365639
73,moon__p0__s3,taboo,11,1,0,0.44203568,0.7408984,0.6297444,86.69141,0.7173888,-0.56216216,22.1871
74,moon__p0__s3,taboo,12,1,0,0.018850116,0.12799598,0.7512541,80.29941,0.70597726,-0.53161824,23.787815
75,moon__p0__s3,taboo,13,1,0,0.0067560817,0.05820433,0.4370034,94.65086,0.6828652,-0.5408286,23.73664
76,moon__p0__s3,taboo,14,1,0,0.20055969,0.86296576,2.4502192,65.14541,0.6617847,-0.559054,21.379787
77,moon__p0__s3,taboo,15,1,0,0.8222996,1.3345773,1.4361382,121.66844,0.6732425,-0.5468575,22.09473
78,moon__p0__s3,taboo,16,1,0,0.2517893,1.172934,3.6072073,107.62745,0.6903183,-0.59616095,18.753672
79,moon__p0__s3,taboo,17,1,0,0.0004639741,0.004980643,0.046308734,78.99399,0.6853108,-0.5704388,21.890005
80,moon__p0__s3,taboo,18,1,0,0.23083873,0.69704056,1.673506,122.612366,0.6744542,-0.58727014,20.75658
81,moon__p0__s3,taboo,19,1,0,0.60856813,0.8692825,0.809237,103.42147,0.72680974,-0.6219007,21.999792
82,moon__p0__s3,taboo,20,1,0,1.2287221,0.6414548,0.3633487,118.54259,0.64485204,-0.57978004,21.055962
83,moon__p0__s3,taboo,21,1,0,0.049909264,0.29776528,1.3264967,115.19046,0.6584324,-0.5957869,20.660734
84,moon__p0__s3,taboo,22,1,0,0.00018749863,0.002098863,0.020754231,106.67665,0.6536454,-0.5807032,21.384169
85,moon__p0__s3,taboo,23,1,0,1.0313488,1.6414012,1.0038524,117.48457,0.6495533,-0.5725642,22.03982
86,moon__p0__s3,taboo,24,1,0,0.003295469,0.027064376,0.18128148,61.93546,0.6509955,-0.5714514,22.849392
87,moon__p0__s3,taboo,25,1,0,0.018757463,0.1330276,0.72731614,84.23988,0.66650474,-0.5740893,22.776869
88,moon__p0__s3,taboo,26,1,0,0.7643619,1.1763203,1.2712181,119.133766,0.6547799,-0.571281,22.023468
89,moon__p0__s3,taboo,27,1,0,1.5087943,1.6814568,1.1620767,106.25683,0.62427837,-0.5690783,21.440035
90,moon__p0__s3,taboo,28,1,0,0.005434027,0.04085275,0.24958953,105.73727,0.64347,-0.58957267,21.87994
91,moon__p0__s3,taboo,29,1,1,0.08272619,0.3862787,1.190349,112.51148,0.76339906,-0.6537668,21.682175
92,moon__p0__s4,taboo,0,1,0,0.78064156,3.4330285,10.566809,132.33041,0.9326149,-0.6435817,16.66724
93,moon__p0__s4,taboo,1,1,0,1.3124958,2.000616,2.4322863,101.828255,0.9057103,-0.6391858,20.268686
94,moon__p0__s4,taboo,2,1,0,0.05162283,0.24871092,0.87745863,117.36303,0.8447484,-0.63589525,17.675518
95,moon__p0__s4,taboo,3,1,0,0.1808045,0.799698,2.8149316,117.84132,0.82508457,-0.650595,17.381973
96,moon__p0__s4,taboo,4,1,0,0.020489112,0.13739185,0.7099091,76.65646,0.78988093,-0.586393,20.038815
97,moon__p0__s4,taboo,5,1,0,0.23246619,0.565502,0.7924505,61.32314,0.756718,-0.5949409,19.518953
98,moon__p0__s4,taboo,6,1,0,0.075446196,0.46418208,2.231925,111.32516,0.75642765,-0.61481804,19.242092
99,moon__p0__s4,taboo,7,1,0,0.1336201,0.5341118,1.4245031,95.647484,0.74144846,-0.6074438,19.186737
100,moon__p0__s4,taboo,8,1,0,0.03132637,0.1591278,0.5764991,97.51363,0.81737864,-0.60446894,22.248886
101,moon__p0__s4,taboo,9,1,0,0.00012468515,0.0016155323,0.019088097,113.65806,0.73577994,-0.5989431,20.87894
102,moon__p0__s4,taboo,10,1,0,0.13701728,0.64988756,2.1562166,111.02407,0.73936296,-0.57377887,21.365639
103,moon__p0__s4,taboo,11,1,0,1.0670357,0.7408984,0.6297444,82.38665,0.7509878,-0.56258494,22.243475
104,moon__p0__s4,taboo,12,1,0,0.072552666,0.35048327,1.3837866,79.60604,0.72555906,-0.5337919,23.847033
105,moon__p0__s4,taboo,13,1,0,0.0021319296,0.021381762,0.18899834,94.03152,0.6884404,-0.53476316,24.429823
106,moon__p0__s4,taboo,14,1,0,0.18043303,0.8651844,2.7889388,69.50892,0.6631328,-0.55574316,21.514944
107,moon__p0__s4,taboo,15,1,0,0.98292124,1.280693,1.4966272,85.63576,0.66574734,-0.54506034,22.262272
108,moon__p0__s4,taboo,16,1,0,0.079377994,0.38014868,1.3091083,102.63093,0.6723937,-0.5706706,20.859034
109,moon__p0__s4,taboo,17,1,0,1.2387002,1.5098776,1.6139783,102.97961,0.68060863,-0.5633632,22.012949
110,moon__p0__s4,taboo,18,1,0,0.39954972,1.4697164,3.9253716,88.628456,0.6797619,-0.5467136,24.081743
111,moon__p0__s4,taboo,19,1,0,0.25931,1.1283989,3.6836247,90.98097,0.66754985,-0.52193004,25.219963
112,moon__p0__s4,taboo,20,1,0,0.35944223,0.69607496,0.78191555,80.082535,0.64997923,-0.52223486,25.637827
113,moon__p0__s4,taboo,21,1,0,1.0177324,2.0326142,2.7019513,74.80805,0.6276526,-0.5160697,24.801203
114,moon__p0__s4,taboo,22,1,0,0.079070404,0.40749404,1.5632823,127.58995,0.6429234,-0.53801095,22.969557
115,moon__p0__s4,taboo,23,1,0,0.32361665,1.3073237,3.3659813,109.71151,0.67405105,-0.5923599,19.176733
116,moon__p0__s4,taboo,24,1,0,0.00052378763,0.0054792184,0.04953304,78.6967,0.66890466,-0.56562746,22.131948
117,moon__p0__s4,taboo,25,1,0,2.14495,0.5128457,1.3980643,84.00683,0.67842156,-0.60030437,19.659283
118,moon__p0__s4,taboo,26,1,0,0.0026144155,0.025260508,0.20905128,105.140816,0.68704563,-0.6085265,20.65396
119,moon__p0__s4,taboo,27,1,0,0.207152,0.90826106,2.5544841,104.1391,0.72877085,-0.6271344,21.904741
120,moon__p0__s4,taboo,28,1,0,0.013333911,0.07581418,0.32517427,104.33134,0.67270905,-0.6038022,21.163107
121,moon__p0__s4,taboo,29,1,0,0.00255437,0.024966171,0.21152142,117.22497,0.63462543,-0.5809316,21.50376
122,moon__p0__s5,taboo,0,1,0,0.781205,3.43754,10.592049,132.55046,0.9325072,-0.6437456,16.671482
123,moon__p0__s5,taboo,1,1,0,1.0641292,2.0089934,2.460143,100.67847,0.8553808,-0.6384704,16.980644
124,moon__p0__s5,taboo,2,1,0,0.37474898,0.78268903,1.1054181,102.59425,0.8718077,-0.6278762,20.523281
125,moon__p0__s5,taboo,3,1,0,0.00021026308,0.0028516436,0.03499178,115.82269,0.81667745,-0.62059927,18.734934
126,moon__p0__s5,taboo,4,1,0,0.2336319,0.95321333,2.5980954,110.91829,0.7832912,-0.5866628,20.0666
127,moon__p0__s5,taboo,5,1,0,1.0046251,0.8368134,0.83905834,81.65668,0.77411586,-0.5681859,21.54742
128,moon__p0__s5,taboo,6,1,0,0.14140752,0.54979694,1.722323,75.94854,0.74292535,-0.53724515,23.232597
129,moon__p0__s5,taboo,7,1,0,0.008989221,0.06603226,0.42347398,85.79041,0.71130884,-0.54334056,23.669561
130,moon__p0__s5,taboo,8,1,0,0.15729018,0.72415984,2.4767518,68.089386,0.6933363,-0.5657742,20.717138
131,moon__p0__s5,taboo,9,1,0,0.31477532,1.1803945,2.4960194,87.71948,0.7108191,-0.5589643,21.164001
132,moon__p0__s5,taboo,10,1,0,0.31042406,0.85382426,1.3276882,109.393654,0.7030312,-0.5710742,20.363419
133,moon__p0__s5,taboo,11,1,0,0.20381077,0.9796835,3.492567,118.93943,0.7117717,-0.5936873,19.688791
134,moon__p0__s5,taboo,12,1,0,1.0148339,0.9083494,1.2141752,101.727455,0.7648668,-0.6229793,21.2897
135,moon__p0__s5,taboo,13,1,0,0.6511518,0.7842163,0.3792408,106.60318,0.7050499,-0.61106884,18.57917
136,moon__p0__s5,taboo,14,1,0,0.123947516,0.4193796,0.8945538,95.62059,0.6834492,-0.6093759,19.780262
137,moon__p0__s5,taboo,15,1,0,0.037982654,0.19367935,0.7305205,105.72328,0.68776965,-0.6052862,20.427958
138,moon__p0__s5,taboo,16,1,0,0.00055035704,0.0051247813,0.040481105,98.06789,0.6786386,-0.59076643,20.871891
139,moon__p0__s5,taboo,17,1,0,1.82599,1.2456074,1.7900875,96.304085,0.66184396,-0.58710706,20.239635
140,moon__p0__s5,taboo,18,1,0,0.06451298,0.34797394,1.4276975,84.08648,0.66739815,-0.5799718,21.826263
141,moon__p0__s5,taboo,19,1,0,0.20154256,1.0064234,3.4065237,106.67817,0.65922207,-0.5689777,21.654142
142,moon__p0__s5,taboo,20,1,0,0.14378981,0.65504134,2.0480785,69.269615,0.6251114,-0.54066634,23.375483
143,moon__p0__s5,taboo,21,1,0,0.7819444,1.7112478,1.5524151,119.43192,0.6532977,-0.5375942,22.212107
144,moon__p0__s5,taboo,22,1,0,0.7833392,1.9323375,2.9641185,112.466125,0.6993079,-0.6257269,18.21838
145,moon__p0__s5,taboo,23,1,0,0.000978706,0.008965579,0.07129218,79.66979,0.6838931,-0.6216051,19.843801
146,moon__p0__s5,taboo,24,1,0,0.0012405565,0.013637037,0.13039643,116.6962,0.65312874,-0.59658587,20.824543
147,moon__p0__s5,taboo,25,1,0,0.14225516,0.54879063,1.2388839,101.231384,0.6653035,-0.59075826,21.173975
148,moon__p0__s5,taboo,26,1,0,0.21352522,0.69746685,1.6457844,118.50583,0.6556801,-0.5811045,21.443111
149,moon__p0__s5,taboo,27,1,0,1.0544249,1.4855862,0.7262671,107.040695,0.6458491,-0.5595537,22.027466
150,moon__p0__s5,taboo,28,1,0,0.11761168,0.53853947,1.6601946,78.25457,0.69475144,-0.5836216,22.4247
151,moon__p0__s5,taboo,29,1,0,0.039729364,0.24284457,1.2829597,104.73745,0.65017354,-0.55506074,24.150412
152,moon__p0__s6,taboo,0,1,0,0.781205,3.43754,10.592049,132.55046,0.9325072,-0.6437456,16.671482
153,moon__p0__s6,taboo,1,1,0,2.3141294,2.0089934,2.460143,115.75388,0.8537663,-0.6393958,17.183664
154,moon__p0__s6,taboo,2,1,0,0.23727143,1.0046772,2.8402042,109.2051,0.80158603,-0.5937257,19.56562
155,moon__p0__s6,taboo,3,1,0,0.4558135,0.8228636,0.99854636,83.31865,0.7663439,-0.5767144,20.717648
156,moon__p0__s6,taboo,4,1,0,0.029766502,0.19567242,1.1301003,78.44722,0.74398375,-0.5419708,22.751043
157,moon__p0__s6,taboo,5,1,0,0.0135691445,0.105798826,0.7260417,89.13578,0.71727383,-0.5536345,22.613163
158,moon__p0__s6,taboo,6,1,0,0.26650512,1.0132649,2.694265,60.792835,0.69768125,-0.5708405,20.227345
159,moon__p0__s6,taboo,7,1,0,0.43217462,1.328814,2.3848238,85.656815,0.715488,-0.5626204,20.827002
160,moon__p0__s6,taboo,8,1,0,2.4304583,0.9945768,1.3458939,99.79796,0.6823139,-0.57805765,20.13141
161,moon__p0__s6,taboo,9,1,0,0.71273017,1.6498628,2.310497,121.25607,0.6772862,-0.59747267,19.451725
162,moon__p0__s6,taboo,10,1,0,0.26630676,0.99874437,2.2445517,107.956215,0.67936116,-0.6037515,20.633028
163,moon__p0__s6,taboo,11,1,0,2.0660279,2.3209546,1.5805075,141.49046,0.70555806,-0.6104355,20.081057
164,moon__p0__s6,taboo,12,1,0,0.008470206,0.06533632,0.40753868,86.02396,0.7118405,-0.59963167,21.417439
165,moon__p0__s6,taboo,13,1,0,0.6999968,1.4438165,2.2913392,110.29862,0.6888634,-0.5868089,20.92315
166,moon__p0__s6,taboo,14,1,0,1.0472621,1.3122977,1.7695299,120.41071,0.6777621,-0.5475214,22.222914
167,moon__p0__s6,taboo,15,1,0,0.105723776,0.5697844,2.369949,98.833244,0.69324195,-0.5836222,19.535772
168,moon__p0__s6,taboo,16,1,0,0.0008220869,0.008215677,0.07134666,75.92168,0.700509,-0.56893164,22.058184
169,moon__p0__s6,taboo,17,1,0,0.23004223,0.7984561,2.312417,120.796684,0.68180865,-0.58507985,20.632423
170,moon__p0__s6,taboo,18,1,0,0.49971476,1.1582358,1.4501172,101.92253,0.6633394,-0.577567,21.145483
171,moon__p0__s6,taboo,19,1,0,1.3685446,1.5471977,2.008102,114.32441,0.6724571,-0.5788692,21.478273
172,moon__p0__s6,taboo,20,1,0,0.005712612,0.044232093,0.27897704,58.02543,0.6793979,-0.58141756,22.54434
173,moon__p0__s6,taboo,21,1,0,0.03567917,0.22867838,1.121732,79.65003,0.6923653,-0.58047366,22.338446
174,moon__p0__s6,taboo,22,1,0,0.82738507,1.2792225,1.8829519,114.60398,0.6646082,-0.5743198,21.854322
175,moon__p0__s6,taboo,23,1,0,1.641286,1.8813605,1.3590949,105.54837,0.6360828,-0.57096577,21.176434
176,moon__p0__s6,taboo,24,1,0,0.0037030475,0.032771144,0.2445234,101.32702,0.65591234,-0.59459555,21.533854
177,moon__p0__s6,taboo,25,1,0,0.48922032,1.1540341,1.3327959,101.26358,0.75080764,-0.6419798,20.845621
178,moon__p0__s6,taboo,26,1,0,0.0020875584,0.016156355,0.10270325,107.09166,0.64267516,-0.58785325,21.531303
179,moon__p0__s6,taboo,27,1,0,0.0015215022,0.015903993,0.14518255,113.84935,0.60239524,-0.5492024,23.25814
180,moon__p0__s6,taboo,28,1,0,0.3777636,1.0148139,1.6922667,113.9996,0.6267226,-0.5751279,22.952852
181,moon__p0__s6,taboo,29,1,0,1.9387643,1.6377124,1.5874954,112.18886,0.6307314,-0.57972157,22.725739
182,moon__p0__s7,taboo,0,1,0,0.781205,3.43754,10.592049,132.55046,0.9325072,-0.6437456,16.671482
183,moon__p0__s7,taboo,1,1,0,1.0641292,2.0089934,2.460143,100.67847,0.8553808,-0.6384704,16.980644
184,moon__p0__s7,taboo,2,1,0,0.37474898,0.78268903,1.1054181,102.48219,0.87169707,-0.6278432,20.522528
185,moon__p0__s7,taboo,3,1,0,0.00020883286,0.002834254,0.03480326,115.76414,0.81666267,-0.6206096,18.73508
186,moon__p0__s7,taboo,4,1,0,0.23348825,0.9521528,2.5923564,110.94112,0.7832052,-0.5865911,20.074392
187,moon__p0__s7,taboo,5,1,0,0.50449884,0.8359929,0.8352572,86.33478,0.74587226,-0.570004,21.230648
188,moon__p0__s7,taboo,6,1,0,0.045308832,0.2505043,1.1945226,79.50071,0.72583973,-0.5380284,22.974045
189,moon__p0__s7,taboo,7,1,0,0.0321118,0.19305319,0.99505854,85.63709,0.70634377,-0.54997504,22.902884
190,moon__p0__s7,taboo,8,1,0,2.1911707,0.7611566,2.2328157,95.66807,0.717979,-0.56856483,20.611937
191,moon__p0__s7,taboo,9,1,0,1.1355976,1.0348375,1.4802566,107.87184,0.70345914,-0.58164644,20.244476
192,moon__p0__s7,taboo,10,1,0,0.9604485,1.704437,1.7798153,100.430885,0.70592,-0.57459843,20.899055
193,moon__p0__s7,taboo,11,1,0,0.4117721,1.5160568,3.8930118,90.82315,0.7026463,-0.5583197,23.023321
194,moon__p0__s7,taboo,12,1,0,2.398568,1.8721666,3.8493218,84.455605,0.70034474,-0.5826603,21.407429
195,moon__p0__s7,taboo,13,1,0,0.81080616,1.2578568,1.9488921,105.181496,0.6616334,-0.56457347,21.633963
196,moon__p0__s7,taboo,14,1,0,0.82009614,1.3526778,1.198065,120.83483,0.6740174,-0.54879355,21.533974
197,moon__p0__s7,taboo,15,1,0,0.65485954,1.8440983,3.195621,112.20426,0.70095485,-0.5973805,18.347294
198,moon__p0__s7,taboo,16,1,0,0.0005996813,0.006248757,0.05681415,78.45102,0.689767,-0.5704467,21.545994
199,moon__p0__s7,taboo,17,1,0,0.19260134,0.6679789,1.9149181,123.70274,0.68664134,-0.59320253,20.30238
200,moon__p0__s7,taboo,18,1,0,0.49222577,0.93812084,1.1043222,103.23613,0.7292322,-0.6182464,22.022993
201,moon__p0__s7,taboo,19,1,0,0.90586734,0.7224003,0.26401943,118.15061,0.66632855,-0.59197235,19.907587
202,moon__p0__s7,taboo,20,1,0,0.09173991,0.47144282,1.7192739,114.26348,0.66525465,-0.5960344,20.375998
203,moon__p0__s7,taboo,21,1,0,0.00062362774,0.0057348497,0.044764277,103.20897,0.66205317,-0.58345896,21.100893
204,moon__p0__s7,taboo,22,1,0,1.307048,1.7336762,1.1371834,116.472885,0.6456705,-0.58499944,21.567314
205,moon__p0__s7,taboo,23,1,0,0.1532395,0.6103956,1.5732617,108.12086,0.6497277,-0.56415284,23.168581
206,moon__p0__s7,taboo,24,1,0,0.26554692,0.8093881,1.505483,122.72991,0.6711315,-0.6006552,20.123693
207,moon__p0__s7,taboo,25,1,0,0.039385494,0.2651589,1.364054,114.67138,0.61936575,-0.5559479,22.616365
208,moon__p0__s7,taboo,26,1,0,2.342683,1.867922,1.1018741,124.25528,0.638657,-0.5398782,22.81964
209,moon__p0__s7,taboo,27,1,0,0.37634772,1.4367776,3.4553108,112.93977,0.69002414,-0.6157742,18.658897
210,moon__p0__s7,taboo,28,1,0,0.0006646093,0.006595268,0.057251718,80.56312,0.67850685,-0.6132998,20.17692
211,moon__p0__s7,taboo,29,1,0,0.0020085655,0.020582706,0.18086904,116.53058,0.6437576,-0.58954525,21.059475
212,moon__p1__s0,taboo,0,1,0,1.7072248,5.0175467,7.651515,133.8088,0.93624103,-0.64801615,16.719175
213,moon__p1__s0,taboo,1,1,0,1.2992876,2.218192,2.8493016,105.56042,0.86067885,-0.6441762,16.816889
214,moon__p1__s0,taboo,2,1,1,0.3968761,0.90020186,1.5651836,106.199554,0.8877057,-0.63061154,20.603785
215,moon__p1__s0,taboo,3,1,0,0.0001731961,0.0024942234,0.0325664,116.757774,0.82209605,-0.627179,18.677967
216,moon__p1__s0,taboo,4,1,0,0.40952057,1.5336607,3.5881784,116.4517,0.79545856,-0.59990865,19.285791
217,moon__p1__s0,taboo,5,1,0,0.79409176,1.1705627,1.712688,79.895836,0.7889185,-0.5804623,20.72082
218,moon__p1__s0,taboo,6,1,0,0.34934494,1.2440732,3.202878,91.000374,0.74228555,-0.559201,22.38847
219,moon__p1__s0,taboo,7,1,0,0.11720515,0.6776935,2.9535074,71.80111,0.7005472,-0.572018,20.25728
220,moon__p1__s0,taboo,8,1,0,0.27154925,1.1600974,2.8725214,85.611694,0.7138004,-0.56610584,20.544767
221,moon__p1__s0,taboo,9,1,0,0.13809492,0.5367344,1.3697451,107.26461,0.7055997,-0.57340825,20.191328
222,moon__p1__s0,taboo,10,1,0,0.41009447,1.5810411,4.0549054,117.02758,0.71113104,-0.59668803,19.3238
223,moon__p1__s0,taboo,11,1,0,0.26991242,0.7871438,1.7086279,100.99386,0.6824581,-0.58535326,20.18216
224,moon__p1__s0,taboo,12,1,0,0.6905965,1.7137704,2.5756416,111.166176,0.69433707,-0.5883972,20.337133
225,moon__p1__s0,taboo,13,1,0,0.010681244,0.06467745,0.2991951,56.848442,0.6980084,-0.5928414,21.337505
226,moon__p1__s0,taboo,14,1,0,0.013733304,0.10710618,0.66770697,83.12042,0.70316505,-0.5877539,21.592285
227,moon__p1__s0,taboo,15,1,0,0.49878353,1.3082461,2.7247026,112.30451,0.67777205,-0.58054924,20.989265
228,moon__p1__s0,taboo,16,1,0,1.159664,1.9927347,1.173632,116.92419,0.68265605,-0.5526004,21.049892
229,moon__p1__s0,taboo,17,1,1,1.2114389,2.3953753,3.563595,136.8307,0.7384926,-0.60012704,19.636395
230,moon__p1__s0,taboo,18,1,1,0.11343107,0.60385835,2.6494038,113.7515,0.7262364,-0.61502266,20.591013
231,moon__p1__s0,taboo,19,1,1,0.43565592,1.7206745,4.5258975,114.17574,0.7079743,-0.6104194,20.656183
232,moon__p1__s0,taboo,20,1,1,0.5199555,2.1819358,5.3136396,78.45177,0.7148704,-0.64241755,19.023018
233,moon__p1__s0,taboo,21,1,1,0.3990077,1.7954023,5.121454,120.99823,0.68688077,-0.621304,19.794413
234,moon__p1__s0,taboo,22,1,1,0.0004209586,0.0058105523,0.07289712,110.79879,0.6980341,-0.63568103,19.600122
235,moon__p1__s0,taboo,23,1,1,2.052838,4.0808883,5.127952,107.14378,0.6880315,-0.64150524,17.203897
236,moon__p1__s0,taboo,24,1,1,0.5346823,2.1315012,5.655096,104.788414,0.61970854,-0.5818459,20.041939
237,moon__p1__s0,taboo,25,1,1,1.6658692,3.5203874,5.5537586,130.26251,0.6272262,-0.58941686,20.254335
238,moon__p1__s0,taboo,26,1,1,1.335144,2.2924397,2.6293716,137.23141,0.63721883,-0.60134447,20.595827
239,moon__p1__s0,taboo,27,1,1,0.35206974,1.8267182,6.376846,116.42781,0.63705516,-0.6027572,19.562037
240,moon__p1__s0,taboo,28,1,1,1.7882087,3.078391,3.4453952,126.50315,0.65455234,-0.6220852,19.081493
241,moon__p1__s0,taboo,29,1,1,0.13235489,0.7813575,3.4181767,121.57177,0.6308254,-0.5937352,20.282335
242,moon__p1__s1,taboo,0,1,0,2.8148382,4.9760857,7.630895,128.86275,0.9177317,-0.6753418,15.339221
243,moon__p1__s1,taboo,1,1,0,0.030994736,0.20873606,1.0813715,80.085304,0.8285541,-0.60054004,19.223492
244,moon__p1__s1,taboo,2,1,0,0.63836455,1.0528516,1.7388906,113.01726,0.80527556,-0.6382098,17.842945
245,moon__p1__s1,taboo,3,1,0,0.2406327,0.90662146,2.2764487,97.34333,0.7726851,-0.6193991,18.233505
246,moon__p1__s1,taboo,4,1,0,0.2942098,0.642219,0.69977,95.98887,0.86733156,-0.62035537,21.148157
247,moon__p1__s1,taboo,5,1,0,0.00015245705,0.002101033,0.026364718,116.31681,0.7629707,-0.6101445,20.234526
248,moon__p1__s1,taboo,6,1,0,0.32889783,1.3540947,3.6006587,117.6412,0.7610257,-0.58495224,20.213764
249,moon__p1__s1,taboo,7,1,0,0.64880383,1.0665724,1.5331833,79.35943,0.77082396,-0.57390434,21.364494
250,moon__p1__s1,taboo,8,1,0,0.39338005,1.2953707,2.9744506,92.48402,0.72717446,-0.5505225,23.017895
251,moon__p1__s1,taboo,9,1,0,0.14213562,0.83430916,3.5519595,71.01791,0.6823109,-0.5622518,20.788418
252,moon__p1__s1,taboo,10,1,0,0.89987516,1.7771778,2.0203242,81.70925,0.6854846,-0.55651534,21.225195
253,moon__p1__s1,taboo,11,1,0,0.5575338,0.96024305,0.87875503,104.38674,0.6818609,-0.5702969,20.401365
254,moon__p1__s1,taboo,12,1,0,0.16014132,0.80829793,3.0507822,114.25194,0.69659793,-0.5942632,19.654852
255,moon__p1__s1,taboo,13,1,0,0.4643168,0.8626132,1.1155188,103.720314,0.6766727,-0.5883556,20.290003
256,moon__p1__s1,taboo,14,1,0,0.5182508,1.3804429,2.3724499,111.9954,0.68409866,-0.5874473,20.573074
257,moon__p1__s1,taboo,15,1,0,0.006803443,0.045554996,0.23983073,58.04884,0.6880074,-0.5919966,21.562193
258,moon__p1__s1,taboo,16,1,0,0.0120453825,0.096327424,0.61511946,82.414246,0.6936872,-0.58503044,21.780169
259,moon__p1__s1,taboo,17,1,0,0.45057356,1.1707445,2.2256048,111.82735,0.6717065,-0.58006656,21.203299
260,moon__p1__s1,taboo,18,1,0,1.4136631,1.943042,1.0081133,102.02241,0.64965165,-0.58390397,20.252598
261,moon__p1__s1,taboo,19,1,0,0.0072306613,0.055020522,0.34086782,100.17978,0.6619673,-0.60260475,20.991428
262,moon__p1__s1,taboo,20,1,1,0.22645333,0.7507692,1.3444433,108.51895,0.7784603,-0.6546974,20.97336
263,moon__p1__s1,taboo,21,1,0,0.0011410161,0.0096930405,0.069581255,111.0297,0.65565777,-0.59604734,21.302475
264,moon__p1__s1,taboo,22,1,0,0.0010321772,0.011420129,0.11072942,111.7453,0.6158288,-0.55704725,22.532719
265,moon__p1__s1,taboo,23,1,0,0.44969475,1.0886228,1.4291499,101.07519,0.63260573,-0.5250659,22.296528
266,moon__p1__s1,taboo,24,1,0,0.9464382,1.7280353,2.4296832,113.13149,0.6660882,-0.60727775,18.362118
267,moon__p1__s1,taboo,25,1,0,0.23401393,0.6595037,1.1548029,104.889534,0.6626659,-0.60809463,19.741812
268,moon__p1__s1,taboo,26,1,0,0.00015436411,0.0022579161,0.029902216,82.92966,0.6482628,-0.5821648,22.389666
269,moon__p1__s1,taboo,27,1,0,0.00036280724,0.004774277,0.056103114,96.08322,0.62503684,-0.5754617,22.357824
270,moon__p1__s1,taboo,28,1,0,0.12676707,0.5720019,1.6722915,78.764404,0.6136929,-0.5739509,22.464687
271,moon__p1__s1,taboo,29,1,0,0.0017264475,0.01786874,0.16152155,96.75029,0.6326642,-0.5879611,23.033936
272,moon__p1__s2,taboo,0,1,0,1.6474779,4.9653482,7.7356215,133.68112,0.9361568,-0.64780474,16.707588
273,moon__p1__s2,taboo,1,1,1,1.2963712,2.2134867,2.8542967,105.59259,0.9076364,-0.6488083,19.544521
274,moon__p1__s2,taboo,2,1,0,0.07220138,0.32993346,1.0870068,119.593506,0.8502657,-0.64680326,17.12691
275,moon__p1__s2,taboo,3,1,0,0.19638705,0.8838977,3.0613523,120.800835,0.8286534,-0.65754426,17.24665
276,moon__p1__s2,taboo,4,1,0,0.026383698,0.17248666,0.86088145,76.81204,0.7912683,-0.5900367,20.004538
277,moon__p1__s2,taboo,5,1,0,0.2354926,0.58549684,0.88168895,64.5446,0.76173055,-0.5994878,19.40169
278,moon__p1__s2,taboo,6,1,0,0.082578465,0.52069694,2.5367274,112.299194,0.7573979,-0.62034076,19.256163
279,moon__p1__s2,taboo,7,1,0,0.19476637,0.7091587,1.6772602,97.490135,0.7442875,-0.6122334,19.153704
280,moon__p1__s2,taboo,8,1,0,0.028653184,0.15830524,0.6393114,98.61935,0.81862116,-0.60398364,22.729813
281,moon__p1__s2,taboo,9,1,0,0.00011252724,0.0015534167,0.019602165,117.17023,0.73664457,-0.6039566,20.7722
282,moon__p1__s2,taboo,10,1,0,0.29620576,1.2258251,3.262415,118.06306,0.74473816,-0.5844039,20.53365
283,moon__p1__s2,taboo,11,1,0,0.5374951,1.0022013,1.4431762,81.260086,0.75705165,-0.57159543,21.652857
284,moon__p1__s2,taboo,12,1,0,1.8771137,1.2619522,2.9309363,72.87211,0.7138967,-0.566627,20.90422
285,moon__p1__s2,taboo,13,1,0,0.014778191,0.12332323,0.88919234,85.33047,0.69645345,-0.55519706,23.314304
286,moon__p1__s2,taboo,14,1,0,0.15128091,0.84174573,3.3190727,70.319626,0.65325594,-0.5556428,21.285557
287,moon__p1__s2,taboo,15,1,0,1.0494525,1.3014967,1.7009017,84.41004,0.6543274,-0.5464052,21.996244
288,moon__p1__s2,taboo,16,1,0,0.07931843,0.3793145,1.3214674,101.27261,0.6628611,-0.571333,20.542028
289,moon__p1__s2,taboo,17,1,0,1.0928141,1.6355226,1.4436712,101.53041,0.6697342,-0.5639333,21.654753
290,moon__p1__s2,taboo,18,1,0,0.39249852,1.5876937,4.3396688,85.82492,0.66875154,-0.54874134,23.676674
291,moon__p1__s2,taboo,19,1,0,0.6504223,1.6909447,3.7504654,90.58666,0.6588284,-0.52108914,25.131832
292,moon__p1__s2,taboo,20,1,0,0.48978388,0.7843247,0.8511024,105.38748,0.6700011,-0.54235154,24.75362
293,moon__p1__s2,taboo,21,1,0,0.0012709168,0.014627794,0.1516726,118.66613,0.65189165,-0.532429,25.210833
294,moon__p1__s2,taboo,22,1,0,1.2070812,2.0040112,2.2280855,101.197945,0.6212552,-0.5403016,22.765793
295,moon__p1__s2,taboo,23,1,0,0.06024364,0.29979247,1.1139393,117.3642,0.6363158,-0.5437773,22.744259
296,moon__p1__s2,taboo,24,1,0,0.23366408,1.111208,3.524499,109.01361,0.66321254,-0.59140027,19.2195
297,moon__p1__s2,taboo,25,1,0,0.0003948624,0.004314589,0.040957864,80.1994,0.6493743,-0.5657133,22.019926
298,moon__p1__s2,taboo,26,1,0,0.1609089,0.537167,1.3456849,121.45462,0.65580153,-0.58714193,20.73314
299,moon__p1__s2,taboo,27,1,0,0.4548809,0.7964982,0.74796736,103.726906,0.69675165,-0.62118006,21.843443
300,moon__p1__s2,taboo,28,1,0,0.317891,0.61387223,0.38210964,110.87023,0.65404844,-0.5995209,19.991272
301,moon__p1__s2,taboo,29,1,0,0.08857358,0.33530366,0.7925828,94.08941,0.6444686,-0.600374,20.454119
302,moon__p1__s3,taboo,0,1,0,1.7038475,5.00896,7.6600604,133.4337,0.9360389,-0.6474049,16.711493
303,moon__p1__s3,taboo,1,1,0,2.5887141,2.18689,2.8354743,127.80521,0.86492276,-0.6387984,17.140543
304,moon__p1__s3,taboo,2,1,0,0.76933366,2.1559885,3.3402956,112.8173,0.8134698,-0.64870435,17.964958
305,moon__p1__s3,taboo,3,1,1,0.5127394,1.3096974,2.5272381,105.64272,0.86807454,-0.65183264,19.384493
306,moon__p1__s3,taboo,4,1,0,0.030848758,0.16052338,0.6110759,117.96968,0.7880599,-0.63807964,19.080185
307,moon__p1__s3,taboo,5,1,0,0.107765436,0.71746576,3.7680423,112.10787,0.7686008,-0.63974273,19.73797
308,moon__p1__s3,taboo,6,1,0,0.018870706,0.1191773,0.6175852,106.29648,0.77006286,-0.6116895,20.677025
309,moon__p1__s3,taboo,7,1,0,1.125301,2.2675414,4.5583305,126.27634,0.7399782,-0.609252,21.10727
310,moon__p1__s3,taboo,8,1,0,0.18013918,0.8588833,2.909299,97.92548,0.71868587,-0.60158235,20.792519
311,moon__p1__s3,taboo,9,1,0,0.004895961,0.04918232,0.4294371,107.75648,0.72902805,-0.59389955,21.661312
312,moon__p1__s3,taboo,10,1,0,0.16238785,0.8998723,3.6690848,112.61455,0.7414706,-0.5867812,21.161709
313,moon__p1__s3,taboo,11,1,0,0.40903842,0.91556615,1.4026122,86.24001,0.7308423,-0.5792576,21.741188
314,moon__p1__s3,taboo,12,1,0,0.27815896,0.9874246,3.1269927,77.18941,0.7038322,-0.5703498,20.985172
315,moon__p1__s3,taboo,13,1,0,0.088103674,0.5264742,2.5169315,82.575134,0.68751866,-0.5593128,22.793684
316,moon__p1__s3,taboo,14,1,0,0.2929581,1.0312538,2.4378488,68.24248,0.6580679,-0.5552007,21.585146
317,moon__p1__s3,taboo,15,1,0,0.58813995,1.2587283,1.394408,89.72126,0.66276187,-0.56795454,21.590027
318,moon__p1__s3,taboo,16,1,0,0.008141663,0.07291566,0.56840545,94.68373,0.65593433,-0.5672296,20.8721
319,moon__p1__s3,taboo,17,1,0,0.14017949,0.69103485,2.6197278,118.60527,0.6733774,-0.5942961,20.310482
320,moon__p1__s3,taboo,18,1,0,0.07765512,0.35232347,1.2476844,99.21727,0.6580275,-0.5833868,20.358927
321,moon__p1__s3,taboo,19,1,0,0.050827883,0.24406616,0.78584903,107.73941,0.708456,-0.62047446,21.458817
322,moon__p1__s3,taboo,20,1,0,0.000056026798,0.00084764557,0.011720855,135.49352,0.6237144,-0.5724817,21.768906
323,moon__p1__s3,taboo,21,1,0,0.39885885,1.4121889,2.8043754,112.00167,0.62326664,-0.5785293,22.046331
324,moon__p1__s3,taboo,22,1,0,0.0007360848,0.007938892,0.07627167,102.810295,0.59938055,-0.547423,23.099745
325,moon__p1__s3,taboo,23,1,0,0.4534111,1.2716999,1.9575229,122.57027,0.63530993,-0.53287256,22.8096
326,moon__p1__s3,taboo,24,1,0,2.50448,1.5293727,2.9261656,136.83698,0.6495759,-0.5802549,20.27037
327,moon__p1__s3,taboo,25,1,0,2.3230062,2.3902524,2.5635586,121.46395,0.6457507,-0.5937845,19.334127
328,moon__p1__s3,taboo,26,1,0,0.04190741,0.22059254,0.81457615,101.73632,0.6207368,-0.5703579,21.877745
329,moon__p1__s3,taboo,27,1,0,0.006715941,0.0534497,0.34789187,108.32186,0.6277492,-0.56850946,22.174671
330,moon__p1__s3,taboo,28,1,0,0.54894936,1.4738958,1.9879177,103.65065,0.62706345,-0.58178884,21.028448
331,moon__p1__s3,taboo,29,1,0,0.07225916,0.42792508,1.9411811,93.65472,0.6128592,-0.56247246,23.09545
332,moon__p1__s4,taboo,0,1,0,1.6392283,4.962289,7.7686763,133.68282,0.93616074,-0.64808637,16.70434
333,moon__p1__s4,taboo,1,1,0,1.2593739,2.222237,2.8084085,105.13428,0.860624,-0.6442606,16.802496
334,moon__p1__s4,taboo,2,1,1,0.3994182,0.9130278,1.6128347,105.904396,0.88772464,-0.63014054,20.616251
335,moon__p1__s4,taboo,3,1,0,0.00015758227,0.0022750513,0.029805634,116.85889,0.822087,-0.627064,18.680637
336,moon__p1__s4,taboo,4,1,0,0.3811365,1.4609945,3.5485754,116.308876,0.7956328,-0.59961313,19.310719
337,moon__p1__s4,taboo,5,1,0,0.7947027,1.175059,1.7410338,79.80883,0.7888928,-0.58052945,20.728214
338,moon__p1__s4,taboo,6,1,0,2.0706027,1.1896586,3.178494,72.80647,0.7405739,-0.5753917,20.055418
339,moon__p1__s4,taboo,7,1,0,0.051011868,0.3039317,1.5814537,78.085556,0.7204054,-0.56663615,22.325483
340,moon__p1__s4,taboo,8,1,0,0.13505286,0.71242404,2.8516972,69.60671,0.68406725,-0.5667158,20.397434
341,moon__p1__s4,taboo,9,1,0,0.3293232,1.2161423,2.572538,87.06376,0.69744456,-0.56208277,21.038355
342,moon__p1__s4,taboo,10,1,0,0.18017372,0.62947357,1.4012446,108.232445,0.6941096,-0.5719512,20.337122
343,moon__p1__s4,taboo,11,1,0,0.2554969,1.1679811,3.881743,118.577484,0.701443,-0.5952766,19.56094
344,moon__p1__s4,taboo,12,1,0,0.4267855,0.8736055,1.3199524,102.74655,0.67495227,-0.58544755,20.192469
345,moon__p1__s4,taboo,13,1,0,0.6940811,1.5963291,2.4865873,112.91984,0.68592525,-0.5875614,20.420586
346,moon__p1__s4,taboo,14,1,0,0.0052495254,0.0386842,0.23252942,60.67905,0.6875333,-0.59374917,21.424902
347,moon__p1__s4,taboo,15,1,0,0.014936516,0.11727969,0.7345859,81.83693,0.6890127,-0.5850915,21.622318
348,moon__p1__s4,taboo,16,1,0,1.1666415,1.3076254,2.2688017,58.912884,0.66085404,-0.5831294,19.937767
349,moon__p1__s4,taboo,17,1,0,0.30720013,0.82795376,1.8016008,105.14838,0.65676725,-0.57114494,21.821402
350,moon__p1__s4,taboo,18,1,0,1.8665516,1.9652486,0.98067355,102.68837,0.64554447,-0.5777831,20.508223
351,moon__p1__s4,taboo,19,1,0,0.0035369953,0.031849187,0.24525285,102.62306,0.6612038,-0.60236216,20.974516
352,moon__p1__s4,taboo,20,1,0,0.19541645,0.69839036,1.4556098,105.338524,0.73477393,-0.64399433,20.95695
353,moon__p1__s4,taboo,21,1,0,0.0026688692,0.019812077,0.11858352,109.25007,0.6586727,-0.59515244,21.367184
354,moon__p1__s4,taboo,22,1,0,0.0013180625,0.014241174,0.13515352,114.998566,0.6138953,-0.55725837,22.629295
355,moon__p1__s4,taboo,23,1,0,0.8627635,1.1346323,1.2279922,115.03169,0.6343845,-0.58350885,22.235933
356,moon__p1__s4,taboo,24,1,0,0.6124904,1.5129406,1.7025007,113.041916,0.6452265,-0.5957862,21.805723
357,moon__p1__s4,taboo,25,1,0,0.32252532,0.83511287,1.0320736,113.50473,0.6382355,-0.5679207,22.237892
358,moon__p1__s4,taboo,26,1,0,0.88824064,1.0072483,1.246891,95.558205,0.64958614,-0.58434004,22.453833
359,moon__p1__s4,taboo,27,1,0,0.57493967,1.0511119,0.8033297,95.49618,0.6501017,-0.5934103,21.302532
360,moon__p1__s4,taboo,28,1,0,0.00050091115,0.0057351473,0.05913615,100.867546,0.60692495,-0.54428375,23.904394
361,moon__p1__s4,taboo,29,1,0,0.09053227,0.35592273,0.9713516,98.378426,0.6268097,-0.52791274,22.526045
362,moon__p1__s5,taboo,0,1,0,2.622792,5.026984,7.5569954,115.9541,0.9351975,-0.5932814,19.165524
363,moon__p1__s5,taboo,1,1,0,0.5216607,2.113192,8.094543,82.21834,0.85349804,-0.59009135,19.416641
364,moon__p1__s6,taboo,0,1,0,1.7072248,5.0175467,7.651515,133.8088,0.93624103,-0.64801615,16.719175
365,moon__p1__s6,taboo,1,1,1,1.2992876,2.218192,2.8493016,105.68698,0.9075897,-0.6491219,19.527376
366,moon__p1__s6,taboo,2,1,0,0.06967231,0.31908906,1.0640508,119.12313,0.85013235,-0.6464573,17.138132
367,moon__p1__s6,taboo,3,1,0,0.20628121,0.9224872,3.161798,120.44086,0.828505,-0.6572751,17.236689
368,moon__p1__s6,taboo,4,1,0,0.024868771,0.16324969,0.82224876,76.97354,0.7910249,-0.58998966,19.992273
369,moon__p1__s6,taboo,5,1,0,0.23602985,0.58906996,0.900348,64.560135,0.761521,-0.59961796,19.390158
370,moon__p1__s6,taboo,6,1,0,0.0864791,0.5409601,2.5974753,112.67896,0.75727475,-0.6202755,19.235374
371,moon__p1__s6,taboo,7,1,0,0.20288996,0.7301358,1.685982,97.94625,0.74356604,-0.61160547,19.168709
372,moon__p1__s6,taboo,8,1,0,0.02852853,0.15714131,0.6297928,99.06359,0.8185299,-0.60401565,22.755579
373,moon__p1__s6,taboo,9,1,0,0.00011109689,0.0015378208,0.019510988,117.11878,0.7366835,-0.6040142,20.755457
374,moon__p1__s6,taboo,10,1,0,0.2960255,1.2247664,3.258204,117.59603,0.74458694,-0.58445567,20.505991
375,moon__p1__s6,taboo,11,1,0,0.5841859,1.0052036,1.3898351,81.07316,0.75690734,-0.5714886,21.635134
376,moon__p1__s6,taboo,12,1,0,0.34869173,1.224034,3.0006418,93.60042,0.7165767,-0.5491691,23.37516
377,moon__p1__s6,taboo,13,1,0,0.13334972,0.7916947,3.410048,72.564766,0.668043,-0.5588716,21.23044
378,moon__p1__s6,taboo,14,1,0,0.75965077,1.5583591,1.9965518,123.6395,0.67954296,-0.54950964,21.75464
379,moon__p1__s6,taboo,15,1,0,0.28263873,1.2646914,3.6338716,105.244286,0.6895273,-0.59721535,18.465902
380,moon__p1__s6,taboo,16,1,0,0.0006322054,0.006394966,0.05589106,79.35612,0.6869547,-0.5706918,21.53842
381,moon__p1__s6,taboo,17,1,0,0.24767715,0.88441044,2.5509183,121.39016,0.6760518,-0.5894911,20.42406
382,moon__p1__s6,taboo,18,1,0,0.50166106,0.8391863,0.93878114,106.52243,0.65802914,-0.58214414,21.16511
383,moon__p1__s6,taboo,19,1,0,0.6513638,1.447181,2.0485272,113.86392,0.6689169,-0.5843979,21.100481
384,moon__p1__s6,taboo,20,1,0,0.0036763242,0.027147451,0.16149427,59.842037,0.6718326,-0.58700764,21.997644
385,moon__p1__s6,taboo,21,1,0,0.012234169,0.09581256,0.5954601,83.82366,0.67859894,-0.58356065,22.071703
386,moon__p1__s6,taboo,22,1,0,0.49373162,1.2001371,2.0876765,114.09029,0.6596145,-0.57909596,21.378025
387,moon__p1__s6,taboo,23,1,0,1.7957153,2.0465927,0.97809863,120.33264,0.63539445,-0.5697328,21.426437
388,moon__p1__s6,taboo,24,1,0,0.020195689,0.15408471,0.94070625,78.94242,0.6304738,-0.57820404,21.014416
389,moon__p1__s6,taboo,25,1,0,0.023003044,0.16708067,0.974163,65.528694,0.6385335,-0.56592023,23.01159
390,moon__p1__s6,taboo,26,1,0,0.07011051,0.36373377,1.4529088,105.65855,0.6335328,-0.55664897,22.691654
391,moon__p1__s6,taboo,27,1,0,0.51557386,1.2993934,1.6902623,62.01214,0.6543066,-0.5674199,23.642761
392,moon__p1__s6,taboo,28,1,0,0.6577629,1.3948413,1.7106638,111.5171,0.62441415,-0.52787495,23.08246
393,moon__p1__s6,taboo,29,1,0,0.6093009,2.14708,4.356201,112.20283,0.6794223,-0.62067187,18.73725
394,moon__p1__s7,taboo,0,1,0,1.6716517,4.947736,7.7070756,133.76158,0.9361548,-0.64810383,16.70949
395,moon__p1__s7,taboo,1,1,0,2.0443616,2.2040653,2.8257623,120.29288,0.8563461,-0.645675,17.178566
396,moon__p1__s7,taboo,2,1,0,2.459495,1.6355133,3.5714023,49.84969,0.7837488,-0.62143636,18.738546
397,moon__p1__s7,taboo,3,1,0,2.531148,1.2342746,3.7241263,113.4386,0.7599044,-0.5697999,21.099808
398,moon__p1__s7,taboo,4,1,0,1.9396386,2.2331111,2.3790693,77.678986,0.749806,-0.566423,20.648323
399,moon__p1__s7,taboo,5,1,0,1.6150911,2.489901,2.4394145,93.32177,0.73796237,-0.5893792,19.074802
400,moon__p1__s7,taboo,6,1,0,0.7418014,1.1743351,1.6963443,99.89114,0.7291659,-0.5804494,19.429163
401,moon__p1__s7,taboo,7,1,0,0.5135348,1.8963159,4.5448956,113.64938,0.72802544,-0.6059657,18.730675
402,moon__p1__s7,taboo,8,1,0,0.3736781,1.3104209,2.8877156,97.17917,0.70246327,-0.59452784,19.383987
403,moon__p1__s7,taboo,9,1,0,3.318077,2.6909893,3.030579,112.88003,0.7183035,-0.58649284,19.146076
404,moon__p1__s7,taboo,10,1,0,0.3598925,1.265087,2.654255,79.167694,0.72465795,-0.5669431,20.899275
405,moon__p1__s7,taboo,11,1,0,0.7418769,1.9270033,4.0606604,88.60675,0.7764264,-0.5860324,20.215948
406,moon__p1__s7,taboo,12,1,1,0.16401304,1.0243225,5.010855,100.34533,0.7449313,-0.5760362,21.84567
407,moon__p1__s7,taboo,13,1,0,0.9380683,2.6284418,4.193668,103.46382,0.7196746,-0.5724801,21.718126
408,moon__p1__s7,taboo,14,1,1,2.8263237,3.5514295,3.0401664,101.79285,0.72210205,-0.61268866,19.66736
409,moon__p1__s7,taboo,15,1,1,0.0024141711,0.026245264,0.25235164,109.03714,0.72495526,-0.62645686,20.23491
410,moon__p1__s7,taboo,16,1,1,4.833563,4.6544604,5.9810295,102.81684,0.69886655,-0.635632,17.409218
411,moon__p1__s7,taboo,17,1,1,0.1703203,0.805413,3.2509348,105.79467,0.6817916,-0.61535835,19.270535
412,moon__p1__s7,taboo,18,1,1,2.636276,4.211825,6.4777107,106.6707,0.71205294,-0.6591158,16.06919
413,moon__p1__s7,taboo,19,1,1,0.16903044,0.4815839,0.7540035,103.82075,0.6506934,-0.6000052,19.670315
414,moon__p1__s7,taboo,20,1,1,1.483372,3.689135,6.646717,126.14419,0.6594499,-0.61810493,17.947876
415,moon__p1__s7,taboo,21,1,1,0.012325664,0.080586135,0.41838512,107.6,0.64816326,-0.60108376,20.43845
416,moon__p1__s7,taboo,22,1,1,0.023756271,0.19765817,1.44403,61.233524,0.60102993,-0.55956995,21.6852
417,moon__p1__s7,taboo,23,1,1,3.2203662,4.514222,5.1662607,58.87287,0.62006265,-0.5829736,19.655802
418,moon__p1__s7,taboo,24,1,1,3.9468882,4.4620595,5.9379845,113.52822,0.6663202,-0.6290465,17.622421
419,moon__p1__s7,taboo,25,1,1,0.2602408,1.0231466,2.4508626,118.464584,0.62439215,-0.5662039,20.348648
420,moon__p1__s7,taboo,26,1,0,0.58737105,1.0383618,0.99043536,103.64048,0.6413284,-0.53562194,22.99519
421,moon__p2__s0,taboo,0,1,0,1.4048426,4.5454845,8.220492,138.0918,0.9341899,-0.6505499,17.742659
422,moon__p2__s0,taboo,1,1,0,1.5760394,2.8395233,4.7878675,108.56073,0.86651236,-0.6122601,18.971846
423,moon__p2__s0,taboo,2,1,1,0.82355046,1.5869534,2.920339,114.748184,0.8863508,-0.6601073,19.858814
424,moon__p2__s0,taboo,3,1,0,0.0002766465,0.00376666,0.046668947,125.91824,0.8235436,-0.60803896,19.89386
425,moon__p2__s0,taboo,4,1,0,0.3556807,1.4062325,3.720837,114.26253,0.7972592,-0.5904432,19.86119
426,moon__p2__s0,taboo,5,1,0,0.4552808,0.82343906,1.0420858,84.54268,0.7599347,-0.5746375,20.954416
427,moon__p2__s0,taboo,6,1,0,0.28707045,0.90398216,1.9530294,81.527245,0.7363774,-0.56581366,20.767859
428,moon__p2__s0,taboo,7,1,0,0.23659447,0.7428411,2.0170453,77.08432,0.71447235,-0.56126696,22.278595
429,moon__p2__s0,taboo,8,1,0,0.08825855,0.46215922,1.9253771,69.42318,0.69112283,-0.5627357,20.871473
430,moon__p2__s0,taboo,9,1,0,0.21984126,0.9367362,2.516601,89.005775,0.7082789,-0.5575992,21.375141
431,moon__p2__s0,taboo,10,1,0,0.17222685,0.6086989,1.468639,109.80616,0.7037791,-0.56474507,20.86397
432,moon__p2__s0,taboo,11,1,0,0.19029385,0.93657345,3.588633,119.63607,0.70572495,-0.5912361,19.910673
433,moon__p2__s0,taboo,12,1,0,0.5379665,1.0064186,1.5045539,103.0199,0.68720526,-0.5791664,20.773678
434,moon__p2__s0,taboo,13,1,0,1.0096643,1.8651143,2.7200372,114.38206,0.69693756,-0.58195734,20.824755
435,moon__p2__s0,taboo,14,1,0,0.006230929,0.045609675,0.27198583,59.667526,0.699931,-0.58314234,22.16385
436,moon__p2__s0,taboo,15,1,0,0.023435974,0.17078018,0.9765887,82.33235,0.70086074,-0.58030474,22.031992
437,moon__p2__s0,taboo,16,1,0,0.75923187,1.4279697,2.5654106,114.04855,0.6787794,-0.57099247,21.6546
438,moon__p2__s0,taboo,17,1,0,1.3635355,2.0615702,1.0390933,119.08675,0.6792111,-0.5360161,21.704336
439,moon__p2__s0,taboo,18,1,1,0.9788411,2.5937595,3.6261163,137.44872,0.7371268,-0.60418063,19.125713
440,moon__p2__s0,taboo,19,1,1,0.10643341,0.5727839,2.557976,117.06385,0.7157454,-0.61469424,20.360136
441,moon__p2__s0,taboo,20,1,1,0.43364218,1.6849272,4.44398,116.67215,0.7066952,-0.6175183,20.049747
442,moon__p2__s0,taboo,21,1,1,0.523245,2.166633,5.214879,80.65905,0.7174749,-0.6423766,18.827265
443,moon__p2__s0,taboo,22,1,1,0.40722555,1.8131306,5.1146955,123.80591,0.688992,-0.6217613,19.80644
444,moon__p2__s0,taboo,23,1,1,0.00040844682,0.0055010887,0.06756036,111.87977,0.6972874,-0.6308977,19.834995
445,moon__p2__s0,taboo,24,1,1,2.209015,4.189776,5.1573095,107.46962,0.68443674,-0.636287,17.527252
446,moon__p2__s0,taboo,25,1,1,0.5829297,2.1775222,5.468464,105.649155,0.6172999,-0.5769602,20.342953
447,moon__p2__s0,taboo,26,1,1,1.5255768,3.4289074,5.8018265,117.86434,0.63800144,-0.59577626,19.354828
448,moon__p2__s0,taboo,27,1,1,0.57434756,1.9861705,4.890037,125.713646,0.6585563,-0.61837626,18.33204
449,moon__p2__s0,taboo,28,1,1,0.7726978,1.9704257,3.3704982,69.59083,0.65377605,-0.6145592,19.08701
450,moon__p2__s0,taboo,29,1,1,0.8689711,2.2484465,2.959186,127.53522,0.6526655,-0.6094183,18.658836
451,moon__p2__s1,taboo,0,1,0,3.465447,4.6702185,8.098287,119.338715,0.92228174,-0.6745553,16.671316
452,moon__p2__s1,taboo,1,1,0,0.07972204,0.36581618,1.2094164,98.60477,0.8542945,-0.56958985,20.514223
453,moon__p2__s1,taboo,2,1,0,2.253215,2.4253392,4.611043,108.27638,0.8423486,-0.6194115,17.46635
454,moon__p2__s1,taboo,3,1,1,1.339252,0.9546637,0.85450125,94.45119,0.89640176,-0.6759855,18.940828
455,moon__p2__s1,taboo,4,1,0,0.00012456595,0.0018802355,0.026118737,106.43706,0.7935055,-0.59971094,19.479692
456,moon__p2__s1,taboo,5,1,0,1.1266793,1.2305442,0.8420737,88.576584,0.79804736,-0.56358814,21.869244
457,moon__p2__s1,taboo,6,1,0,0.600741,1.764916,3.3337855,97.815636,0.76624495,-0.5485819,21.948856
458,moon__p2__s1,taboo,7,1,1,0.71518326,1.9893897,3.0851638,117.745766,0.77845204,-0.56281406,21.607529
459,moon__p2__s1,taboo,8,1,0,1.3443449,4.698345,10.586173,98.19146,0.7469852,-0.54571116,23.003494
460,moon__p2__s1,taboo,9,1,1,1.2601619,3.8376904,8.010727,138.91466,0.7933718,-0.6533923,17.724854
461,moon__p2__s1,taboo,10,1,1,0.6789566,2.6459785,6.1065392,113.94848,0.8092818,-0.6857016,19.171368
462,moon__p2__s1,taboo,11,1,1,0.0005886014,0.007447214,0.08872199,121.94728,0.73157084,-0.62711805,19.025337
463,moon__p2__s1,taboo,12,1,1,3.5523784,3.1700876,4.2256036,90.552414,0.73528165,-0.644808,17.927324
464,moon__p2__s1,taboo,13,1,1,0.6396077,2.15254,5.567442,95.57573,0.716212,-0.64154387,18.840372
465,moon__p2__s1,taboo,14,1,1,2.9503822,4.5137396,4.4610558,128.95265,0.71636415,-0.6706862,15.718892
466,moon__p2__s1,taboo,15,1,1,0.031538695,0.1917581,0.93797624,140.79524,0.6725012,-0.6222412,18.424576
467,moon__p2__s1,taboo,16,1,1,0.0039906637,0.04340274,0.4122939,184.47498,0.662395,-0.5848259,21.780584
468,moon__p2__s1,taboo,17,1,1,0.00022575691,0.0026028003,0.025835592,188.35776,0.6486767,-0.61173546,19.15969
469,moon__p2__s1,taboo,18,1,1,0.33356047,1.25386,2.9835925,106.60344,0.6297111,-0.58092177,20.425385
470,moon__p2__s1,taboo,19,1,1,1.8394859,3.541014,5.9412594,92.5252,0.6366159,-0.60229206,18.19701
471,moon__p2__s1,taboo,20,1,1,3.57966,3.8353586,5.205184,102.00305,0.6369557,-0.6038188,17.770973
472,moon__p2__s1,taboo,21,1,1,1.5864956,2.970127,3.7619593,80.76462,0.6077177,-0.574906,19.624527
473,moon__p2__s1,taboo,22,1,1,1.13243,1.5020707,1.6467034,82.86487,0.589686,-0.5551778,21.657335
474,moon__p2__s1,taboo,23,1,1,1.1929569,1.4490161,1.6168292,66.823105,0.58799124,-0.5516881,22.284817
475,moon__p2__s1,taboo,24,1,1,1.2539839,2.5964642,5.2842627,103.54317,0.5863791,-0.561032,22.148737
476,moon__p2__s1,taboo,25,1,1,2.886799,2.873383,3.9519377,72.29416,0.6013189,-0.5729328,20.76396
477,moon__p2__s1,taboo,26,1,1,0.46091184,1.8864869,4.859305,115.50114,0.6147489,-0.5834161,20.974144
478,moon__p2__s1,taboo,27,1,1,0.3329261,1.3128707,3.580933,147.1049,0.66411656,-0.6200961,20.247887
479,moon__p2__s1,taboo,28,1,1,0.00029654874,0.0034104446,0.034083717,148.08954,0.6006335,-0.56606424,21.85575
480,moon__p2__s1,taboo,29,1,1,0.8622457,1.7240087,2.7224605,116.54758,0.60161644,-0.5687754,21.371864
481,moon__p2__s2,taboo,0,1,1,4.480363,4.554056,8.161037,130.75685,0.92626095,-0.66856587,16.176996
482,moon__p2__s2,taboo,1,1,1,1.1485016,1.8409958,5.2013316,87.371895,0.8541178,-0.669301,16.495428
483,moon__p2__s3,taboo,0,1,0,1.3798059,4.5423384,8.337491,138.06432,0.93417823,-0.6503363,17.758694
484,moon__p2__s3,taboo,1,1,0,1.6273891,2.821879,4.682424,108.47234,0.866565,-0.61245334,18.976936
485,moon__p2__s3,taboo,2,1,1,0.8154008,1.5581055,2.8784773,114.10954,0.8861984,-0.659749,19.872498
486,moon__p2__s3,taboo,3,1,0,0.00027128356,0.0037093277,0.046162773,125.9228,0.82346374,-0.6083524,19.894724
487,moon__p2__s3,taboo,4,1,0,0.33653718,1.3517917,3.6784058,114.83711,0.79727155,-0.5905986,19.864162
488,moon__p2__s3,taboo,5,1,0,0.45607728,0.8277511,1.05849,84.664345,0.7598069,-0.5745365,20.960764
489,moon__p2__s3,taboo,6,1,0,0.28672355,0.9007323,1.9257753,81.808426,0.7364263,-0.5658021,20.774689
490,moon__p2__s3,taboo,7,1,0,1.7366904,0.7436973,2.0231729,97.09854,0.70513326,-0.57149595,20.101301
491,moon__p2__s3,taboo,8,1,0,0.20543163,0.92886674,2.639465,88.625114,0.7211774,-0.566571,20.911247
492,moon__p2__s3,taboo,9,1,0,0.088024855,0.406384,1.4352412,109.434975,0.71124315,-0.5675564,20.584917
493,moon__p2__s3,taboo,10,1,0,0.4230838,1.7518358,4.8727846,120.275,0.71797085,-0.59796596,19.7309
494,moon__p2__s3,taboo,11,1,1,1.4157854,1.1564469,2.6061451,105.67634,0.7961328,-0.6501068,20.898903
495,moon__p2__s3,taboo,12,1,0,0.68955445,1.0738724,0.44015428,125.4076,0.70032954,-0.5910883,20.298601
496,moon__p2__s3,taboo,13,1,1,2.591402,1.8612947,4.9709706,102.15238,0.7109162,-0.6254686,19.10716
497,moon__p2__s3,taboo,14,1,1,1.7457697,3.8356256,4.457754,105.952324,0.692669,-0.6194253,18.889057
498,moon__p2__s3,taboo,15,1,1,2.1917286,1.7973304,3.1922681,127.70795,0.6949389,-0.60687125,20.048399
499,moon__p2__s3,taboo,16,1,1,0.11360209,0.8425319,4.9991636,92.934975,0.7133619,-0.6232118,20.354263
500,moon__p2__s3,taboo,17,1,1,0.7129057,1.4883397,3.8696365,97.52756,0.665206,-0.6042291,19.37672
501,moon__p2__s3,taboo,18,1,1,0.13837616,0.52192557,1.5236249,88.37137,0.66168344,-0.5905307,20.701277
502,moon__p2__s3,taboo,19,1,1,0.19749959,0.8396071,2.4882312,91.966,0.6392411,-0.5734722,21.295853
503,moon__p2__s3,taboo,20,1,1,3.6238217,3.5903847,4.786389,135.74147,0.6740965,-0.62111855,17.745678
504,moon__p2__s3,taboo,21,1,1,1.8129909,2.6856742,4.621588,119.21365,0.65618175,-0.60996556,17.86459
505,moon__p2__s3,taboo,22,1,1,0.060540807,0.3452828,1.4616579,122.16361,0.6126142,-0.571043,20.491116
506,moon__p2__s3,taboo,23,1,1,2.6894417,4.249087,4.6927195,145.99144,0.66799104,-0.63396066,17.759096
507,moon__p2__s3,taboo,24,1,1,0.0055674016,0.03695343,0.19303295,129.31795,0.6236402,-0.5692179,20.552794
508,moon__p2__s3,taboo,25,1,1,0.1301273,0.675876,2.5069482,107.50897,0.6616553,-0.5312339,23.710161
509,moon__p2__s4,taboo,0,1,0,1.4048426,4.5454845,8.220492,138.0918,0.9341899,-0.6505499,17.742659
510,moon__p2__s4,taboo,1,1,0,1.5760394,2.8395233,4.7878675,108.56073,0.86651236,-0.6122601,18.971846
511,moon__p2__s4,taboo,2,1,1,0.94855046,1.5869534,2.920339,117.15846,0.8821849,-0.6809772,18.468176
512,moon__p2__s4,taboo,3,1,0,0.0003306319,0.0043840455,0.053427666,126.557175,0.82216555,-0.60818034,19.489998
513,moon__p2__s4,taboo,4,1,0,0.40336084,1.5259559,3.8724556,114.92788,0.7985608,-0.59311676,19.727587
514,moon__p2__s4,taboo,5,1,0,1.0835361,0.84122175,1.1130579,79.00141,0.78710526,-0.5698334,21.275505
515,moon__p2__s4,taboo,6,1,0,0.8563836,1.5492759,1.7626637,90.2299,0.74024886,-0.55506647,22.445654
516,moon__p2__s4,taboo,7,1,0,0.072546676,0.44050062,2.1101875,73.77125,0.7071596,-0.5655062,20.839333
517,moon__p2__s4,taboo,8,1,0,0.20217355,0.94128704,2.7245653,84.29355,0.72321403,-0.5583441,21.09852
518,moon__p2__s4,taboo,9,1,0,0.072414406,0.35822886,1.3147697,107.25001,0.7126784,-0.56290364,20.871952
519,moon__p2__s4,taboo,10,1,0,0.34016353,1.4609452,4.4502697,117.01826,0.7174324,-0.58822876,19.891253
520,moon__p2__s4,taboo,11,1,0,0.38975307,0.9822584,1.8077654,100.49759,0.69350654,-0.5782176,20.832726
521,moon__p2__s4,taboo,12,1,0,0.88791454,1.9001739,2.609104,111.42331,0.7046873,-0.5835564,20.65596
522,moon__p2__s4,taboo,13,1,0,0.009740916,0.061353687,0.3012734,57.147827,0.7087232,-0.58350456,22.066967
523,moon__p2__s4,taboo,14,1,0,0.020616056,0.15072307,0.8627349,83.67854,0.7099376,-0.58095336,22.172335
524,moon__p2__s4,taboo,15,1,0,0.5948353,1.428992,2.9255283,112.34714,0.68646663,-0.57124656,21.56115
525,moon__p2__s4,taboo,16,1,0,2.0677264,2.1422706,1.0250218,102.00184,0.6674499,-0.5766955,20.634
526,moon__p2__s4,taboo,17,1,0,0.01358114,0.09640274,0.55066097,99.69192,0.6798944,-0.5996222,21.096506
527,moon__p2__s4,taboo,18,1,1,0.2358728,0.8189832,1.629164,102.38384,0.7820001,-0.64791524,21.830751
528,moon__p2__s4,taboo,19,1,0,0.0026619735,0.019798217,0.119625464,105.58651,0.6756999,-0.59418046,21.327131
529,moon__p2__s4,taboo,20,1,0,0.0014043717,0.01486828,0.13789813,111.09025,0.6312639,-0.5559931,22.680143
530,moon__p2__s4,taboo,21,1,0,0.5546901,1.3036923,1.5340781,101.29751,0.65003896,-0.5186167,22.790823
531,moon__p2__s4,taboo,22,1,0,2.3822653,2.012577,3.053049,111.73504,0.6944273,-0.59722507,19.321466
532,moon__p2__s4,taboo,23,1,0,0.0068754284,0.046441924,0.25470367,102.61975,0.66717166,-0.59689337,20.478077
533,moon__p2__s4,taboo,24,1,0,0.0022006836,0.02475989,0.24326745,104.42707,0.6565905,-0.59161675,20.85189
534,moon__p2__s4,taboo,25,1,0,0.025195235,0.17010269,0.8734733,80.66423,0.6347302,-0.5806825,21.944534
535,moon__p2__s4,taboo,26,1,0,0.004132423,0.036919855,0.284273,97.76906,0.6483151,-0.58652097,22.919115
536,moon__p2__s4,taboo,27,1,0,0.6966374,0.9572726,0.7988242,123.709145,0.626174,-0.5760348,22.940548
537,moon__p2__s4,taboo,28,1,0,0.55010396,1.4429147,1.6269209,99.44626,0.64515936,-0.57656014,23.084534
538,moon__p2__s4,taboo,29,1,0,0.10360808,0.6352938,3.0793734,116.357506,0.63536036,-0.554641,23.609848
539,moon__p2__s5,taboo,0,1,0,1.4654471,4.6702185,8.098287,138.3148,0.93406606,-0.6502526,17.7555
540,moon__p2__s5,taboo,1,1,0,1.5865318,2.8638716,4.784443,108.550575,0.8664234,-0.61237085,18.97087
541,moon__p2__s5,taboo,2,1,1,0.82348704,1.5866866,2.9209442,114.23751,0.88650537,-0.66147256,19.837076
542,moon__p2__s5,taboo,3,1,0,0.00029166258,0.0039864276,0.049572065,125.80162,0.82340664,-0.60828334,19.886768
543,moon__p2__s5,taboo,4,1,0,0.3629473,1.4350985,3.7743273,114.97712,0.7973098,-0.5903064,19.872551
544,moon__p2__s5,taboo,5,1,0,1.1634007,0.80639046,1.099196,78.785126,0.78699166,-0.5678442,21.442652
545,moon__p2__s5,taboo,6,1,0,2.4787045,1.5013455,1.7148271,94.73827,0.7317253,-0.55335164,21.896437
546,moon__p2__s5,taboo,7,1,0,0.06584072,0.4000477,1.9111161,73.73972,0.7011745,-0.56619596,20.649887
547,moon__p2__s5,taboo,8,1,0,0.22192305,0.9994726,2.7430763,85.8665,0.72560173,-0.563004,20.948187
548,moon__p2__s5,taboo,9,1,0,0.1116412,0.4752042,1.4085646,108.095856,0.7137259,-0.56511843,20.842995
549,moon__p2__s5,taboo,10,1,0,0.39931667,1.5861261,4.359782,118.32856,0.717117,-0.59036887,19.709791
550,moon__p2__s5,taboo,11,1,0,0.41958895,1.0114062,1.8972917,101.79756,0.69461733,-0.5795421,20.863485
551,moon__p2__s5,taboo,12,1,0,1.4518085,1.8572912,2.5142784,111.56869,0.70666385,-0.5883614,19.694168
552,moon__p2__s5,taboo,13,1,0,0.44590938,0.7661366,0.74312854,85.94036,0.7211665,-0.5811313,21.896519
553,moon__p2__s5,taboo,14,1,0,1.0006226,1.4381158,2.2837424,60.47111,0.6841098,-0.5794383,19.907478
554,moon__p2__s5,taboo,15,1,0,0.3644908,0.93832624,1.8638422,105.56218,0.6819472,-0.5674652,21.88545
555,moon__p2__s5,taboo,16,1,0,1.387889,2.0609217,1.0099051,117.06992,0.6857075,-0.5379306,21.769756
556,moon__p2__s5,taboo,17,1,1,1.221299,2.6725142,3.2537396,136.13193,0.75294536,-0.6042848,19.27257
557,moon__p2__s5,taboo,18,1,1,0.07212252,0.4409691,2.2617803,116.427025,0.7419381,-0.6152134,20.366571
558,moon__p2__s5,taboo,19,1,1,0.43885022,1.6986597,4.4795895,116.06882,0.7154796,-0.6172562,20.221037
559,moon__p2__s5,taboo,20,1,1,0.53718305,2.200142,5.1395497,79.55196,0.72147715,-0.64036494,19.076792
560,moon__p2__s5,taboo,21,1,1,0.3923928,1.7513433,5.0360303,121.028076,0.69455826,-0.6230533,19.73833
561,moon__p2__s5,taboo,22,1,1,0.00044907976,0.0059829243,0.07267818,110.90216,0.70402986,-0.6317154,19.861404
562,moon__p2__s5,taboo,23,1,1,2.1338267,4.2967806,5.178974,106.86544,0.69186413,-0.64013577,17.326557
563,moon__p2__s5,taboo,24,1,1,0.65321195,2.369053,5.6309357,106.18216,0.62138736,-0.5783938,20.318035
564,moon__p2__s5,taboo,25,1,1,1.7544981,3.3618279,6.0579114,128.17705,0.63286114,-0.5869303,20.46894
565,moon__p2__s5,taboo,26,1,1,1.2912496,2.4102135,3.0056658,134.99278,0.6425543,-0.5998045,20.737568
566,moon__p2__s5,taboo,27,1,1,0.4317915,2.1020308,6.6020756,115.46964,0.64070076,-0.6008108,19.789034
567,moon__p2__s5,taboo,28,1,1,2.8795671,3.2809958,3.7559304,104.47018,0.6504285,-0.6146244,18.52148
568,moon__p2__s5,taboo,29,1,1,0.4123385,1.3874222,2.9829617,81.54489,0.6154188,-0.57647526,20.494574
569,moon__p2__s6,taboo,0,1,0,3.7133174,4.475334,8.363272,127.710075,0.91750747,-0.6637083,15.877277
570,moon__p2__s6,taboo,1,1,0,0.024471126,0.16860354,0.89373434,83.09836,0.8300007,-0.591888,19.758104
571,moon__p2__s6,taboo,2,1,0,0.6134865,0.9375407,1.4228739,113.55604,0.8059689,-0.6287417,18.384008
572,moon__p2__s6,taboo,3,1,0,0.20922855,0.8260884,2.164229,95.54381,0.77341175,-0.5944953,19.53869
573,moon__p2__s6,taboo,4,1,0,0.40058854,0.7168881,0.61141837,97.78945,0.86286056,-0.61877,21.356167
574,moon__p2__s6,taboo,5,1,0,0.0001314792,0.0018171566,0.022768848,117.75416,0.75981665,-0.59000707,21.233479
575,moon__p2__s6,taboo,6,1,0,0.27667946,1.221878,3.6583266,116.136,0.7590749,-0.57261026,20.876122
576,moon__p2__s6,taboo,7,1,0,0.9933942,0.80220824,0.86697286,77.901245,0.7683782,-0.56009245,22.040813
577,moon__p2__s6,taboo,8,1,0,1.0024493,1.4602492,1.5769418,92.79998,0.72280127,-0.54348016,23.102827
578,moon__p2__s6,taboo,9,1,0,0.06355484,0.42846435,2.2363672,74.76294,0.68447447,-0.552559,21.287115
579,moon__p2__s6,taboo,10,1,0,0.75611377,1.5495923,1.9634122,83.11878,0.6922248,-0.54767156,21.785456
580,moon__p2__s6,taboo,11,1,0,0.48311543,0.8905715,0.9532275,105.77979,0.68966836,-0.5620879,20.908876
581,moon__p2__s6,taboo,12,1,0,0.1547523,0.8021979,3.150555,116.04752,0.70323336,-0.5882413,20.0986
582,moon__p2__s6,taboo,13,1,0,0.56683207,0.9257469,1.1484373,105.45674,0.6870283,-0.58132017,20.844515
583,moon__p2__s6,taboo,14,1,0,0.6823516,1.5256643,2.2463212,113.89274,0.69469094,-0.5827737,20.847631
584,moon__p2__s6,taboo,15,1,0,0.0068690353,0.046237744,0.24567075,58.563725,0.6991057,-0.5834356,22.224909
585,moon__p2__s6,taboo,16,1,0,0.014445488,0.11189292,0.68415534,83.00659,0.7065607,-0.58065474,22.169554
586,moon__p2__s6,taboo,17,1,0,0.5986584,1.2949106,2.1942139,112.95626,0.6831264,-0.5727984,21.655384
587,moon__p2__s6,taboo,18,1,0,1.0203888,1.821044,1.143175,103.44391,0.6564037,-0.5784976,20.61547
588,moon__p2__s6,taboo,19,1,0,0.009194886,0.06728101,0.3946833,101.76584,0.67096215,-0.5980124,21.259296
589,moon__p2__s6,taboo,20,1,1,0.20914073,0.72909415,1.4254377,108.0986,0.79775643,-0.6589293,20.944422
590,moon__p2__s6,taboo,21,1,0,0.0018429452,0.014548156,0.09538892,110.81366,0.66219616,-0.5924152,21.418283
591,moon__p2__s6,taboo,22,1,0,0.0011535188,0.012441469,0.117317095,112.5826,0.62106663,-0.55286366,22.790878
592,moon__p2__s6,taboo,23,1,0,0.49364215,1.1248724,1.374124,100.99708,0.642869,-0.520268,22.522667
593,moon__p2__s7,taboo,0,1,0,1.39984,4.55192,8.273575,137.76915,0.9339488,-0.65011877,17.765251
594,moon__p2__s7,taboo,1,1,1,1.5730835,2.8317165,4.7895217,113.743546,0.8914621,-0.6804158,18.568493
595,moon__p2__s7,taboo,2,1,1,0.11066892,0.47115362,1.3835051,125.48819,0.839879,-0.6383184,18.085823
596,moon__p2__s7,taboo,3,1,0,0.5009038,2.3540978,7.419594,133.08255,0.8479821,-0.65304166,17.74341
597,moon__p2__s7,taboo,4,1,0,0.036666453,0.22700903,1.048294,76.94818,0.8039089,-0.5862197,20.40588
598,moon__p2__s7,taboo,5,1,0,1.6105223,0.5906199,0.96205544,114.15465,0.7718781,-0.61489177,19.708305
599,moon__p2__s7,taboo,6,1,0,0.22209701,0.8057029,1.8999541,98.77028,0.75296867,-0.5943308,19.836735
600,moon__p2__s7,taboo,7,1,0,0.08785411,0.3318034,0.8089603,97.69731,0.82398105,-0.60637134,22.450113
601,moon__p2__s7,taboo,8,1,0,0.00013529339,0.0018669276,0.023552656,117.20506,0.74590296,-0.5900991,21.370655
602,moon__p2__s7,taboo,9,1,0,0.32774764,1.3942965,3.7740688,118.221535,0.75074095,-0.5750973,20.862768
603,moon__p2__s7,taboo,10,1,0,0.445975,0.77570325,0.8678003,83.93508,0.7261561,-0.56399304,21.887293
604,moon__p2__s7,taboo,11,1,0,1.5437648,1.0332745,1.6628973,66.67573,0.7306648,-0.53745323,23.385809
605,moon__p2__s7,taboo,12,1,0,0.007920169,0.06140562,0.41299784,99.51605,0.68405825,-0.5332264,24.093073
606,moon__p2__s7,taboo,13,1,0,0.19724476,0.9281639,2.9636197,64.41834,0.6681479,-0.5549212,21.470808
607,moon__p2__s7,taboo,14,1,0,0.93120134,1.3802974,1.7743503,120.92259,0.68076926,-0.545221,22.205858
608,moon__p2__s7,taboo,15,1,0,0.2160236,0.92581964,2.8486652,106.83759,0.6997857,-0.5927546,18.563614
609,moon__p2__s7,taboo,16,1,0,0.00071452354,0.007244208,0.0632946,76.71696,0.6874799,-0.5645109,21.932821
610,moon__p2__s7,taboo,17,1,0,1.7428489,0.77832353,2.0947933,84.03952,0.6984659,-0.60271394,19.184607
611,moon__p2__s7,taboo,18,1,0,0.0032162152,0.030238803,0.24301076,103.1694,0.7028452,-0.609331,20.568615
612,moon__p2__s7,taboo,19,1,0,0.24826024,1.0759785,2.900978,102.50023,0.73428464,-0.6251621,22.025345
613,moon__p2__s7,taboo,20,1,0,0.013441655,0.0769874,0.33758068,102.62191,0.6884594,-0.603848,20.836735
614,moon__p2__s7,taboo,21,1,0,0.0031785464,0.029753368,0.24097927,116.169106,0.64793265,-0.58418465,21.183575
615,moon__p2__s7,taboo,22,1,0,0.59895176,1.1050546,0.713067,112.00634,0.66110194,-0.5834009,22.202633
616,moon__p2__s7,taboo,23,1,0,1.646243,1.8573627,1.810492,114.08991,0.6619205,-0.59492445,21.63177
617,moon__p2__s7,taboo,24,1,0,0.2752127,0.8136416,1.2161217,119.33387,0.6557376,-0.5764508,21.789995
618,moon__p2__s7,taboo,25,1,0,1.2474991,1.0871129,1.4078772,94.36173,0.66566294,-0.5738721,22.764658
619,moon__p2__s7,taboo,26,1,0,0.6810907,1.1522397,0.95488226,86.71607,0.66790134,-0.5912095,21.62029
620,moon__p2__s7,taboo,27,1,0,0.0011910257,0.011602287,0.10047737,100.50691,0.6115722,-0.54716665,24.294003
621,moon__p2__s7,taboo,28,1,0,0.021597434,0.15095481,0.8252602,104.25107,0.6116946,-0.54614246,23.249222
622,moon__p2__s7,taboo,29,1,0,0.24776582,0.93987453,2.1156507,113.83255,0.6394286,-0.57301223,21.893467
623,moon__p3__s0,taboo,0,1,1,0.72934407,2.5286756,5.3742537,140.46483,0.9165485,-0.6590159,16.646294
624,moon__p3__s0,taboo,1,1,1,0.2533787,0.9481664,2.8702698,115.0012,0.8500525,-0.6470696,18.389769
625,moon__p3__s0,taboo,2,1,1,0.8005298,2.458098,4.819228,125.41722,0.8116328,-0.6443281,18.302101
626,moon__p3__s0,taboo,3,1,1,0.99207234,3.0943816,4.8161135,84.00502,0.79178876,-0.6622988,17.384798
627,moon__p3__s0,taboo,4,1,1,0.75540173,2.6101825,4.727517,124.42352,0.755879,-0.64499533,18.216724
628,moon__p3__s0,taboo,5,1,1,0.00072452996,0.008875424,0.099053666,111.67193,0.75281334,-0.6481636,18.630627
629,moon__p3__s0,taboo,6,1,1,2.0293574,4.054821,5.2699323,125.653496,0.7449949,-0.673129,15.140188
630,moon__p3__s0,taboo,7,1,1,0.50775886,1.1627533,1.5443571,103.783195,0.685655,-0.62448245,17.396643
631,moon__p3__s0,taboo,8,1,1,0.9105981,1.4485811,1.8509693,132.058,0.6417866,-0.57272756,20.545876
632,moon__p3__s0,taboo,9,1,1,2.172724,4.43581,5.445882,141.1313,0.66820097,-0.5858418,20.405437
633,moon__p3__s0,taboo,10,1,1,1.5405225,3.1652331,3.8936152,127.043755,0.697571,-0.62604135,17.183355
634,moon__p3__s0,taboo,11,1,1,1.0428429,2.4126112,2.6846867,112.08878,0.67485946,-0.6172679,19.014906
635,moon__p3__s0,taboo,12,1,1,0.021222528,0.15387374,0.9006326,115.36875,0.6543676,-0.58694094,19.740028
636,moon__p3__s0,taboo,13,1,1,0.37924838,1.0865636,2.3997297,108.81297,0.70257825,-0.5542053,21.99001
637,moon__p3__s1,taboo,0,1,1,0.6992095,2.4497843,5.3235874,140.72078,0.9166209,-0.6596411,16.619728
638,moon__p3__s1,taboo,1,1,1,0.2539288,0.95168537,2.8865442,113.96789,0.849962,-0.64713347,18.38805
639,moon__p3__s1,taboo,2,1,1,3.1615922,2.4173532,4.804262,115.16432,0.80836403,-0.65567917,17.846565
640,moon__p3__s1,taboo,3,1,1,0.87657416,2.615058,4.3289566,138.17447,0.7889953,-0.6553096,18.596483
641,moon__p3__s1,taboo,4,1,1,4.3956566,3.6914883,5.2094383,126.18665,0.7612736,-0.64637786,17.937822
642,moon__p3__s1,taboo,5,1,1,0.0026918151,0.026239974,0.22722009,111.385025,0.7543831,-0.64634067,18.664228
643,moon__p3__s1,taboo,6,1,1,3.0746424,4.252802,5.6442823,150.80922,0.7761909,-0.7097676,14.526928
644,moon__p3__s1,taboo,7,1,1,0.0056362757,0.03754845,0.1966081,134.92735,0.7027214,-0.63541585,17.024895
645,moon__p3__s1,taboo,8,1,1,0.9275888,1.1605307,1.66808,119.97769,0.6758547,-0.593028,19.808416
646,moon__p3__s1,taboo,9,1,1,2.5747743,4.893013,5.625227,154.31514,0.7116007,-0.63874775,17.250143
647,moon__p3__s1,taboo,10,1,1,0.00049400044,0.0058647892,0.06250976,140.85605,0.6713517,-0.61447114,18.304853
648,moon__p3__s1,taboo,11,1,1,0.040190615,0.2430992,1.1401602,104.88209,0.6589173,-0.5930178,20.427574
649,moon__p3__s1,taboo,12,1,1,0.07335081,0.43288836,2.321859,64.55532,0.62559587,-0.5649852,21.385584
650,moon__p3__s1,taboo,13,1,1,1.7187283,4.4642124,7.1240525,143.52774,0.68832624,-0.62214065,18.092457
651,moon__p3__s1,taboo,14,1,1,1.0730004,2.3987584,3.9920194,150.27707,0.6971627,-0.5500599,22.09301
652,moon__p3__s2,taboo,0,1,1,0.6992095,2.4497843,5.3235874,140.72078,0.9166209,-0.6596411,16.619728
653,moon__p3__s2,taboo,1,1,1,2.003929,0.9516854,2.8865445,119.72626,0.83541375,-0.6749267,16.323675
654,moon__p3__s2,taboo,2,1,1,1.268767,2.9709141,4.459918,128.65477,0.79158956,-0.64514124,17.81075
655,moon__p3__s2,taboo,3,1,1,1.6154011,3.3835511,3.7105825,89.432594,0.7716533,-0.6580046,17.268604
656,moon__p3__s2,taboo,4,1,1,2.777434,3.1278195,3.777842,121.18437,0.7418457,-0.6416966,17.811897
657,moon__p3__s2,taboo,5,1,1,0.06364187,0.33008078,1.2309512,113.91996,0.7253164,-0.6302146,19.26222
658,moon__p3__s2,taboo,6,1,1,1.5142537,2.7790878,4.453644,114.57142,0.7267887,-0.62686086,18.902945
659,moon__p3__s2,taboo,7,1,1,2.2420316,4.2022223,6.0498724,168.7932,0.7287275,-0.65901077,16.047092
660,moon__p3__s2,taboo,8,1,1,0.9899163,1.1246966,1.8836956,110.47203,0.6801578,-0.6239275,19.17479
661,moon__p3__s2,taboo,9,1,1,0.27549484,0.86612284,2.001913,122.32047,0.65499926,-0.60239273,20.01531
662,moon__p3__s2,taboo,10,1,1,0.07386978,0.3361608,1.1001315,81.61108,0.64401454,-0.5624705,22.329645
663,moon__p3__s2,taboo,11,1,1,1.203884,1.9346583,1.3885008,116.86488,0.66198236,-0.5995395,20.297823
664,moon__p3__s2,taboo,12,1,1,2.485451,4.0490837,3.5811682,118.23483,0.682341,-0.6088845,18.46502
665,moon__p3__s2,taboo,13,1,1,0.6207279,1.2983583,1.3382537,90.69865,0.6509905,-0.5739236,21.229156
666,moon__p3__s2,taboo,14,1,1,0.98005664,1.980797,2.0743997,103.0053,0.6469513,-0.5757997,20.888454
667,moon__p3__s2,taboo,15,1,1,0.3640514,1.6081715,4.792517,99.5737,0.6543641,-0.5997877,21.242104
668,moon__p3__s2,taboo,16,1,1,0.48378372,1.3143122,2.4465199,111.84564,0.70913947,-0.642418,21.620659
669,moon__p3__s2,taboo,17,1,1,0.00007378783,0.0011236656,0.015919287,120.927605,0.6358722,-0.5794381,21.506794
670,moon__p3__s2,taboo,18,1,1,1.1504734,2.3316236,3.0088422,65.61804,0.63665,-0.5867295,21.689236
671,moon__p3__s2,taboo,19,1,1,1.3152349,1.8858905,3.380507,112.680664,0.6402332,-0.59102964,22.103733
672,moon__p3__s2,taboo,20,1,1,3.9345188,2.6751513,5.0486226,88.83726,0.656497,-0.6116265,20.439627
673,moon__p3__s2,taboo,21,1,1,1.4927211,1.9857892,2.6577926,127.9315,0.6383538,-0.5936546,20.921547
674,moon__p3__s2,taboo,22,1,1,1.1352345,2.1888769,3.234873,132.16527,0.63286054,-0.5873,21.102135
675,moon__p3__s2,taboo,23,1,1,0.38317198,0.9650965,1.3010026,122.884346,0.6324329,-0.57167584,22.138237
676,moon__p3__s2,taboo,24,1,1,0.11115203,0.50965506,1.7980381,119.15476,0.6818784,-0.5403223,23.39758
677,moon__p3__s3,taboo,0,1,1,0.6992095,2.4497843,5.3235874,140.72078,0.9166209,-0.6596411,16.619728
678,moon__p3__s3,taboo,1,1,1,0.2539288,0.9516854,2.8865442,113.96789,0.849962,-0.64713347,18.38805
679,moon__p3__s3,taboo,2,1,1,0.7865922,2.4173532,4.804262,125.19423,0.8115344,-0.644234,18.323214
680,moon__p3__s3,taboo,3,1,1,2.8221066,3.0277305,4.8877807,134.30573,0.78720707,-0.65480244,18.544737
681,moon__p3__s3,taboo,4,1,1,1.7208779,3.6304493,5.4085617,107.38103,0.75764024,-0.6536884,17.389057
682,moon__p3__s3,taboo,5,1,1,0.25778216,1.1858941,4.1172934,119.84995,0.73432827,-0.64201105,17.079784
683,moon__p3__s3,taboo,6,1,1,0.85942465,1.805295,1.8707054,114.06821,0.730486,-0.6340093,18.54137
684,moon__p3__s3,taboo,7,1,1,1.5234014,2.2912893,4.2520833,99.98163,0.7269172,-0.6351632,18.184473
685,moon__p3__s3,taboo,8,1,1,0.1719398,0.9690628,4.22616,116.09966,0.6857398,-0.61575055,18.780813
686,moon__p3__s3,taboo,9,1,1,0.23554583,0.9585282,2.5231357,113.38988,0.67473394,-0.5990632,19.463642
687,moon__p3__s3,taboo,10,1,1,1.86452,3.3371968,4.2614975,110.026115,0.6661518,-0.5903512,19.04309
688,moon__p3__s3,taboo,11,1,1,2.882803,2.4893014,4.1125207,111.400604,0.6781353,-0.61932606,17.75867
689,moon__p3__s3,taboo,12,1,0,1.5930886,2.7997453,3.4259286,109.11493,0.6547004,-0.6052158,19.245329
690,moon__p3__s3,taboo,13,1,1,0.011168701,0.09045908,0.6109755,93.55566,0.6252578,-0.570318,21.083042
691,moon__p3__s3,taboo,14,1,1,0.06308835,0.39896145,2.0412369,94.12045,0.6505166,-0.59866995,20.602432
692,moon__p3__s3,taboo,15,1,1,0.546533,1.7984318,3.4126616,118.55959,0.7119444,-0.6399753,19.563402
693,moon__p3__s3,taboo,16,1,1,0.8262606,0.68949217,0.06354319,95.0064,0.7709898,-0.6397191,19.91955
694,moon__p3__s3,taboo,17,1,0,0.000059245263,0.0008112459,0.01033612,138.0081,0.6352761,-0.5950929,20.834091
695,moon__p3__s3,taboo,18,1,1,0.4909975,1.965946,5.1207047,135.38124,0.64098495,-0.60249585,20.787432
696,moon__p3__s3,taboo,19,1,1,0.85373545,2.1520069,4.0666857,99.125175,0.6113974,-0.5775808,21.442696
697,moon__p3__s3,taboo,20,1,1,0.0043730345,0.051572606,0.54435027,89.9998,0.6254941,-0.5887093,21.747086
698,moon__p3__s3,taboo,21,1,1,1.6532235,2.445084,6.219876,120.58976,0.6470577,-0.60416746,19.43762
699,moon__p3__s3,taboo,22,1,1,0.98554933,1.8325074,1.6597719,137.45403,0.6541198,-0.5452401,23.206736
700,moon__p3__s4,taboo,0,1,1,0.6690829,2.416048,5.4051185,140.02597,0.9165611,-0.65960264,16.619633
701,moon__p3__s4,taboo,1,1,1,0.26190445,0.98751324,3.0060005,114.29021,0.8498126,-0.64677674,18.414742
702,moon__p3__s4,taboo,2,1,1,0.80382913,2.467389,4.8226385,125.63108,0.811309,-0.64419943,18.302694
703,moon__p3__s4,taboo,3,1,1,2.869991,3.1055593,4.828535,134.46536,0.78673154,-0.6542443,18.546719
704,moon__p3__s4,taboo,4,1,1,1.5066873,3.573402,5.401861,114.35804,0.7623691,-0.6557987,17.309477
705,moon__p3__s4,taboo,5,1,1,0.21611004,1.1810472,4.8636403,137.4033,0.732102,-0.6516992,17.084145
706,moon__p3__s4,taboo,6,1,1,2.011888,1.7858901,1.9322184,106.82522,0.681671,-0.5939281,19.195923
707,moon__p3__s4,taboo,7,1,1,2.9879727,3.2615705,4.305708,85.11259,0.6981646,-0.62682253,17.155355
708,moon__p3__s4,taboo,8,1,1,2.8371463,3.5635674,4.6441984,116.71809,0.68161666,-0.6179333,18.847244
709,moon__p3__s4,taboo,9,1,1,2.5501041,3.2964063,5.8030863,129.65842,0.6865514,-0.6203759,17.737774
710,moon__p3__s4,taboo,10,1,1,0.6701801,2.2093983,4.1269546,133.13686,0.67877567,-0.61289674,19.509726
711,moon__p3__s4,taboo,11,1,1,1.093584,1.7749522,5.043598,106.13667,0.6963137,-0.6238484,18.960041
712,moon__p3__s4,taboo,12,1,1,2.0069199,3.612682,5.155907,144.15804,0.66605794,-0.61110497,18.502138
713,moon__p3__s4,taboo,13,1,1,0.5142865,1.1122341,2.2802253,93.25224,0.61725295,-0.5599128,22.2434
714,moon__p3__s4,taboo,14,1,1,0.07814883,0.31931126,0.975875,81.10353,0.6091641,-0.553975,22.602509
715,moon__p3__s4,taboo,15,1,1,0.06364377,0.24512005,0.5976114,134.6677,0.6141854,-0.57249784,22.742598
716,moon__p3__s4,taboo,16,1,1,0.3549238,1.0363293,2.1893759,145.85884,0.6316976,-0.5778584,21.666233
717,moon__p3__s4,taboo,17,1,1,0.6960222,1.3009411,1.0923882,104.78499,0.6909453,-0.55075634,22.50395
718,moon__p3__s5,taboo,0,1,1,0.6871943,2.4485588,5.385397,140.53523,0.91662776,-0.659496,16.634106
719,moon__p3__s5,taboo,1,1,1,0.26467523,0.9959736,3.0117946,114.681076,0.850191,-0.6472092,18.392813
720,moon__p3__s5,taboo,2,1,1,0.767243,2.3773928,4.8132076,125.78398,0.8119094,-0.6443488,18.326591
721,moon__p3__s5,taboo,3,1,1,3.3339367,3.0395575,4.846807,124.50869,0.78593135,-0.6689904,15.915607
722,moon__p3__s5,taboo,4,1,1,1.0569779,2.2692688,2.2716434,107.57996,0.7415035,-0.6482339,17.901781
723,moon__p3__s5,taboo,5,1,1,0.015429298,0.12435117,0.82263905,111.87011,0.7060225,-0.62709033,17.36732
724,moon__p3__s5,taboo,6,1,1,0.89319265,1.1711357,1.362073,91.330154,0.6990163,-0.6098066,18.883402
725,moon__p3__s5,taboo,7,1,1,1.3031038,2.369876,3.999509,101.46327,0.69089067,-0.596712,19.230028
726,moon__p3__s5,taboo,8,1,1,1.7644482,3.2186139,4.4093037,83.75427,0.68022,-0.6131781,17.98988
727,moon__p3__s5,taboo,9,1,1,1.2336112,3.221938,5.0821323,129.98083,0.70814216,-0.64136183,17.123732
728,moon__p3__s5,taboo,10,1,1,1.1352689,3.153215,4.392821,125.59117,0.6720659,-0.6026964,19.745682
729,moon__p3__s5,taboo,11,1,1,2.9283252,1.926264,4.2083607,47.85501,0.66099066,-0.59964716,19.96446
730,moon__p3__s5,taboo,12,1,1,0.77784467,2.7671967,5.899473,120.7061,0.6837805,-0.6285584,17.891012
731,moon__p3__s5,taboo,13,1,1,0.20980898,1.1473664,4.7200165,94.01752,0.6443736,-0.5929953,19.82627
732,moon__p3__s5,taboo,14,1,1,0.01683176,0.12673508,0.7921489,110.72153,0.6374402,-0.59480286,20.322048
733,moon__p3__s5,taboo,15,1,1,0.63375825,1.7466104,3.7151065,118.82461,0.63767326,-0.59750485,20.403572
734,moon__p3__s5,taboo,16,1,1,0.577099,2.4988112,6.650414,116.42531,0.6381478,-0.59700793,21.24081
735,moon__p3__s5,taboo,17,1,1,4.2207713,3.1369858,5.6831493,125.18124,0.6568776,-0.61620456,19.536795
736,moon__p3__s5,taboo,18,1,1,1.3738874,0.88155854,1.3482728,122.993614,0.629212,-0.58986735,20.328627
737,moon__p3__s5,taboo,19,1,1,0.028810369,0.18034951,0.8860985,96.01469,0.61256254,-0.5797812,21.60704
738,moon__p3__s5,taboo,20,1,1,1.4488854,2.4644198,5.189166,108.9381,0.6306281,-0.5920807,21.937534
739,moon__p3__s5,taboo,21,1,1,1.5882592,2.473491,5.7750125,119.144646,0.63649595,-0.5833118,21.191603
740,moon__p3__s5,taboo,22,1,1,0.99536955,3.0408826,6.7263765,103.42308,0.6380333,-0.56796616,21.560888
741,moon__p3__s5,taboo,23,1,1,0.06392986,0.41493267,2.334518,116.94909,0.6838037,-0.5520973,22.999577
742,moon__p3__s6,taboo,0,1,0,2.2940829,2.4160476,5.4051185,129.99832,0.92316693,-0.6713599,16.659925
743,moon__p3__s6,taboo,1,1,1,0.12079909,0.47985122,1.1867219,127.13376,0.86325544,-0.59622484,19.359812
744,moon__p3__s6,taboo,2,1,1,0.5114683,2.0107179,4.9831095,138.35255,0.84974176,-0.64562213,17.307625
745,moon__p3__s6,taboo,3,1,1,0.15966658,0.6620971,2.1346757,118.519554,0.8222219,-0.643989,18.740358
746,moon__p3__s6,taboo,4,1,1,0.66418797,2.2003906,4.7099104,127.17897,0.78362054,-0.642882,18.84294
747,moon__p3__s6,taboo,5,1,1,0.9378924,2.9504375,4.616063,86.81009,0.7749866,-0.66089416,17.781593
748,moon__p3__s6,taboo,6,1,1,0.7387138,2.5459604,4.540354,125.66384,0.74020654,-0.6435412,18.610897
749,moon__p3__s6,taboo,7,1,1,0.0005855038,0.007289361,0.08252455,111.86878,0.74361795,-0.64737123,18.918758
750,moon__p3__s6,taboo,8,1,1,2.2395105,3.9558392,5.2064247,155.05573,0.7469878,-0.6761637,15.626385
751,moon__p3__s6,taboo,9,1,1,0.00034433635,0.0040593967,0.04242246,148.82722,0.70013696,-0.64088684,17.300058
752,moon__p3__s6,taboo,10,1,1,0.5576994,1.1917928,1.4213984,121.207695,0.6431927,-0.5760196,20.459002
753,moon__p3__s6,taboo,11,1,1,2.4213552,3.851983,5.799808,135.8132,0.66993225,-0.5974715,19.506771
754,moon__p3__s6,taboo,12,1,1,2.0833836,2.9473107,2.7434726,138.35617,0.6782747,-0.6241255,18.280203
755,moon__p3__s6,taboo,13,1,1,3.1618707,4.176364,5.687565,110.8835,0.6846668,-0.6287668,19.484648
756,moon__p3__s6,taboo,14,1,1,4.405922,4.6227417,4.5819745,137.59654,0.6702275,-0.62208843,18.744053
757,moon__p3__s6,taboo,15,1,1,0.0002976213,0.0038750472,0.04558734,105.42687,0.65777284,-0.61606884,19.629276
758,moon__p3__s6,taboo,16,1,1,1.099542,2.6122584,4.4597287,123.651184,0.64476544,-0.5942322,19.053247
759,moon__p3__s6,taboo,17,1,1,1.6408032,2.216122,1.4337765,118.02132,0.6429247,-0.59400296,19.344618
760,moon__p3__s6,taboo,18,1,1,0.010744931,0.077745385,0.46414027,113.96154,0.64950657,-0.5855658,19.914883
761,moon__p3__s6,taboo,19,1,1,0.02926198,0.20111492,1.1118419,102.82628,0.6768687,-0.5462958,22.709755
762,moon__p3__s7,taboo,0,1,0,3.4492095,2.4497843,5.3235874,140.18326,0.9229532,-0.63849163,17.557186
763,moon__p3__s7,taboo,1,1,1,0.06473704,0.45229518,2.626696,136.45068,0.854171,-0.63160294,19.210732
764,moon__p3__s7,taboo,2,1,1,0.52343553,2.010257,5.316956,124.32943,0.81756395,-0.6216846,19.316923
765,moon__p3__s7,taboo,3,1,1,2.5321152,3.2470396,3.911192,97.33618,0.79364836,-0.6493223,17.52633
766,moon__p3__s7,taboo,4,1,1,2.078851,1.727455,4.9529305,133.41542,0.7768885,-0.6545866,18.286087
767,moon__p3__s7,taboo,5,1,1,0.90917623,2.2396393,3.5367355,80.47416,0.75409573,-0.65311253,18.139572
768,moon__p3__s7,taboo,6,1,1,0.8533271,2.8752625,5.173504,132.66762,0.7368286,-0.6443968,18.26229
769,moon__p3__s7,taboo,7,1,1,0.8866489,2.757349,5.4524593,116.7782,0.7220597,-0.6420269,18.31173
770,moon__p3__s7,taboo,8,1,1,0.009284416,0.0809783,0.59609616,116.33041,0.6838536,-0.6146403,18.467892
771,moon__p3__s7,taboo,9,1,1,0.3294478,1.2603062,3.0452707,78.93372,0.6740572,-0.5884244,20.081205
772,moon__p3__s7,taboo,10,1,1,1.1301855,2.09487,3.2520685,101.50708,0.6528111,-0.58775204,19.258678
773,moon__p3__s7,taboo,11,1,1,1.1889354,2.0827067,3.5353227,90.5631,0.64528096,-0.5939323,19.36499
774,moon__p3__s7,taboo,12,1,1,0.5692805,1.7784786,4.20945,104.00992,0.6523073,-0.6022704,19.014261
775,moon__p3__s7,taboo,13,1,1,0.6984349,1.4350975,2.5934339,95.12934,0.683292,-0.6282438,18.736393
776,moon__p3__s7,taboo,14,1,1,0.50865626,1.3845499,2.582053,134.43878,0.674149,-0.63307714,18.269815
777,moon__p3__s7,taboo,15,1,1,1.3276057,1.8388045,1.5252926,115.09997,0.62795776,-0.59190965,21.29306
778,moon__p3__s7,taboo,16,1,1,2.038485,2.8197675,2.593666,126.50449,0.5934611,-0.55415225,22.055004
779,moon__p3__s7,taboo,17,1,1,0.07575159,0.46141556,2.1822493,123.86768,0.6323579,-0.60049045,21.747688
780,moon__p3__s7,taboo,18,1,1,0.4961065,0.8925281,0.7301807,101.35868,0.67462265,-0.61744606,20.967567
781,moon__p3__s7,taboo,19,1,1,0.09444057,0.34390703,0.88393027,110.796196,0.6170501,-0.5605664,22.842566
782,moon__p3__s7,taboo,20,1,1,0.055947993,0.33293578,1.5056508,103.405205,0.67296475,-0.5437245,22.996733
783,ship__p0__s0,taboo,0,1,0,0.83992904,3.498139,10.543488,134.60918,0.9269901,-0.6427804,16.463835
784,ship__p0__s0,taboo,1,1,0,1.1441532,1.8667529,2.1501687,101.81362,0.8498234,-0.6367808,16.976053
785,ship__p0__s0,taboo,2,1,0,0.44762868,0.78204584,0.87389946,101.41192,0.8791631,-0.6299986,20.697178
786,ship__p0__s0,taboo,3,1,0,0.00018463815,0.0025444212,0.03170288,115.653824,0.8154911,-0.61979914,18.607378
787,ship__p0__s0,taboo,4,1,0,0.21875226,0.9394152,2.7624953,110.90536,0.7818474,-0.58493,20.058794
788,ship__p0__s0,taboo,5,1,0,0.41647798,0.8025747,0.93461275,84.4518,0.7481978,-0.56980705,21.175186
789,ship__p0__s0,taboo,6,1,0,0.0355593,0.21529578,1.1202173,79.33763,0.7292508,-0.53690135,23.145067
790,ship__p0__s0,taboo,7,1,0,0.038382076,0.22855052,1.16713,85.77812,0.70912224,-0.55071646,22.927402
791,ship__p0__s0,taboo,8,1,0,0.18283089,0.75369775,2.23809,64.26427,0.6894301,-0.56585646,20.763252
792,ship__p0__s0,taboo,9,1,0,0.38520914,1.2482035,2.2146602,90.01682,0.70545954,-0.55948716,21.125528
793,ship__p0__s0,taboo,10,1,0,0.29511932,0.8137189,1.3763763,111.30029,0.69939727,-0.57207036,20.29647
794,ship__p0__s0,taboo,11,1,0,0.28336444,1.1459683,3.564911,120.39879,0.7044726,-0.5917521,19.726437
795,ship__p0__s0,taboo,12,1,0,0.56898165,0.9356348,1.1999066,103.88405,0.67981064,-0.5818989,20.383085
796,ship__p0__s0,taboo,13,1,0,0.9135145,1.6889533,2.3138127,114.37037,0.6921523,-0.58516556,20.626474
797,ship__p0__s0,taboo,14,1,0,0.003913721,0.031480417,0.20812279,60.773968,0.6960303,-0.5870496,21.83603
798,ship__p0__s0,taboo,15,1,0,0.02305733,0.16364585,0.9126176,83.395836,0.7059053,-0.58390766,22.185812
799,ship__p0__s0,taboo,16,1,0,0.6253568,1.2861718,2.2017918,115.19195,0.68098134,-0.57985324,21.331394
800,ship__p0__s0,taboo,17,1,1,1.0023106,1.9090631,1.1290553,121.11356,0.6759491,-0.5442438,21.345531
801,ship__p0__s0,taboo,18,1,1,1.4175965,2.8930457,2.981695,137.97311,0.73458153,-0.5985456,19.409151
802,ship__p0__s0,taboo,19,1,1,0.08731645,0.46449763,2.0358717,114.61777,0.7182647,-0.6118518,20.145557
803,ship__p0__s0,taboo,20,1,1,0.8196175,1.8840066,3.5283244,111.44799,0.70199525,-0.608285,20.415812
804,ship__p0__s0,taboo,21,1,1,0.77261215,2.10487,3.6475954,86.35914,0.72008115,-0.64043665,18.845772
805,ship__p0__s0,taboo,22,1,1,0.9809708,2.7577066,5.209571,118.5338,0.68760765,-0.6211729,19.652884
806,ship__p0__s0,taboo,23,1,1,0.0004171455,0.005850835,0.07420354,99.95129,0.70305187,-0.6289338,20.01162
807,ship__p0__s0,taboo,24,1,1,2.238302,4.706155,5.3336887,121.09497,0.7027278,-0.6528312,16.380564
808,ship__p0__s0,taboo,25,1,1,0.8373705,1.446459,1.4643488,119.77146,0.6413943,-0.59036565,20.124575
809,ship__p0__s0,taboo,26,1,1,1.6115105,3.9837704,5.8235264,113.44842,0.6556602,-0.6163963,17.33021
810,ship__p0__s0,taboo,27,1,1,0.0055659795,0.043403808,0.27801389,101.84284,0.66000384,-0.60744846,20.214476
811,ship__p0__s0,taboo,28,1,1,0.0969799,0.37494838,1.2017639,68.69426,0.60162455,-0.5653869,21.237333
812,ship__p0__s0,taboo,29,1,1,0.8275942,2.9646502,6.916847,74.61739,0.6195442,-0.58485407,19.619808
813,ship__p0__s1,taboo,0,1,0,0.784555,3.3940806,10.579981,134.8359,0.92694277,-0.6429783,16.43941
814,ship__p0__s1,taboo,1,1,1,1.1997027,1.8687961,2.1695452,102.325096,0.90717626,-0.64962804,19.839674
815,ship__p0__s1,taboo,2,1,0,0.03606698,0.18224552,0.7038185,116.21498,0.8394475,-0.63411486,17.68682
816,ship__p0__s1,taboo,3,1,0,0.18256505,0.8170233,2.935963,121.48281,0.8197042,-0.6477873,17.427315
817,ship__p0__s1,taboo,4,1,0,0.0256278,0.16486874,0.8183188,80.471954,0.7874119,-0.5849272,19.830988
818,ship__p0__s1,taboo,5,1,0,0.1481693,0.4447261,0.8525843,65.07243,0.75568706,-0.5921716,19.51744
819,ship__p0__s1,taboo,6,1,0,0.079199485,0.48639464,2.3245828,112.7797,0.7556089,-0.6123252,19.265318
820,ship__p0__s1,taboo,7,1,0,0.122463614,0.49350324,1.3387576,96.33481,0.7393804,-0.60480595,19.244137
821,ship__p0__s1,taboo,8,1,0,0.029803876,0.14868198,0.52015674,98.22738,0.8211417,-0.60309124,22.361513
822,ship__p0__s1,taboo,9,1,0,0.00009691246,0.001308072,0.016085375,114.19528,0.7338966,-0.59715736,20.91885
823,ship__p0__s1,taboo,10,1,0,0.12900236,0.6287042,2.1798356,111.424034,0.7372766,-0.57242453,21.340078
824,ship__p0__s1,taboo,11,1,0,0.43932015,0.72577524,0.56826794,84.825424,0.7173028,-0.5611097,22.146395
825,ship__p0__s1,taboo,12,1,0,0.014286499,0.10593089,0.679147,79.065384,0.70850664,-0.5312651,23.78727
826,ship__p0__s1,taboo,13,1,0,0.0072549228,0.06377209,0.49264073,94.824844,0.68510574,-0.54122317,23.819143
827,ship__p0__s1,taboo,14,1,0,0.18228604,0.8006767,2.3263888,65.209274,0.6605186,-0.55580294,21.605104
828,ship__p0__s1,taboo,15,1,0,0.92239463,1.2839857,1.3886613,88.03821,0.65982175,-0.54347146,22.405079
829,ship__p0__s1,taboo,16,1,0,0.08356253,0.4113963,1.4054272,101.667366,0.6697127,-0.56961864,20.925327
830,ship__p0__s1,taboo,17,1,0,1.1200618,1.6121455,1.6375588,101.177055,0.67706996,-0.5599432,22.094452
831,ship__p0__s1,taboo,18,1,0,1.823683,1.5944388,4.192306,79.116165,0.6746012,-0.5544769,23.298359
832,ship__p0__s1,taboo,19,1,0,1.3430314,0.7794789,1.3177897,86.53591,0.685231,-0.5464383,24.222534
833,ship__p0__s1,taboo,20,1,0,0.04275848,0.2737572,1.4842992,85.06826,0.6630343,-0.52299315,25.409504
834,ship__p0__s1,taboo,21,1,0,0.06283134,0.33299202,1.454874,82.31327,0.646776,-0.5217118,25.612242
835,ship__p0__s1,taboo,22,1,0,0.8464814,2.0705557,2.8078322,137.18112,0.63731605,-0.53386736,23.064106
836,ship__p0__s1,taboo,23,1,0,0.2681607,1.2064393,3.55716,112.48273,0.67427063,-0.5919207,19.079708
837,ship__p0__s1,taboo,24,1,0,0.00042751234,0.004660257,0.043919377,80.37898,0.66635597,-0.5644056,21.971142
838,ship__p0__s1,taboo,25,1,0,0.27707595,0.7188907,1.4082141,122.118706,0.66141075,-0.5826156,20.934132
839,ship__p0__s1,taboo,26,1,1,0.5075924,0.8503175,0.8629831,103.88049,0.7217411,-0.6246811,22.06037
840,ship__p0__s1,taboo,27,1,0,0.316794,0.60880786,0.37518054,111.21617,0.6626312,-0.59904623,20.021002
841,ship__p0__s1,taboo,28,1,0,0.10639676,0.36165637,0.7170761,95.3012,0.65070194,-0.59950525,20.683624
842,ship__p0__s1,taboo,29,1,0,0.035570458,0.19127136,0.73815686,110.12297,0.64978266,-0.59163034,21.86935
843,ship__p0__s2,taboo,0,1,0,0.83992904,3.498139,10.543488,134.60918,0.9269901,-0.6427804,16.463835
844,ship__p0__s2,taboo,1,1,0,1.1441532,1.8667529,2.1501687,101.81362,0.8498234,-0.6367808,16.976053
845,ship__p0__s2,taboo,2,1,0,0.44762868,0.78204584,0.87389946,101.41192,0.8791631,-0.6299986,20.697178
846,ship__p0__s2,taboo,3,1,0,0.00018463815,0.0025444212,0.03170288,115.653824,0.8154911,-0.61979914,18.607378
847,ship__p0__s2,taboo,4,1,0,0.21875226,0.9394152,2.7624953,110.90536,0.7818474,-0.58493,20.058794
848,ship__p0__s2,taboo,5,1,0,1.1664779,0.8025747,0.93461275,77.57633,0.7772221,-0.56917095,21.349283
849,ship__p0__s2,taboo,6,1,0,0.12479713,0.49966466,1.6113579,73.40189,0.7462085,-0.5360534,23.373955
850,ship__p0__s2,taboo,7,1,0,0.009283235,0.069190115,0.4536375,84.87331,0.7139665,-0.5437579,23.638699
851,ship__p0__s2,taboo,8,1,0,0.16095802,0.74117327,2.506381,66.77477,0.6926553,-0.56302404,20.92445
852,ship__p0__s2,taboo,9,1,0,0.39155146,1.2976879,2.3166118,87.726776,0.70922494,-0.5581522,21.241602
853,ship__p0__s2,taboo,10,1,0,0.28139684,0.82157564,1.4109623,110.55416,0.70141935,-0.57004315,20.35493
854,ship__p0__s2,taboo,11,1,0,0.26565182,1.1128964,3.5264735,119.18323,0.70926243,-0.5911695,19.713457
855,ship__p0__s2,taboo,12,1,0,1.0947746,0.89416814,1.260461,101.75628,0.76686907,-0.62291056,21.512749
856,ship__p0__s2,taboo,13,1,0,0.70562565,0.762909,0.32782876,106.95779,0.7058583,-0.6090225,18.583666
857,ship__p0__s2,taboo,14,1,0,0.16987933,0.4918385,0.83244455,98.12478,0.6828439,-0.6069152,19.853552
858,ship__p0__s2,taboo,15,1,0,0.043165933,0.21432897,0.7779006,107.29172,0.6888387,-0.6055708,20.524176
859,ship__p0__s2,taboo,16,1,0,0.00056096073,0.005252278,0.04184828,97.49618,0.6784221,-0.588963,20.914263
860,ship__p0__s2,taboo,17,1,0,0.53123724,1.3056022,1.715657,111.131744,0.67035276,-0.5801294,21.462503
861,ship__p0__s2,taboo,18,1,0,0.0022178118,0.018362638,0.1257595,64.09258,0.67013633,-0.5771642,22.19885
862,ship__p0__s2,taboo,19,1,0,0.006934741,0.05746957,0.38349813,84.82363,0.6836332,-0.57751983,22.4666
863,ship__p0__s2,taboo,20,1,0,0.94215715,1.2078855,1.4689633,61.585567,0.6568885,-0.5765072,20.553612
864,ship__p0__s2,taboo,21,1,0,0.37260905,0.7707501,1.1833582,107.31213,0.65911627,-0.5662773,22.188604
865,ship__p0__s2,taboo,22,1,0,2.0520303,1.7001328,0.94842196,68.68184,0.62933797,-0.5443839,22.445845
866,ship__p0__s2,taboo,23,1,0,0.15878242,0.6345294,1.5591756,96.54905,0.65244514,-0.533167,21.947693
867,ship__p0__s2,taboo,24,1,0,1.5668123,1.3067739,2.8195138,115.08969,0.6810503,-0.6114608,18.234207
868,ship__p0__s2,taboo,25,1,0,0.29438752,0.6528356,0.8022445,108.657524,0.67122215,-0.6074968,19.832508
869,ship__p0__s2,taboo,26,1,0,0.00015758227,0.0022762087,0.029749934,83.057655,0.65931726,-0.58486664,22.030867
870,ship__p0__s2,taboo,27,1,0,0.00030179237,0.0040136324,0.04774586,95.14833,0.6363088,-0.5796436,22.08283
871,ship__p0__s2,taboo,28,1,0,0.025381556,0.16835688,0.84517455,77.00458,0.6245698,-0.57927823,21.73056
872,ship__p0__s2,taboo,29,1,0,0.0007851617,0.008788896,0.0862409,97.11533,0.6484373,-0.5953923,22.133793
873,ship__p0__s3,taboo,0,1,0,0.83841443,3.493178,10.550981,134.56795,0.92702377,-0.6428628,16.455853
874,ship__p0__s3,taboo,1,1,1,2.0191808,1.8667436,2.1483233,103.04758,0.90908253,-0.65263224,19.345222
875,ship__p0__s3,taboo,2,1,0,0.036069047,0.18284233,0.71715415,115.195755,0.8385048,-0.63323784,17.431314
876,ship__p0__s3,taboo,3,1,0,0.20228232,0.85035026,3.0167983,117.868744,0.8203989,-0.6500632,17.276075
877,ship__p0__s3,taboo,4,1,0,0.033148624,0.20263842,0.9321085,78.80579,0.7887257,-0.58685213,19.659021
878,ship__p0__s3,taboo,5,1,0,0.18913035,0.53074294,1.0179482,61.273266,0.75632924,-0.5947675,19.450762
879,ship__p0__s3,taboo,6,1,0,0.10132461,0.5962767,2.7031493,112.36375,0.7549556,-0.6141656,19.09894
880,ship__p0__s3,taboo,7,1,0,0.13860928,0.54119337,1.409415,93.26329,0.73739666,-0.6070971,19.112402
881,ship__p0__s3,taboo,8,1,0,0.07304379,0.2729025,0.60993737,97.662346,0.8231787,-0.6097137,22.15025
882,ship__p0__s3,taboo,9,1,0,0.00010918975,0.0014204783,0.016861513,116.40185,0.73314124,-0.5973397,20.72123
883,ship__p0__s3,taboo,10,1,0,0.15615748,0.7326035,2.416821,112.0273,0.73713243,-0.5739504,21.228424
884,ship__p0__s3,taboo,11,1,0,0.40195197,0.7341179,0.72738874,84.64593,0.71600103,-0.5618699,22.139767
885,ship__p0__s3,taboo,12,1,0,0.017144686,0.122013934,0.7492733,78.74034,0.7060093,-0.5315693,23.81474
886,ship__p0__s3,taboo,13,1,0,0.010797175,0.09091637,0.67051315,93.13403,0.68609697,-0.5436716,23.785845
887,ship__p0__s3,taboo,14,1,0,0.24851291,0.9795982,2.4401464,63.573406,0.6620601,-0.55804306,21.506805
888,ship__p0__s3,taboo,15,1,0,1.04321,1.3569351,1.352709,85.742836,0.6603677,-0.5442791,22.333723
889,ship__p0__s3,taboo,16,1,0,0.08853005,0.4337022,1.480866,99.50301,0.67042,-0.5708032,20.906254
890,ship__p0__s3,taboo,17,1,0,1.1970291,1.6303669,1.7122157,100.360146,0.6770839,-0.5610738,22.112177
891,ship__p0__s3,taboo,18,1,0,0.5019222,1.7050128,4.305127,90.194855,0.6760052,-0.5451397,24.127064
892,ship__p0__s3,taboo,19,1,0,0.2592795,1.1647036,3.9653213,94.15363,0.66486,-0.52375525,25.068872
893,ship__p0__s3,taboo,20,1,0,0.33275664,0.7301418,1.1261377,81.76731,0.64566696,-0.51929647,25.669415
894,ship__p0__s3,taboo,21,1,0,1.3598658,2.3800898,2.523128,139.44937,0.64105844,-0.53410196,22.989079
895,ship__p0__s3,taboo,22,1,0,0.29535377,1.309412,3.7358885,112.52311,0.67512506,-0.5928127,19.024632
896,ship__p0__s3,taboo,23,1,0,0.00045134372,0.0048834,0.045672532,80.20341,0.6689342,-0.56627893,21.929192
897,ship__p0__s3,taboo,24,1,0,0.25387064,0.7128299,1.5493641,122.42304,0.66086984,-0.58231103,20.950043
898,ship__p0__s3,taboo,25,1,0,1.049484,0.9602781,0.91894925,107.85157,0.64372754,-0.5739108,21.691103
899,ship__p0__s3,taboo,26,1,0,1.1489462,1.6224948,1.9661409,117.50257,0.6560886,-0.57701474,21.677843
900,ship__p0__s3,taboo,27,1,0,0.0026198847,0.022023177,0.15320066,62.58474,0.66180986,-0.5791304,22.611942
901,ship__p0__s3,taboo,28,1,0,0.019074816,0.13738926,0.771049,84.049446,0.66858345,-0.575849,22.85837
902,ship__p0__s3,taboo,29,1,0,0.86227524,1.2477674,1.8140523,61.330402,0.6438293,-0.5737338,20.940147
903,ship__p0__s4,taboo,0,1,0,0.784555,3.3940806,10.579981,134.8359,0.92694277,-0.6429783,16.43941
904,ship__p0__s4,taboo,1,1,1,1.1997027,1.8687961,2.1695452,102.325096,0.90717626,-0.64962804,19.839674
905,ship__p0__s4,taboo,2,1,0,0.03606698,0.18224552,0.7038185,116.21498,0.8394475,-0.63411486,17.68682
906,ship__p0__s4,taboo,3,1,0,0.18256505,0.8170233,2.935963,121.48281,0.8197042,-0.6477873,17.427315
907,ship__p0__s4,taboo,4,1,0,0.0256278,0.16486874,0.8183188,80.471954,0.7874119,-0.5849272,19.830988
908,ship__p0__s4,taboo,5,1,0,2.0231693,0.4447261,0.8525843,116.31127,0.76032007,-0.61289525,19.162817
909,ship__p0__s4,taboo,6,1,0,0.09545552,0.4212529,1.3293729,98.990234,0.74402785,-0.6068156,18.935228
910,ship__p0__s4,taboo,7,1,0,0.029323338,0.14665958,0.5243093,98.303894,0.82290876,-0.6025867,22.07511
911,ship__p0__s4,taboo,8,1,0,0.00011050091,0.0014997305,0.018544458,114.07564,0.7390968,-0.59852684,20.78684
912,ship__p0__s4,taboo,9,1,0,0.13932252,0.69005954,2.4182365,112.080444,0.7392146,-0.5722248,21.213942
913,ship__p0__s4,taboo,10,1,0,0.44395253,0.7517278,0.67035425,84.17878,0.71817553,-0.5608069,21.982742
914,ship__p0__s4,taboo,11,1,0,0.019348225,0.1345402,0.8066519,78.92094,0.70833665,-0.5301961,23.683056
915,ship__p0__s4,taboo,12,1,0,0.008789541,0.07529584,0.5638583,93.1499,0.6857944,-0.53975546,23.660229
916,ship__p0__s4,taboo,13,1,0,0.20665029,0.88355684,2.463951,64.21899,0.6627011,-0.5553847,21.405655
917,ship__p0__s4,taboo,14,1,0,0.87918764,1.3676262,1.5353242,86.19069,0.66362226,-0.54466915,22.212107
918,ship__p0__s4,taboo,15,1,0,0.33149034,0.875466,1.2977661,102.82999,0.672331,-0.57077026,20.742043
919,ship__p0__s4,taboo,16,1,0,0.7959824,1.563642,1.6710646,87.79825,0.67454183,-0.57707924,21.414461
920,ship__p0__s4,taboo,17,1,0,0.4628753,1.2604471,1.7948263,104.683846,0.69002986,-0.5853438,21.896425
921,ship__p0__s4,taboo,18,1,0,0.20102185,0.9788432,3.4778585,117.06146,0.66454786,-0.5627583,23.27078
922,ship__p0__s4,taboo,19,1,0,3.033666,1.6856349,2.5207038,104.070915,0.66854894,-0.5529045,23.572632
923,ship__p0__s4,taboo,20,1,0,0.4351768,1.2561191,3.0712104,88.92816,0.67440206,-0.54562956,24.28023
924,ship__p0__s4,taboo,21,1,0,0.100167975,0.6577375,3.553318,89.6463,0.65855277,-0.51278085,25.768951
925,ship__p0__s4,taboo,22,1,0,0.045907233,0.23122656,0.9402452,89.25915,0.6362914,-0.51142156,25.891886
926,ship__p0__s4,taboo,23,1,0,0.44715557,1.5146937,3.0898514,140.96825,0.6271453,-0.53163487,23.256086
927,ship__p0__s4,taboo,24,1,0,3.0977733,1.3331015,3.2209034,141.10922,0.6579029,-0.58459944,19.795355
928,ship__p0__s4,taboo,25,1,0,2.593183,2.428359,3.2635398,131.3995,0.6620278,-0.6039611,18.875721
929,ship__p0__s4,taboo,26,1,0,1.400061,1.6999745,2.877946,133.80592,0.6178056,-0.57229304,21.01098
930,ship__p0__s4,taboo,27,1,0,0.0151401395,0.11589792,0.71611106,82.84301,0.6224844,-0.56318516,23.177172
931,ship__p0__s4,taboo,28,1,0,0.00024160804,0.0030840617,0.034639597,91.2935,0.60509473,-0.5600813,22.741385
932,ship__p0__s4,taboo,29,1,0,1.0431533,2.099861,2.3438323,112.20029,0.6197743,-0.56303626,22.783329
933,ship__p0__s5,taboo,0,1,0,1.909555,3.3940806,10.579981,131.57195,0.91724133,-0.6661937,15.621374
934,ship__p0__s5,taboo,1,1,0,0.037447702,0.2273198,1.0530176,84.14275,0.8309108,-0.5964104,18.93973
935,ship__p0__s5,taboo,2,1,0,0.62381727,1.0042148,1.7713234,113.37506,0.8051518,-0.6313483,17.74086
936,ship__p0__s5,taboo,3,1,0,0.15850228,0.6333922,1.7546868,94.70271,0.7709991,-0.6125746,18.221518
937,ship__p0__s5,taboo,4,1,0,0.4339688,0.6874346,0.3530211,97.145744,0.8555307,-0.62714136,20.575272
938,ship__p0__s5,taboo,5,1,0,0.00012635386,0.0017009813,0.02082998,116.00858,0.75898653,-0.6023575,20.277828
939,ship__p0__s5,taboo,6,1,0,0.15802787,0.74675894,2.503807,110.94218,0.75255233,-0.57308835,20.964844
940,ship__p0__s5,taboo,7,1,0,0.4955708,0.8011272,0.7631427,83.40716,0.730378,-0.56429076,21.765415
941,ship__p0__s5,taboo,8,1,0,0.029784089,0.18744399,1.0015142,78.24541,0.7187061,-0.530093,23.644669
942,ship__p0__s5,taboo,9,1,0,0.018024927,0.1338828,0.85715485,88.82674,0.6963368,-0.5401508,23.468197
943,ship__p0__s5,taboo,10,1,0,0.2107746,0.899634,2.4984636,63.21403,0.67352307,-0.55580044,21.317541
944,ship__p0__s5,taboo,11,1,0,0.99888,1.5791726,1.3430307,86.3925,0.6770711,-0.54753613,22.050581
945,ship__p0__s5,taboo,12,1,0,0.49835384,0.9608433,1.0958118,102.48607,0.680158,-0.57095027,20.571728
946,ship__p0__s5,taboo,13,1,0,1.0950626,1.5744414,1.6970711,98.48462,0.68572676,-0.56109464,21.779404
947,ship__p0__s5,taboo,14,1,0,0.46971273,1.5996298,4.166117,89.35967,0.6846779,-0.5463562,23.897987
948,ship__p0__s5,taboo,15,1,0,0.25108084,1.130908,3.8694828,93.67277,0.67308503,-0.5250546,24.84853
949,ship__p0__s5,taboo,16,1,0,0.29936337,0.6972477,1.1308758,81.766266,0.6536462,-0.51970124,25.533894
950,ship__p0__s5,taboo,17,1,0,1.5735371,2.4217174,2.4293096,86.05978,0.63884735,-0.5421592,22.658604
951,ship__p0__s5,taboo,18,1,0,0.3093857,0.728741,1.0457773,115.13356,0.65129185,-0.5425081,22.68168
952,ship__p0__s5,taboo,19,1,0,0.43272942,1.5525051,3.4459968,112.24336,0.6812147,-0.5930471,18.856031
953,ship__p0__s5,taboo,20,1,0,0.000503175,0.0052883103,0.04788384,78.45394,0.67327493,-0.5652619,22.041882
954,ship__p0__s5,taboo,21,1,0,1.7361844,0.7190692,1.695107,85.318695,0.68243194,-0.59695685,19.660679
955,ship__p0__s5,taboo,22,1,0,0.002599553,0.025891513,0.22146812,104.9771,0.6871213,-0.6062081,20.616903
956,ship__p0__s5,taboo,23,1,1,0.24783877,1.0030112,2.5636778,110.30089,0.7690804,-0.64785755,21.24843
957,ship__p0__s5,taboo,24,1,0,0.03026163,0.13786325,0.40408117,107.364975,0.6786955,-0.60343695,20.96131
958,ship__p0__s5,taboo,25,1,0,0.0027476912,0.02613577,0.21398428,117.6959,0.63935107,-0.5811681,21.64075
959,ship__p0__s5,taboo,26,1,0,1.7389064,1.1333797,0.7801409,102.32434,0.6232323,-0.5650796,21.667568
960,ship__p0__s5,taboo,27,1,0,0.024825398,0.1375729,0.5788208,105.73783,0.6540704,-0.5808842,21.793633
961,ship__p0__s5,taboo,28,1,0,0.10141714,0.3635053,0.74748373,106.082886,0.63539624,-0.57200694,21.987436
962,ship__p0__s5,taboo,29,1,0,0.4900223,1.1492189,1.628082,115.017365,0.6408901,-0.5715976,22.173416
963,ship__p0__s6,taboo,0,1,0,1.909555,3.3940806,10.579981,131.57195,0.91724133,-0.6661937,15.621374
964,ship__p0__s6,taboo,1,1,0,0.037447702,0.2273198,1.0530176,84.14275,0.8309108,-0.5964104,18.93973
965,ship__p0__s6,taboo,2,1,0,0.62381727,1.0042148,1.7713234,113.37506,0.8051518,-0.6313483,17.74086
966,ship__p0__s6,taboo,3,1,0,0.15850228,0.6333922,1.7546868,94.70271,0.7709991,-0.6125746,18.221518
967,ship__p0__s6,taboo,4,1,0,0.4339688,0.6874346,0.3530211,97.145744,0.8555307,-0.62714136,20.575272
968,ship__p0__s6,taboo,5,1,0,0.00012635386,0.0017009813,0.02082998,116.00858,0.75898653,-0.6023575,20.277828
969,ship__p0__s6,taboo,6,1,0,0.15802787,0.74675894,2.503807,110.94218,0.75255233,-0.57308835,20.964844
970,ship__p0__s6,taboo,7,1,0,0.9955708,0.8011272,0.7631427,77.22122,0.76258993,-0.56220037,21.872808
971,ship__p0__s6,taboo,8,1,0,0.10960905,0.44951183,1.4703915,74.59252,0.7368296,-0.5315351,23.716578
972,ship__p0__s6,taboo,9,1,0,0.0042059063,0.037619308,0.29840675,89.651665,0.70034784,-0.53409344,24.049475
973,ship__p0__s6,taboo,10,1,0,0.18488568,0.8714976,2.7782187,65.14443,0.6759158,-0.5531352,21.424606
974,ship__p0__s6,taboo,11,1,0,0.98552924,1.5530527,1.5234897,84.25016,0.6810467,-0.54739344,22.069376
975,ship__p0__s6,taboo,12,1,0,0.5533551,0.97886896,0.9801537,102.321465,0.683299,-0.57048035,20.563217
976,ship__p0__s6,taboo,13,1,0,1.1387867,1.5017333,1.6996409,99.113495,0.6885957,-0.56049937,21.809162
977,ship__p0__s6,taboo,14,1,0,0.517478,1.6885729,4.2051873,89.19995,0.6871231,-0.5458142,23.944569
978,ship__p0__s6,taboo,15,1,0,0.19795632,0.9817959,3.782548,92.81914,0.6743004,-0.5243598,24.845058
979,ship__p0__s6,taboo,16,1,0,0.2949174,0.6690959,1.005091,80.5547,0.65671813,-0.52028334,25.537695
980,ship__p0__s6,taboo,17,1,0,2.0793805,2.307067,2.5318303,79.009834,0.63812965,-0.53157175,23.348776
981,ship__p0__s6,taboo,18,1,0,0.16433373,0.5890865,1.4630603,122.119316,0.6526009,-0.53995043,22.764128
982,ship__p0__s6,taboo,19,1,0,2.867275,1.6980951,3.3764129,142.79745,0.6668425,-0.59014106,19.081497
983,ship__p0__s6,taboo,20,1,0,0.8144756,1.2782013,2.052011,116.55298,0.7273321,-0.61022496,21.971989
984,ship__p0__s6,taboo,21,1,0,0.0026022878,0.018875798,0.106612734,128.97684,0.6601715,-0.59877115,20.571262
985,ship__p0__s6,taboo,22,1,0,0.1617351,0.75594187,2.2699661,118.83889,0.65701824,-0.59678566,20.975513
986,ship__p0__s6,taboo,23,1,0,0.00007986704,0.0011799556,0.015814478,95.4823,0.6473149,-0.57319134,22.052097
987,ship__p0__s6,taboo,24,1,0,0.026097573,0.16471778,0.77379394,82.83321,0.66524655,-0.5773021,22.615297
988,ship__p0__s6,taboo,25,1,0,0.60688734,1.4872725,2.0985281,107.568825,0.6487971,-0.57113695,21.702932
989,ship__p0__s6,taboo,26,1,0,0.29412782,0.98700356,2.094099,123.85869,0.6302289,-0.53635645,22.17131
990,ship__p0__s6,taboo,27,1,0,0.7748475,1.8479359,2.4839723,103.567566,0.65619147,-0.5813203,19.71904
991,ship__p0__s6,taboo,28,1,0,0.00055226334,0.005674652,0.04996423,78.270935,0.65873533,-0.5619857,22.320194
992,ship__p0__s6,taboo,29,1,0,1.4357407,0.75888795,1.3229165,84.53768,0.666894,-0.5923145,20.077963
993,ship__p0__s7,taboo,0,1,0,0.83841443,3.493178,10.550981,134.56795,0.92702377,-0.6428628,16.455853
994,ship__p0__s7,taboo,1,1,0,1.1441809,1.8667436,2.1483233,101.89728,0.8498909,-0.6368128,16.97261
995,ship__p0__s7,taboo,2,1,0,0.44774914,0.7830803,0.88104784,101.18694,0.87915033,-0.6299753,20.690765
996,ship__p0__s7,taboo,3,1,0,0.000227783,0.0030885383,0.037867133,115.1177,0.8154553,-0.6197506,18.609314
997,ship__p0__s7,taboo,4,1,0,2.7388906,0.9890816,2.7792573,50.882645,0.76683545,-0.6075236,19.158838
998,ship__p0__s7,taboo,5,1,0,0.093141496,0.49467164,1.910757,106.73716,0.7515067,-0.5686016,20.93722
999,ship__p0__s7,taboo,6,1,0,0.84437793,0.8107677,0.6971746,76.21102,0.76577693,-0.563339,21.758099
1000,ship__p0__s7,taboo,7,1,0,0.15550677,0.55813664,1.5347962,70.929535,0.7432496,-0.53713346,23.521332
1001,ship__p0__s7,taboo,8,1,0,0.002439739,0.026955618,0.2611444,99.729195,0.70507735,-0.5403612,24.037796
1002,ship__p0__s7,taboo,9,1,0,2.7107499,1.9189355,3.0715423,117.643295,0.69831264,-0.5311845,24.361118
1003,ship__p0__s7,taboo,10,1,0,1.0203009,1.6681036,2.0706136,82.225784,0.7493532,-0.5623146,22.060152
1004,ship__p0__s7,taboo,11,1,0,0.24336915,1.1360903,4.243334,109.80226,0.69819933,-0.5420391,23.421783
1005,ship__p0__s7,taboo,12,1,0,0.8392112,1.7377465,2.6400905,101.922134,0.6887716,-0.55177784,22.067919
1006,ship__p0__s7,taboo,13,1,0,0.42625162,1.0153545,1.416795,105.02129,0.6882315,-0.5624405,20.757477
1007,ship__p0__s7,taboo,14,1,0,0.31376767,1.2173249,3.6229396,116.751945,0.6907415,-0.58544254,20.091902
1008,ship__p0__s7,taboo,15,1,0,0.957074,1.00878,1.4630897,99.45761,0.740779,-0.61893487,21.872505
1009,ship__p0__s7,taboo,16,1,0,0.7682252,0.7537062,0.3201658,104.73627,0.69323725,-0.6033835,18.93764
1010,ship__p0__s7,taboo,17,1,0,0.17098425,0.5001959,0.8795869,95.83914,0.6735669,-0.6034002,20.090843
1011,ship__p0__s7,taboo,18,1,0,0.04879216,0.2351498,0.81569606,106.29929,0.67985356,-0.60139763,20.712324
1012,ship__p0__s7,taboo,19,1,0,0.0005646542,0.0053011174,0.04244217,96.22249,0.6668036,-0.5830525,21.10684
1013,ship__p0__s7,taboo,20,1,0,0.93663555,1.5518914,1.5956867,110.18197,0.6610633,-0.5759331,21.601593
1014,ship__p0__s7,taboo,21,1,0,0.0033983595,0.026917726,0.1741933,61.58821,0.65975016,-0.57337856,22.436563
1015,ship__p0__s7,taboo,22,1,0,0.011254871,0.08692534,0.5323199,84.30201,0.67084503,-0.57335824,22.544762
1016,ship__p0__s7,taboo,23,1,0,0.840682,1.1873341,1.6100862,62.560062,0.6488861,-0.5725864,20.736183
1017,ship__p0__s7,taboo,24,1,0,0.34232882,0.76874435,1.2907114,107.39341,0.6497759,-0.5646845,22.222998
1018,ship__p0__s7,taboo,25,1,0,2.404833,1.791877,1.0019517,117.00765,0.6398521,-0.53061813,22.304369
1019,ship__p0__s7,taboo,26,1,0,0.6572318,1.5723283,2.8433602,111.72605,0.69007725,-0.62149954,18.259
1020,ship__p0__s7,taboo,27,1,0,0.0010482537,0.009639666,0.07652713,81.55025,0.67171556,-0.6141288,19.77305
1021,ship__p0__s7,taboo,28,1,0,0.0024064411,0.023759028,0.20045325,117.99718,0.64050704,-0.5907418,21.041616
1022,ship__p0__s7,taboo,29,1,0,0.26485655,0.9173793,1.67944,99.23816,0.6440335,-0.582567,21.954527
1023,ship__p1__s0,taboo,0,1,0,1.8681408,5.1298923,7.5304747,136.4662,0.93203753,-0.6466467,16.434439
1024,ship__p1__s0,taboo,1,1,0,1.2547485,2.100966,2.70196,106.238884,0.85429895,-0.6403771,16.910145
1025,ship__p1__s0,taboo,2,1,1,0.43018666,0.9009353,1.4899464,104.02494,0.8903196,-0.6371638,20.385029
1026,ship__p1__s0,taboo,3,1,0,0.00012885693,0.0019384196,0.026509892,116.43604,0.8200125,-0.6260842,18.612688
1027,ship__p1__s0,taboo,4,1,0,0.4059049,1.5399642,3.700212,116.86403,0.79012007,-0.5978347,19.316158
1028,ship__p1__s0,taboo,5,1,0,0.7210519,1.1349624,1.7155702,78.99602,0.7878546,-0.5822272,20.676533
1029,ship__p1__s0,taboo,6,1,0,0.34590414,1.1933635,3.0359526,91.941536,0.7440054,-0.5580693,22.458662
1030,ship__p1__s0,taboo,7,1,0,0.116935074,0.68256915,2.976069,70.098656,0.6985474,-0.5700322,20.447443
1031,ship__p1__s0,taboo,8,1,0,0.37479615,1.3875387,2.7274604,85.529915,0.7105663,-0.5669221,20.522556
1032,ship__p1__s0,taboo,9,1,0,0.10375596,0.44004303,1.2775313,106.3793,0.70118916,-0.5731722,20.093225
1033,ship__p1__s0,taboo,10,1,0,0.35655263,1.4112161,3.8245258,115.950714,0.7057694,-0.5938295,19.316479
1034,ship__p1__s0,taboo,11,1,0,0.2653755,0.76776826,1.6770128,100.5195,0.6792408,-0.58261216,20.266235
1035,ship__p1__s0,taboo,12,1,0,0.7557368,1.7556059,2.5324483,112.67862,0.69185895,-0.58594227,20.460945
1036,ship__p1__s0,taboo,13,1,0,0.01054277,0.06311392,0.28408414,57.89059,0.69516444,-0.59007806,21.410486
1037,ship__p1__s0,taboo,14,1,0,0.009691686,0.07902005,0.52396077,84.882095,0.70116675,-0.5849751,21.90817
1038,ship__p1__s0,taboo,15,1,0,0.4461412,1.2411857,2.656752,113.481255,0.67801285,-0.5811457,20.947245
1039,ship__p1__s0,taboo,16,1,0,0.8220365,1.7437419,1.4841855,115.94786,0.67781955,-0.5544036,20.940073
1040,ship__p1__s0,taboo,17,1,1,1.2857132,2.4176805,3.1638045,135.33687,0.7314247,-0.5974386,19.685753
1041,ship__p1__s0,taboo,18,1,1,0.17707886,0.7356697,2.4561207,111.32147,0.7176494,-0.6101657,20.623596
1042,ship__p1__s0,taboo,19,1,1,0.6359883,1.7681082,3.806774,107.11262,0.6961114,-0.6022334,20.786654
1043,ship__p1__s0,taboo,20,1,1,0.8405376,2.1989968,3.6420145,84.19842,0.7129375,-0.6412066,18.936508
1044,ship__p1__s0,taboo,21,1,1,1.2356255,2.7772284,4.711914,116.76493,0.68357193,-0.6196967,19.718914
1045,ship__p1__s0,taboo,22,1,1,0.0004990048,0.006920996,0.08668864,95.10192,0.69681704,-0.6325233,19.838104
1046,ship__p1__s0,taboo,23,1,1,1.8226599,4.6164017,5.9603195,117.35542,0.70081955,-0.6560842,16.207302
1047,ship__p1__s0,taboo,24,1,1,0.78400314,1.4302042,1.4322952,118.571915,0.63973284,-0.59397215,19.981524
1048,ship__p1__s0,taboo,25,1,1,1.6258544,3.9718359,5.9023514,112.79033,0.65526164,-0.62088084,17.155212
1049,ship__p1__s0,taboo,26,1,1,0.0071063857,0.05230114,0.3134874,101.14104,0.65627855,-0.61064106,19.973593
1050,ship__p1__s0,taboo,27,1,1,0.096264176,0.36795524,1.1441734,68.7776,0.599761,-0.56691015,21.089005
1051,ship__p1__s0,taboo,28,1,1,0.65082425,2.5701928,7.0888968,74.24437,0.6170368,-0.586879,19.547104
1052,ship__p1__s0,taboo,29,1,1,0.5581197,1.8924031,6.3093677,42.192894,0.6034437,-0.5752036,20.601496
1053,ship__p1__s1,taboo,0,1,0,3.0128205,5.1035433,7.627378,134.01611,0.917112,-0.6737268,15.392848
1054,ship__p1__s1,taboo,1,1,0,0.039738875,0.2509993,1.222518,83.881905,0.8282635,-0.5984107,19.129734
1055,ship__p1__s1,taboo,2,1,0,0.6970531,1.0873908,1.9630966,115.179855,0.8049418,-0.6359519,17.760782
1056,ship__p1__s1,taboo,3,1,0,2.0127249,0.9158381,2.1364346,114.4508,0.7879633,-0.6236212,18.77278
1057,ship__p1__s1,taboo,4,1,0,0.3763864,1.5163885,3.8301697,117.17602,0.76791775,-0.58919865,19.871647
1058,ship__p1__s1,taboo,5,1,0,0.5075046,1.07453,1.847664,77.19311,0.78155625,-0.5794771,21.174528
1059,ship__p1__s1,taboo,6,1,0,0.40630606,1.326538,3.1382575,92.02401,0.73563296,-0.5505316,22.874243
1060,ship__p1__s1,taboo,7,1,0,0.21106713,1.1323425,4.1589136,66.467285,0.68419516,-0.56035054,20.86905
1061,ship__p1__s1,taboo,8,1,0,0.8990879,1.757059,2.110473,122.384544,0.70213604,-0.55472434,21.391333
1062,ship__p1__s1,taboo,9,1,0,0.24963889,1.1773633,3.743063,103.58081,0.7061316,-0.59869313,17.870394
1063,ship__p1__s1,taboo,10,1,0,0.0008351891,0.008368481,0.072706,74.74654,0.71121067,-0.5770262,21.066608
1064,ship__p1__s1,taboo,11,1,0,1.4971659,1.4556941,3.2715697,82.981995,0.7047133,-0.60921615,18.441923
1065,ship__p1__s1,taboo,12,1,0,0.0070738345,0.062316433,0.46545002,102.13071,0.7058364,-0.61588323,19.598263
1066,ship__p1__s1,taboo,13,1,0,0.93407804,2.19376,2.6685572,103.321815,0.78235066,-0.6197779,21.382374
1067,ship__p1__s1,taboo,14,1,0,0.049371578,0.19929367,0.49112514,103.8835,0.69847035,-0.6112533,19.896172
1068,ship__p1__s1,taboo,15,1,0,0.0030172798,0.029726176,0.25583303,113.56794,0.65530825,-0.5930856,20.474266
1069,ship__p1__s1,taboo,16,1,0,1.4090186,1.1474031,0.72295624,97.265434,0.63662016,-0.5735695,20.790012
1070,ship__p1__s1,taboo,17,1,0,0.03449549,0.17480606,0.6622416,100.09596,0.66770434,-0.5856806,20.975742
1071,ship__p1__s1,taboo,18,1,0,0.058388393,0.26871383,0.7935883,100.13417,0.65400004,-0.58399403,20.861958
1072,ship__p1__s1,taboo,19,1,0,0.5098567,1.2040887,1.6288564,111.225876,0.65429914,-0.57950056,21.493462
1073,ship__p1__s1,taboo,20,1,0,0.0015329288,0.012721463,0.086970255,63.98595,0.6564095,-0.5799514,22.569025
1074,ship__p1__s1,taboo,21,1,1,0.0075799706,0.060796797,0.3905005,86.87746,0.669698,-0.5812619,22.165565
1075,ship__p1__s1,taboo,22,1,0,1.5700364,1.2650087,2.0036035,63.211403,0.6444275,-0.57795525,20.224436
1076,ship__p1__s1,taboo,23,1,0,0.4224548,0.8488704,1.3339264,106.13502,0.6430488,-0.5670736,22.10101
1077,ship__p1__s1,taboo,24,1,0,1.217007,1.4174513,1.4358466,124.09433,0.61598057,-0.56120896,21.912014
1078,ship__p1__s1,taboo,25,1,0,2.2638698,2.6114793,1.8928578,109.55401,0.62580943,-0.5738551,20.863817
1079,ship__p1__s1,taboo,26,1,0,0.35821122,0.87727565,0.8287593,63.041832,0.62021816,-0.5473697,23.534218
1080,ship__p1__s1,taboo,27,1,0,0.07083564,0.35357144,1.2277926,90.07584,0.6215195,-0.5579418,22.425678
1081,ship__p1__s1,taboo,28,1,0,0.4090382,1.3324981,2.6451983,103.830925,0.6283601,-0.55194056,22.652588
1082,ship__p1__s1,taboo,29,1,0,1.0835347,1.256652,0.8436996,64.19464,0.6362076,-0.55317646,23.682116
1083,ship__p1__s2,taboo,0,1,0,1.8487732,5.166747,7.489093,136.31322,0.93195665,-0.64655477,16.419374
1084,ship__p1__s2,taboo,1,1,1,1.330643,2.0881896,2.6091886,104.32267,0.9058928,-0.6468368,19.960608
1085,ship__p1__s2,taboo,2,1,0,0.04397703,0.22245327,0.88607424,115.64851,0.8440446,-0.6451156,17.144308
1086,ship__p1__s2,taboo,3,1,0,0.18851833,0.8756121,3.1143432,126.01664,0.8236154,-0.6546637,17.295637
1087,ship__p1__s2,taboo,4,1,0,0.025990836,0.16896829,0.85306126,82.01615,0.78787327,-0.58760947,19.951097
1088,ship__p1__s2,taboo,5,1,0,0.20947559,0.54625165,0.88254994,68.54348,0.7590377,-0.5955615,19.429804
1089,ship__p1__s2,taboo,6,1,0,0.08400543,0.53391194,2.6237245,114.310425,0.75534993,-0.6176418,19.241226
1090,ship__p1__s2,taboo,7,1,0,0.18327393,0.6634922,1.5497816,98.07684,0.74237174,-0.60913163,19.140741
1091,ship__p1__s2,taboo,8,1,0,0.023459496,0.13295412,0.55401015,99.80381,0.8203665,-0.60385835,22.735611
1092,ship__p1__s2,taboo,9,1,0,0.00009822363,0.001371722,0.01760628,118.2612,0.73463523,-0.60173565,20.760946
1093,ship__p1__s2,taboo,10,1,0,0.2695019,1.1768191,3.369102,118.73988,0.7408,-0.5829891,20.486288
1094,ship__p1__s2,taboo,11,1,0,1.10221,0.9304491,1.3709253,88.59142,0.72353685,-0.57298034,21.671144
1095,ship__p1__s2,taboo,12,1,0,2.0875537,0.8358049,2.7030406,106.26804,0.7069453,-0.5535965,22.8666
1096,ship__p1__s2,taboo,13,1,0,0.09440705,0.6003296,2.8964067,79.4153,0.66002446,-0.5579238,21.390223
1097,ship__p1__s2,taboo,14,1,0,0.7706203,1.4814956,2.0011506,124.7581,0.6728687,-0.5501576,21.692297
1098,ship__p1__s2,taboo,15,1,0,0.28548187,1.3117218,3.9078608,107.07833,0.683854,-0.59549856,18.505577
1099,ship__p1__s2,taboo,16,1,0,0.00050615374,0.0053221136,0.048359543,80.531624,0.68399316,-0.5703261,21.464828
1100,ship__p1__s2,taboo,17,1,0,0.3201416,0.9694921,2.4730997,122.72052,0.6665703,-0.58502376,20.642673
1101,ship__p1__s2,taboo,18,1,0,0.5021445,0.843006,0.97112876,104.69232,0.6517424,-0.5789937,21.2043
1102,ship__p1__s2,taboo,19,1,0,0.65280145,1.3660243,2.0120645,113.6201,0.66406304,-0.5815756,21.251513
1103,ship__p1__s2,taboo,20,1,0,0.0032573282,0.024477905,0.14861588,62.076027,0.6677818,-0.5851699,22.10225
1104,ship__p1__s2,taboo,21,1,0,0.009230321,0.07455829,0.48384142,86.16279,0.6732794,-0.58074623,22.29166
1105,ship__p1__s2,taboo,22,1,0,0.5429177,1.2252309,1.9842999,116.14563,0.6585966,-0.58032453,21.445326
1106,ship__p1__s2,taboo,23,1,0,1.811703,2.021944,0.8747104,105.569466,0.63354963,-0.5768725,20.870317
1107,ship__p1__s2,taboo,24,1,0,0.00444472,0.036267,0.2448201,102.70069,0.64976907,-0.5965477,21.361664
1108,ship__p1__s2,taboo,25,1,1,0.14902128,0.5550195,1.2731211,108.201225,0.7537653,-0.6555091,21.193962
1109,ship__p1__s2,taboo,26,1,0,0.0020189157,0.0153059885,0.09344964,109.198166,0.6425181,-0.59223306,21.763386
1110,ship__p1__s2,taboo,27,1,0,0.0008435267,0.009491518,0.09382094,115.80623,0.60115916,-0.55623627,22.943798
1111,ship__p1__s2,taboo,28,1,0,0.62651396,1.2691913,1.5507872,109.005035,0.60956126,-0.5222522,22.979313
1112,ship__p1__s2,taboo,29,1,0,0.8771579,1.5703449,2.478035,115.010284,0.65446275,-0.6033797,18.706972
1113,ship__p1__s3,taboo,0,1,0,1.8570491,5.145402,7.477136,136.50414,0.9319402,-0.646585,16.420113
1114,ship__p1__s3,taboo,1,1,0,1.2740076,2.1049707,2.6796608,105.95805,0.8544636,-0.6405297,16.917185
1115,ship__p1__s3,taboo,2,1,1,0.425498,0.8776083,1.4149516,103.67608,0.89035183,-0.63613737,20.431341
1116,ship__p1__s3,taboo,3,1,0,0.00012158608,0.0018275916,0.025004257,117.16768,0.82020354,-0.6262043,18.60913
1117,ship__p1__s3,taboo,4,1,0,0.41428652,1.569989,3.7498586,117.3647,0.79012406,-0.59809005,19.299767
1118,ship__p1__s3,taboo,5,1,0,0.84676355,1.138502,1.7263155,86.26825,0.7595952,-0.58306074,20.748262
1119,ship__p1__s3,taboo,6,1,0,0.27699235,0.9549605,2.8310866,78.12583,0.7380615,-0.57410663,20.633713
1120,ship__p1__s3,taboo,7,1,0,0.03900883,0.270345,1.6469979,83.06198,0.7166863,-0.566911,21.932045
1121,ship__p1__s3,taboo,8,1,0,0.14239588,0.68637097,2.4921298,66.1393,0.67982256,-0.5675011,20.44914
1122,ship__p1__s3,taboo,9,1,0,0.43496686,1.3513162,2.3104393,88.25639,0.69377565,-0.56282127,20.962196
1123,ship__p1__s3,taboo,10,1,0,2.0707307,0.63883185,1.3195348,105.668816,0.6838486,-0.57930017,19.930746
1124,ship__p1__s3,taboo,11,1,0,0.95819163,1.6794194,1.6800244,85.245125,0.68482673,-0.5819404,20.852697
1125,ship__p1__s3,taboo,12,1,0,2.1454167,1.4736438,1.8121322,98.653534,0.6778232,-0.572538,21.544617
1126,ship__p1__s3,taboo,13,1,0,1.461801,2.6703076,3.0107236,80.43279,0.6489062,-0.5494629,23.139816
1127,ship__p1__s3,taboo,14,1,0,1.0733588,1.8461509,2.0055485,76.274055,0.63084275,-0.54693586,23.143427
1128,ship__p1__s3,taboo,15,1,0,1.278703,2.5803037,2.725297,136.3462,0.6661298,-0.54985154,22.476685
1129,ship__p1__s3,taboo,16,1,0,0.4155443,1.474577,3.4893515,106.489334,0.68457204,-0.5883362,18.965925
1130,ship__p1__s3,taboo,17,1,0,0.0011764994,0.011253804,0.0928282,74.85654,0.6749393,-0.56462896,21.780905
1131,ship__p1__s3,taboo,18,1,0,0.21165296,0.78513414,2.4458144,118.49156,0.6677409,-0.58457905,20.671314
1132,ship__p1__s3,taboo,19,1,0,0.7591776,1.0031149,1.1488609,99.375404,0.64455914,-0.57038635,21.701431
1133,ship__p1__s3,taboo,20,1,0,1.045322,1.8327239,2.381094,112.0636,0.65666527,-0.57463527,21.704655
1134,ship__p1__s3,taboo,21,1,0,0.022142798,0.12404774,0.52461463,55.564342,0.6601504,-0.5793773,22.484327
1135,ship__p1__s3,taboo,22,1,1,0.023498155,0.16857003,0.95011723,82.16146,0.6636387,-0.57383835,22.56607
1136,ship__p1__s3,taboo,23,1,0,0.81953263,1.3210216,2.1688986,60.90169,0.64217323,-0.5742153,20.83055
1137,ship__p1__s3,taboo,24,1,0,0.32264984,0.80808115,1.6607211,105.083725,0.6425229,-0.56721216,22.226757
1138,ship__p1__s3,taboo,25,1,0,2.6334784,1.792481,1.5215106,116.62097,0.633275,-0.5325302,22.484642
1139,ship__p1__s3,taboo,26,1,0,3.579121,2.101404,4.440261,118.03281,0.6956482,-0.60230196,19.125792
1140,ship__p1__s3,taboo,27,1,1,0.16851497,0.61722434,1.3818781,101.30045,0.7459238,-0.6568464,20.76137
1141,ship__p1__s3,taboo,28,1,0,0.000055192377,0.0008959486,0.013383049,110.811676,0.65479743,-0.5932045,20.13673
1142,ship__p1__s3,taboo,29,1,1,1.6075499,1.1119974,1.0272452,89.34039,0.66291463,-0.5964105,22.439692
1143,ship__p1__s4,taboo,0,1,0,4.4353113,5.145339,7.5202336,115.128716,0.9094086,-0.65807974,16.160872
1144,ship__p1__s5,taboo,0,1,0,5.1228113,5.145339,7.5202336,120.555756,0.9088618,-0.676067,16.141352
1145,ship__p1__s6,taboo,0,1,1,4.7730603,5.124045,7.5513563,122.43878,0.9326078,-0.6061968,18.11211
1146,ship__p1__s6,taboo,1,1,0,0.13921402,0.8723732,4.5773964,94.26149,0.8658031,-0.57925016,20.482021
1147,ship__p1__s6,taboo,2,1,0,2.0356836,2.3884268,3.234727,98.638374,0.80999666,-0.5689686,20.465267
1148,ship__p1__s6,taboo,3,1,0,1.7554593,1.0580336,1.69311,86.5953,0.7997558,-0.5641001,21.025414
1149,ship__p1__s6,taboo,4,1,1,0.06721742,0.47427392,2.7639604,98.20614,0.76551855,-0.5501545,22.507504
1150,ship__p1__s6,taboo,5,1,1,0.112178616,0.716898,3.5879931,106.433685,0.7898708,-0.55314344,21.8009
1151,ship__p1__s6,taboo,6,1,0,0.49696106,2.1842928,8.585569,117.66073,0.7975512,-0.588253,21.627827
1152,ship__p1__s6,taboo,7,1,0,3.841333,4.1372633,9.824315,127.82851,0.7795668,-0.65943485,16.432665
1153,ship__p1__s6,taboo,8,1,0,0.7257252,1.2230365,2.6714027,112.242226,0.72392607,-0.54741025,21.590881
1154,ship__p1__s7,taboo,0,1,0,4.4978113,5.145339,7.5202336,115.53484,0.9131136,-0.6676211,16.405102
1155,ship__p2__s0,taboo,0,1,1,1.724799,4.9262524,7.2150726,145.0271,0.9312936,-0.6434336,17.89791
1156,ship__p2__s0,taboo,1,1,1,1.2859081,3.3153424,6.084627,115.34124,0.9000882,-0.67553747,18.928244
1157,ship__p2__s0,taboo,2,1,1,0.11955657,0.5015216,1.4128301,126.51458,0.8430717,-0.6357524,17.948248
1158,ship__p2__s0,taboo,3,1,0,0.9565143,3.1830025,6.5957723,139.76062,0.84552693,-0.65360975,17.620758
1159,ship__p2__s0,taboo,4,1,0,0.040120874,0.24579844,1.1408806,83.0706,0.80215526,-0.5850564,20.093554
1160,ship__p2__s0,taboo,5,1,0,0.23676863,0.6042329,1.0888484,63.678356,0.7713572,-0.5932693,19.729439
1161,ship__p2__s0,taboo,6,1,0,0.108965494,0.6696628,3.1518886,114.289116,0.76186424,-0.6118218,19.480719
1162,ship__p2__s0,taboo,7,1,0,0.24211434,0.8090731,1.7075181,95.41668,0.74589866,-0.5929955,19.97585
1163,ship__p2__s0,taboo,8,1,0,0.076696135,0.29540065,0.7157688,98.08241,0.82740146,-0.60909694,22.519966
1164,ship__p2__s0,taboo,9,1,0,0.000120394136,0.0016556014,0.02086749,117.51859,0.7398533,-0.5887783,21.32027
1165,ship__p2__s0,taboo,10,1,0,0.27100158,1.2041893,3.619587,116.69102,0.7453339,-0.5726899,21.023087
1166,ship__p2__s0,taboo,11,1,0,0.4009854,0.73799604,0.82810503,83.81305,0.7255502,-0.56256986,22.031029
1167,ship__p2__s0,taboo,12,1,0,0.357148,0.9548559,1.7723744,75.69425,0.71031207,-0.5517314,21.90331
1168,ship__p2__s0,taboo,13,1,0,0.03489055,0.23794061,1.4011497,84.53474,0.69283617,-0.55240834,23.204042
1169,ship__p2__s0,taboo,14,1,0,0.10795422,0.6123023,2.5039933,67.40841,0.6598543,-0.5529264,21.65004
1170,ship__p2__s0,taboo,15,1,0,0.62572336,1.2505984,1.5845459,123.20915,0.6746395,-0.5446959,22.229252
1171,ship__p2__s0,taboo,16,1,0,0.16015595,0.88071585,3.467618,107.98035,0.69106185,-0.5906031,18.906475
1172,ship__p2__s0,taboo,17,1,0,0.00050257926,0.0054293484,0.050747886,78.95183,0.6818367,-0.56224215,22.132559
1173,ship__p2__s0,taboo,18,1,0,0.32088888,0.8472836,1.9217342,122.14405,0.668562,-0.5809002,21.005829
1174,ship__p2__s0,taboo,19,1,0,0.5922049,0.97347367,1.0154119,102.717926,0.73185015,-0.6234716,21.7446
1175,ship__p2__s0,taboo,20,1,0,0.43431485,0.6844347,0.31117535,108.6747,0.67247486,-0.5984014,19.898497
1176,ship__p2__s0,taboo,21,1,0,0.09705023,0.3495542,0.7732338,95.3387,0.6621408,-0.6019331,20.475546
1177,ship__p2__s0,taboo,22,1,0,0.051641963,0.25932395,0.9051291,109.29519,0.6606767,-0.5933901,21.553614
1178,ship__p2__s0,taboo,23,1,0,0.0003003623,0.0030015016,0.025686257,100.51944,0.65572095,-0.5774504,21.840788
1179,ship__p2__s0,taboo,24,1,0,0.7688886,1.5507121,1.4185839,113.28721,0.6507636,-0.5724082,22.21295
1180,ship__p2__s0,taboo,25,1,0,0.0013341345,0.011799572,0.08748162,66.83244,0.652444,-0.57091665,22.999067
1181,ship__p2__s0,taboo,26,1,1,0.006943857,0.05728798,0.3784067,87.48908,0.661989,-0.57145005,23.034657
1182,ship__p2__s0,taboo,27,1,0,0.8845942,1.1981051,1.3374875,63.259857,0.64096254,-0.5697428,21.331614
1183,ship__p2__s0,taboo,28,1,0,0.33085585,0.7067114,1.0065224,108.60869,0.647334,-0.56432986,22.526596
1184,ship__p2__s0,taboo,29,1,0,0.9409927,1.6111374,1.3102129,109.80268,0.63509846,-0.5341339,23.104929
1185,ship__p2__s1,taboo,0,1,0,2.5810902,4.8993216,7.277105,120.49834,0.92995816,-0.6102723,18.70116
1186,ship__p2__s1,taboo,1,1,0,0.4095121,1.0106646,1.5352167,87.92197,0.8524138,-0.5792274,20.994612
1187,ship__p2__s1,taboo,2,1,1,1.0155096,2.1431684,3.9921508,91.96033,0.83226067,-0.57192904,20.198513
1188,ship__p2__s1,taboo,3,1,0,0.7847701,1.1570904,2.1874378,67.68239,0.81849796,-0.5541388,21.684319
1189,ship__p2__s1,taboo,4,1,1,0.0013986577,0.016816227,0.17903075,97.619354,0.77488416,-0.5573176,22.793383
1190,ship__p2__s1,taboo,5,1,1,0.12229706,0.57825106,2.231264,111.60178,0.7820225,-0.56369114,21.16343
1191,ship__p2__s1,taboo,6,1,1,1.6343884,2.9361968,10.095511,116.053825,0.80786633,-0.61342347,19.599072
1192,ship__p2__s1,taboo,7,1,0,5.21594,5.399235,7.097262,131.78656,0.78910863,-0.6770534,16.552803
1193,ship__p2__s1,taboo,8,1,0,0.4075488,0.96462405,1.9997282,115.03711,0.7224583,-0.54681015,21.875826
1194,ship__p2__s2,taboo,0,1,0,3.8600297,4.9628677,7.1146436,113.86961,0.9170725,-0.66933227,16.220499
1195,ship__p2__s3,taboo,0,1,1,1.724799,4.9262524,7.2150726,145.0271,0.9312936,-0.6434336,17.89791
1196,ship__p2__s3,taboo,1,1,1,1.7859081,3.3153424,6.084627,113.33488,0.90164655,-0.6762558,19.430578
1197,ship__p2__s3,taboo,2,1,0,0.110091925,0.4789323,1.4561288,121.24524,0.8580687,-0.6336765,17.97828
1198,ship__p2__s3,taboo,3,1,0,0.24371862,1.1622221,4.395392,125.80067,0.83209306,-0.64863205,17.72238
1199,ship__p2__s3,taboo,4,1,0,0.026061222,0.16897425,0.8458891,82.619934,0.79412055,-0.5802722,20.32138
1200,ship__p2__s3,taboo,5,1,0,0.20913348,0.54654765,0.9145361,66.26836,0.76546764,-0.58972186,19.815063
1201,ship__p2__s3,taboo,6,1,0,0.10126773,0.6204519,2.9298692,114.67268,0.7591728,-0.6105313,19.58808
1202,ship__p2__s3,taboo,7,1,0,0.17961517,0.671959,1.659663,97.81326,0.74510044,-0.58964586,20.14351
1203,ship__p2__s3,taboo,8,1,0,0.03845217,0.19184001,0.67874855,100.62725,0.82520807,-0.60394144,22.538198
1204,ship__p2__s3,taboo,9,1,0,0.00009119095,0.0012997383,0.01693528,118.242485,0.7380322,-0.58790755,21.539015
1205,ship__p2__s3,taboo,10,1,0,0.23101938,1.076202,3.4517574,116.66966,0.74346715,-0.5710178,21.14191
1206,ship__p2__s3,taboo,11,1,0,0.39973053,0.7295385,0.78622574,84.16485,0.7241188,-0.5611507,22.101501
1207,ship__p2__s3,taboo,12,1,0,0.33851525,0.90944344,1.705179,75.577835,0.7105892,-0.54954803,22.008318
1208,ship__p2__s3,taboo,13,1,0,0.027773788,0.19963348,1.2348543,86.76887,0.6912544,-0.55069447,23.235855
1209,ship__p2__s3,taboo,14,1,0,0.09664575,0.5548003,2.324525,68.32014,0.6570935,-0.55121434,21.719448
1210,ship__p2__s3,taboo,15,1,0,1.1004788,1.202987,1.5991459,86.98305,0.65949255,-0.54262936,22.42786
1211,ship__p2__s3,taboo,16,1,0,0.07415219,0.3847026,1.4224194,99.611755,0.66797537,-0.5675959,20.885344
1212,ship__p2__s3,taboo,17,1,0,0.9061868,1.4644909,1.6404089,99.29437,0.67655337,-0.55680543,22.143183
1213,ship__p2__s3,taboo,18,1,0,2.1086438,1.6611867,3.955762,79.09151,0.6770141,-0.5527719,23.577179
1214,ship__p2__s3,taboo,19,1,0,1.1761649,0.8690936,1.416727,88.25755,0.6824923,-0.54169846,24.397955
1215,ship__p2__s3,taboo,20,1,0,0.057929948,0.37173116,1.9922575,86.41707,0.6645528,-0.520107,25.740759
1216,ship__p2__s3,taboo,21,1,0,0.107033394,0.5066446,1.9370139,82.18122,0.6483876,-0.51853764,25.968111
1217,ship__p2__s3,taboo,22,1,0,1.4599222,2.22972,2.8147178,71.03924,0.62792796,-0.5161739,24.71511
1218,ship__p2__s3,taboo,23,1,0,0.083912596,0.4181829,1.5930691,130.02893,0.63829315,-0.5345509,23.200788
1219,ship__p2__s3,taboo,24,1,0,0.24859816,1.1560526,3.5207796,110.46367,0.6719262,-0.5889768,19.212156
1220,ship__p2__s3,taboo,25,1,0,0.00041857542,0.0045650927,0.04298296,79.45743,0.65881944,-0.56043667,22.267557
1221,ship__p2__s3,taboo,26,1,0,0.24644068,0.66697836,1.3424966,121.340576,0.6577615,-0.58124363,21.063364
1222,ship__p2__s3,taboo,27,1,0,0.46115828,0.82721245,0.86008334,106.40779,0.7245449,-0.6228038,22.522514
1223,ship__p2__s3,taboo,28,1,0,1.2279271,0.6368172,0.3448074,119.99721,0.6346497,-0.57604164,21.457745
1224,ship__p2__s3,taboo,29,1,0,0.066556126,0.37527162,1.5348878,116.00242,0.6501765,-0.5914757,21.218065
1225,ship__p2__s4,taboo,0,1,1,1.7738309,4.9545975,7.193327,144.96455,0.93130445,-0.64325637,17.925356
1226,ship__p2__s4,taboo,1,1,1,1.34491,3.4100232,6.075754,115.082275,0.90001804,-0.67545664,18.941328
1227,ship__p2__s4,taboo,2,1,1,0.114879444,0.48777515,1.40179,126.78275,0.84323597,-0.6355775,17.961596
1228,ship__p2__s4,taboo,3,1,0,0.9869155,3.2002957,6.446167,140.88414,0.8452635,-0.65336764,17.63999
1229,ship__p2__s4,taboo,4,1,0,0.040870134,0.24995545,1.1578803,83.224655,0.8021638,-0.58494484,20.112267
1230,ship__p2__s4,taboo,5,1,0,0.26365754,0.63374376,1.0624992,64.191956,0.7712834,-0.59341216,19.729267
1231,ship__p2__s4,taboo,6,1,0,0.109262,0.6727826,3.1754203,114.6214,0.76160336,-0.61151963,19.482311
1232,ship__p2__s4,taboo,7,1,0,0.24146977,0.8061022,1.7006433,95.67054,0.7459714,-0.5928807,19.965872
1233,ship__p2__s4,taboo,8,1,0,0.08648631,0.32162383,0.7423674,98.25183,0.82725585,-0.6098792,22.491621
1234,ship__p2__s4,taboo,9,1,0,0.00009822363,0.0013671819,0.0174349,117.382805,0.7401668,-0.5886917,21.331362
1235,ship__p2__s4,taboo,10,1,0,0.26617953,1.2010415,3.6890233,116.21566,0.7455472,-0.5728325,21.017555
1236,ship__p2__s4,taboo,11,1,0,1.1513519,0.74031943,0.83849585,78.691124,0.755749,-0.5591502,22.216251
1237,ship__p2__s4,taboo,12,1,0,2.2499557,1.5806988,1.6741397,96.6942,0.7016385,-0.543782,22.609203
1238,ship__p2__s4,taboo,13,1,0,0.099248156,0.5225632,2.128034,71.86188,0.66427654,-0.55373186,21.432692
1239,ship__p2__s4,taboo,14,1,0,0.44786477,1.2709031,2.1345062,122.36405,0.6853136,-0.5458933,22.251791
1240,ship__p2__s4,taboo,15,1,0,0.21350867,1.104434,3.9408298,107.19064,0.693873,-0.59162366,18.716913
1241,ship__p2__s4,taboo,16,1,0,0.000535464,0.00574438,0.053479698,78.18091,0.69854295,-0.5627695,22.06576
1242,ship__p2__s4,taboo,17,1,0,0.43911046,1.161405,2.775199,122.1784,0.6781623,-0.5841799,20.66257
1243,ship__p2__s4,taboo,18,1,0,0.7008114,1.0213058,1.2301099,105.96996,0.6652878,-0.5751058,21.69827
1244,ship__p2__s4,taboo,19,1,0,0.95909995,1.5959911,2.106631,115.11632,0.6759586,-0.57955015,21.351437
1245,ship__p2__s4,taboo,20,1,0,0.0031129494,0.023075514,0.13764596,61.989235,0.6839651,-0.57848084,22.785568
1246,ship__p2__s4,taboo,21,1,1,0.009160986,0.07286635,0.46314752,86.31149,0.6907691,-0.57334733,22.884003
1247,ship__p2__s4,taboo,22,1,0,2.1077142,1.246737,1.9960179,114.63494,0.67445654,-0.573823,21.631968
1248,ship__p2__s4,taboo,23,1,0,1.2826349,2.0123465,1.05674,113.845764,0.6401677,-0.5526887,22.43763
1249,ship__p2__s4,taboo,24,1,0,0.012288573,0.1063415,0.7557865,78.07763,0.636081,-0.5669812,21.700243
1250,ship__p2__s4,taboo,25,1,0,0.035769235,0.25333238,1.4044969,64.72546,0.6522087,-0.5541812,23.600636
1251,ship__p2__s4,taboo,26,1,0,0.12142178,0.61295176,2.251374,105.04974,0.6489699,-0.5479289,23.169197
1252,ship__p2__s4,taboo,27,1,1,1.6450466,1.5177956,1.1941621,117.71564,0.6369917,-0.52416384,23.30973
1253,ship__p2__s4,taboo,28,1,0,1.0360167,2.559582,3.3032842,118.621086,0.6875038,-0.6150882,18.794764
1254,ship__p2__s4,taboo,29,1,0,0.0009129647,0.008558891,0.06957112,85.15816,0.6707432,-0.6072474,20.283794
1255,ship__p2__s5,taboo,0,1,1,1.7773447,4.950816,7.147555,145.18335,0.9316234,-0.6434075,17.916315
1256,ship__p2__s5,taboo,1,1,0,2.064621,3.3125782,6.009798,111.09834,0.8647243,-0.6101258,18.96775
1257,ship__p2__s5,taboo,2,1,1,0.7845833,1.6477741,3.1809053,112.524025,0.88893014,-0.6739781,18.917519
1258,ship__p2__s5,taboo,3,1,0,0.00028808735,0.004200689,0.05588345,123.48822,0.8211726,-0.60775024,19.30732
1259,ship__p2__s5,taboo,4,1,0,0.42636812,1.5930548,4.0822544,114.0862,0.7946305,-0.59041256,19.668251
1260,ship__p2__s5,taboo,5,1,0,1.0888286,0.8722216,1.2556626,77.75616,0.78652734,-0.56848454,21.17942
1261,ship__p2__s5,taboo,6,1,0,2.333067,1.5885677,1.9226885,94.12683,0.73215944,-0.5558559,21.821508
1262,ship__p2__s5,taboo,7,1,0,0.057775702,0.37727454,1.9403795,72.08427,0.698632,-0.56582975,20.65294
1263,ship__p2__s5,taboo,8,1,0,0.2710713,1.1275197,2.7119985,84.00397,0.7221473,-0.56420076,20.839777
1264,ship__p2__s5,taboo,9,1,0,0.07102231,0.3446571,1.2564698,107.351654,0.7081223,-0.56439704,20.7845
1265,ship__p2__s5,taboo,10,1,0,0.44244972,1.6753358,4.4023905,117.09713,0.7146529,-0.5893501,19.744495
1266,ship__p2__s5,taboo,11,1,0,0.42426288,1.0376835,2.0203671,99.957855,0.6905231,-0.5767418,20.897984
1267,ship__p2__s5,taboo,12,1,0,1.2878766,1.9798336,2.5902367,111.09556,0.7047543,-0.5889013,19.649199
1268,ship__p2__s5,taboo,13,1,1,0.40394315,0.74686843,0.78364754,86.55692,0.72003216,-0.57794946,22.160414
1269,ship__p2__s5,taboo,14,1,0,1.8401837,1.5101807,2.6220844,113.09453,0.6946359,-0.57461494,20.837885
1270,ship__p2__s5,taboo,15,1,1,1.0332694,1.9251918,1.2123251,119.27491,0.689724,-0.54292446,21.475292
1271,ship__p2__s5,taboo,16,1,0,1.58469,2.6190004,3.4886942,124.65708,0.7507412,-0.59259564,20.042988
1272,ship__p2__s5,taboo,17,1,1,0.23006913,0.9460675,3.0996156,104.36228,0.7321457,-0.58345914,21.257696
1273,ship__p2__s5,taboo,18,1,0,1.6741828,2.4537168,2.9134912,126.82127,0.6820756,-0.57043684,21.604986
1274,ship__p2__s5,taboo,19,1,1,0.12559345,0.5048969,1.3891815,110.715324,0.7866864,-0.6729444,20.334127
1275,ship__p2__s5,taboo,20,1,0,0.011418468,0.065600134,0.28566897,122.73377,0.66484684,-0.5644397,22.267168
1276,ship__p2__s5,taboo,21,1,0,0.0158769,0.11263019,0.65983915,113.562836,0.67178833,-0.5897935,21.276659
1277,ship__p2__s5,taboo,22,1,1,0.006781539,0.046034977,0.25525182,115.72279,0.66978335,-0.58630973,21.844576
1278,ship__p2__s5,taboo,23,1,1,0.588324,1.9648001,4.6494102,108.30429,0.66767186,-0.5729325,21.803453
1279,ship__p2__s5,taboo,24,1,1,1.2313954,2.5384436,3.1404839,90.80919,0.6985183,-0.62890685,19.30803
1280,ship__p2__s5,taboo,25,1,1,2.4216032,3.3430414,4.813862,102.823975,0.68732405,-0.6259736,19.843288
1281,ship__p2__s5,taboo,26,1,1,2.3906307,3.2335334,4.1904125,139.22176,0.69456214,-0.63508993,19.44763
1282,ship__p2__s5,taboo,27,1,1,0.62605387,2.0379593,4.3904324,119.01891,0.6667289,-0.61372864,19.14155
1283,ship__p2__s5,taboo,28,1,1,0.5191761,1.2165843,2.0011961,111.80968,0.61665505,-0.5662008,21.952887
1284,ship__p2__s5,taboo,29,1,1,1.4244003,3.572812,6.2324457,106.261765,0.6174028,-0.5684264,21.277483
1285,ship__p2__s6,taboo,0,1,1,1.7348156,4.9008703,7.229974,145.30376,0.93117744,-0.6431751,17.90574
1286,ship__p2__s6,taboo,1,1,1,1.858296,3.4404826,6.0547314,113.3541,0.90138423,-0.67624366,19.42499
1287,ship__p2__s6,taboo,2,1,0,0.1235798,0.5179047,1.4795507,121.590294,0.85814553,-0.6336607,17.97636
1288,ship__p2__s6,taboo,3,1,0,0.24603242,1.1692232,4.392615,126.2815,0.83208364,-0.64842355,17.747307
1289,ship__p2__s6,taboo,4,1,0,0.027835816,0.1803829,0.9008287,82.750694,0.7945272,-0.5806759,20.309036
1290,ship__p2__s6,taboo,5,1,0,0.20929198,0.5478982,0.92452306,66.48652,0.7654704,-0.5896559,19.822403
1291,ship__p2__s6,taboo,6,1,0,0.097547315,0.60231996,2.8649309,115.33002,0.7594375,-0.6104727,19.588383
1292,ship__p2__s6,taboo,7,1,0,0.17810543,0.6626395,1.6141406,97.92664,0.74527776,-0.58989614,20.13732
1293,ship__p2__s6,taboo,8,1,0,0.034966875,0.17966339,0.66162896,100.407745,0.8256861,-0.60363,22.548447
1294,ship__p2__s6,taboo,9,1,0,0.00010907055,0.0015418477,0.019918688,118.406525,0.73813665,-0.58815056,21.523256
1295,ship__p2__s6,taboo,10,1,0,0.2500622,1.1262972,3.4574113,116.764015,0.74341464,-0.5711019,21.116768
1296,ship__p2__s6,taboo,11,1,0,0.39969298,0.7294612,0.7870119,83.956,0.72396505,-0.5612656,22.079798
1297,ship__p2__s6,taboo,12,1,0,1.5876131,0.90471816,1.6896429,68.39257,0.73096675,-0.5331187,23.611359
1298,ship__p2__s6,taboo,13,1,0,0.00931973,0.0723557,0.49510598,100.8977,0.68199325,-0.5331979,24.189026
1299,ship__p2__s6,taboo,14,1,0,0.105161525,0.59254044,2.4253283,68.00461,0.65974367,-0.5498947,21.912317
1300,ship__p2__s6,taboo,15,1,0,0.65611744,1.2431263,1.6501707,124.40274,0.67297465,-0.5416098,22.356283
1301,ship__p2__s6,taboo,16,1,0,0.17646681,0.93348,3.4697735,108.43171,0.6897495,-0.5896114,18.847006
1302,ship__p2__s6,taboo,17,1,0,0.0004332319,0.0047099385,0.044279657,80.78519,0.6833445,-0.5617163,22.046492
1303,ship__p2__s6,taboo,18,1,0,0.35490552,0.88183355,1.9066944,123.91486,0.671748,-0.5808222,20.921947
1304,ship__p2__s6,taboo,19,1,1,0.6673265,0.8947624,0.92889386,103.69608,0.7343492,-0.6223484,22.463556
1305,ship__p2__s6,taboo,20,1,0,0.39218497,0.66462314,0.3543247,109.715,0.6748258,-0.59915936,19.744549
1306,ship__p2__s6,taboo,21,1,0,0.09487271,0.33693933,0.72463655,95.325165,0.6623421,-0.6002409,20.51642
1307,ship__p2__s6,taboo,22,1,0,0.045358274,0.22999743,0.82148314,109.81545,0.6617976,-0.5933076,21.537086
1308,ship__p2__s6,taboo,23,1,0,0.00042191186,0.003998369,0.031968158,101.52708,0.6580612,-0.57716244,21.83614
1309,ship__p2__s6,taboo,24,1,0,0.59194994,1.4198533,1.5887117,112.850136,0.65138626,-0.57109654,22.27272
1310,ship__p2__s6,taboo,25,1,0,0.0011773328,0.010546751,0.07924954,66.29023,0.6543355,-0.5696007,23.032343
1311,ship__p2__s6,taboo,26,1,0,0.0067441226,0.054971166,0.35881478,87.69568,0.6640651,-0.57105684,23.035482
1312,ship__p2__s6,taboo,27,1,0,0.9850042,1.2822835,1.3729367,63.003246,0.6433497,-0.5694188,21.191334
1313,ship__p2__s6,taboo,28,1,0,0.84624976,0.82457095,0.8914912,108.601524,0.6494947,-0.5622568,22.386889
1314,ship__p2__s6,taboo,29,1,0,1.1052251,1.694591,1.150863,106.307495,0.6307043,-0.53237116,23.148874
1315,ship__p2__s7,taboo,0,1,0,2.5762377,4.889103,7.277712,120.40087,0.9295962,-0.6102327,18.700808
1316,ship__p2__s7,taboo,1,1,0,0.40576127,0.99244106,1.4651343,87.674805,0.85245097,-0.5794476,20.990292
1317,ship__p2__s7,taboo,2,1,1,1.0927136,2.167499,3.9025872,92.29132,0.8323502,-0.5720491,20.181873
1318,ship__p2__s7,taboo,3,1,0,0.85512155,1.1757088,2.2453208,93.09393,0.81058127,-0.5721292,21.107101
1319,ship__p2__s7,taboo,4,1,1,0.41897857,1.3791945,3.0647705,111.78003,0.7950005,-0.569055,20.492233
1320,ship__p2__s7,taboo,5,1,1,0.7871666,3.2529514,10.9332285,115.37253,0.8172961,-0.6104354,20.152485
1321,ship__p2__s7,taboo,6,1,0,2.8579416,5.3417764,7.128401,125.02601,0.7888106,-0.66200924,16.748215
1322,ship__p2__s7,taboo,7,1,0,0.48107243,1.0813483,1.8826259,111.09493,0.7330001,-0.5449569,22.273012
1323,ship__p3__s0,taboo,0,1,1,0.7523617,2.7645893,6.015826,144.56221,0.9169942,-0.6543678,16.842003
1324,ship__p3__s0,taboo,1,1,1,0.24081786,0.94789124,3.191985,114.47515,0.84575146,-0.6388337,18.495005
1325,ship__p3__s0,taboo,2,1,1,1.043652,2.7138746,4.431981,115.08015,0.8112432,-0.6386528,18.740387
1326,ship__p3__s0,taboo,3,1,1,0.98045135,2.7643466,4.450514,88.62756,0.794177,-0.660859,17.339275
1327,ship__p3__s0,taboo,4,1,1,1.1378087,3.0578,5.2662134,120.885254,0.7546095,-0.6417619,18.08089
1328,ship__p3__s0,taboo,5,1,1,0.0009781106,0.01218307,0.13684191,103.51982,0.75384283,-0.6464365,18.633554
1329,ship__p3__s0,taboo,6,1,1,2.4001148,4.804963,5.458606,122.43922,0.74635756,-0.6721804,14.987585
1330,ship__p3__s0,taboo,7,1,1,0.4119406,0.95257914,1.6461245,114.13749,0.68210995,-0.6000091,18.975494
1331,ship__p3__s0,taboo,8,1,1,1.868365,4.3290367,5.836313,125.28841,0.6962067,-0.6392772,16.667583
1332,ship__p3__s0,taboo,9,1,0,0.29140604,0.86089385,1.3121731,114.88261,0.65451145,-0.598695,18.917389
1333,ship__p3__s0,taboo,10,1,1,0.0092589045,0.06264247,0.35134923,114.62199,0.67098624,-0.60196185,20.193491
1334,ship__p3__s0,taboo,11,1,1,0.023435857,0.15184273,0.91556907,65.41674,0.62823087,-0.5710121,20.766191
1335,ship__p3__s0,taboo,12,1,1,2.1744614,4.1738815,5.393013,99.508705,0.67245513,-0.62093127,17.61335
1336,ship__p3__s0,taboo,13,1,1,1.1255916,1.7282579,1.8064227,98.9411,0.6775396,-0.62337327,19.014565
1337,ship__p3__s0,taboo,14,1,1,1.1135948,1.4463814,0.7845681,136.85843,0.6331666,-0.57560414,20.356604
1338,ship__p3__s0,taboo,15,1,1,0.8726973,1.363059,1.6824552,125.01587,0.64068204,-0.5894642,18.850132
1339,ship__p3__s0,taboo,16,1,1,1.494096,2.6578903,2.6370983,120.47131,0.66496575,-0.60640883,18.442028
1340,ship__p3__s0,taboo,17,1,1,0.33657858,0.97831166,1.5928597,112.74069,0.68775105,-0.5501512,22.778807
1341,ship__p3__s1,taboo,0,1,1,3.5889633,2.7124515,6.163196,142.56694,0.9188659,-0.68290323,15.54294
1342,ship__p3__s1,taboo,1,1,1,2.2712812,3.6701317,4.814296,110.02348,0.829156,-0.6959028,14.271239
1343,ship__p3__s1,taboo,2,1,1,0.3988518,1.6470691,4.619915,99.4253,0.7785762,-0.64831775,16.616484
1344,ship__p3__s1,taboo,3,1,1,0.013368259,0.09442397,0.5547784,83.56998,0.7720139,-0.61890006,18.56174
1345,ship__p3__s1,taboo,4,1,1,1.0168324,2.8778758,5.8065886,127.032616,0.78304005,-0.6100981,18.614956
1346,ship__p3__s1,taboo,5,1,1,0.5654914,1.8745023,4.7889605,105.618126,0.7492209,-0.61007154,19.088058
1347,ship__p3__s1,taboo,6,1,1,1.0366721,2.204629,3.8465118,110.73747,0.70413697,-0.6089699,19.002806
1348,ship__p3__s1,taboo,7,1,1,0.024805978,0.16758086,0.90161014,109.36301,0.70052636,-0.6110053,20.0749
1349,ship__p3__s1,taboo,8,1,1,2.501988,3.1825957,4.4963956,88.852516,0.72852725,-0.6601568,16.67487
1350,ship__p3__s1,taboo,9,1,1,3.7771974,3.1035986,4.8518515,145.05255,0.74546516,-0.68080366,16.439049
1351,ship__p3__s1,taboo,10,1,1,0.0015587573,0.013536497,0.09678608,161.95485,0.6606076,-0.606565,19.525436
1352,ship__p3__s1,taboo,11,1,1,0.7488917,2.7590504,5.9034324,101.46666,0.6551834,-0.59523225,19.427105
1353,ship__p3__s1,taboo,12,1,1,3.1705914,3.5401149,5.0813637,111.886986,0.6528226,-0.6039974,20.084185
1354,ship__p3__s1,taboo,13,1,1,2.5262723,3.6467736,5.18674,124.63196,0.65874994,-0.6065008,18.527496
1355,ship__p3__s1,taboo,14,1,1,0.032182217,0.1875293,0.8676602,100.32787,0.65245265,-0.6063277,20.028946
1356,ship__p3__s1,taboo,15,1,1,1.1088533,2.9777863,4.9010797,110.46672,0.67034924,-0.6267011,17.68937
1357,ship__p3__s1,taboo,16,1,1,1.7283964,1.0843267,2.1174312,105.433716,0.62380373,-0.5738626,21.250147
1358,ship__p3__s1,taboo,17,1,1,0.928624,2.2873983,4.4034505,106.78387,0.65538985,-0.6134414,17.895422
1359,ship__p3__s1,taboo,18,1,1,0.019615011,0.10522344,0.4159737,92.544655,0.65970284,-0.60911727,20.904512
1360,ship__p3__s1,taboo,19,1,1,0.0077612037,0.055567026,0.33485255,70.84515,0.6035541,-0.5664316,21.448854
1361,ship__p3__s1,taboo,20,1,1,0.6895616,1.7520143,3.5391421,55.384323,0.6093282,-0.57243025,20.406557
1362,ship__p3__s1,taboo,21,1,1,0.81217706,2.4894953,5.797689,128.27649,0.62815136,-0.5802726,20.074556
1363,ship__p3__s1,taboo,22,1,1,0.6925922,1.6521801,1.9386663,128.18329,0.66365856,-0.54153323,23.570007
1364,ship__p3__s2,taboo,0,1,0,2.5910685,2.7188761,6.1679163,132.8887,0.9243317,-0.6764183,16.413593
1365,ship__p3__s2,taboo,1,1,1,0.09827898,0.4086164,1.0557846,128.5416,0.86406964,-0.6068653,19.133762
1366,ship__p3__s2,taboo,2,1,1,0.6074376,2.2639067,5.0940685,140.69275,0.8476913,-0.64386976,17.34596
1367,ship__p3__s2,taboo,3,1,1,0.22640865,0.77256453,2.2380915,115.02223,0.813252,-0.6354925,18.746717
1368,ship__p3__s2,taboo,4,1,1,0.9887233,2.4423685,3.8808722,115.36317,0.7789287,-0.6368088,19.29468
1369,ship__p3__s2,taboo,5,1,1,0.9100419,2.6611013,4.282147,89.601555,0.7756783,-0.65883994,17.738247
1370,ship__p3__s2,taboo,6,1,1,2.902022,2.945015,4.9688587,133.61383,0.74925226,-0.64449704,18.714048
1371,ship__p3__s2,taboo,7,1,1,1.7259865,3.0139873,3.7549622,125.47516,0.7320421,-0.64721376,17.872377
1372,ship__p3__s2,taboo,8,1,1,0.0065430454,0.046338543,0.269897,113.23649,0.7340992,-0.64527476,18.652763
1373,ship__p3__s2,taboo,9,1,1,4.099177,4.171566,7.423789,90.91721,0.7441751,-0.67495674,16.673056
1374,ship__p3__s2,taboo,10,1,1,2.9414134,3.6720123,4.7586384,129.57991,0.68188757,-0.6255423,17.21675
1375,ship__p3__s2,taboo,11,1,1,1.2733107,1.380085,1.1383669,106.74278,0.65217096,-0.5776573,20.659473
1376,ship__p3__s2,taboo,12,1,1,1.4067385,3.999177,6.466315,95.63444,0.6590278,-0.5808703,20.056295
1377,ship__p3__s2,taboo,13,1,1,2.2914615,3.3401818,5.374982,135.93047,0.7010145,-0.609756,18.797556
1378,ship__p3__s2,taboo,14,1,1,1.5330172,1.4894251,1.1869063,108.88071,0.7554559,-0.67547506,18.889595
1379,ship__p3__s2,taboo,15,1,1,0.091211304,0.3764776,0.9111265,112.031456,0.67700285,-0.60832703,19.39111
1380,ship__p3__s2,taboo,16,1,1,0.15563472,0.71694225,2.3839202,128.27145,0.6611411,-0.59989,19.703829
1381,ship__p3__s2,taboo,17,1,1,0.3524692,1.8815656,7.2259946,120.710075,0.63891864,-0.5817501,22.06718
1382,ship__p3__s2,taboo,18,1,1,0.99458075,3.249573,6.714953,131.35846,0.64973587,-0.59643054,19.98962
1383,ship__p3__s2,taboo,19,1,1,1.7747365,3.398878,4.6599016,121.43831,0.6502025,-0.60624707,18.550627
1384,ship__p3__s2,taboo,20,1,1,1.4130937,1.4468627,2.67233,121.51025,0.6330539,-0.5949048,19.676424
1385,ship__p3__s2,taboo,21,1,1,0.48876584,2.1221023,6.20203,111.629074,0.65840113,-0.6247179,17.583054
1386,ship__p3__s2,taboo,22,1,1,0.42701173,0.845728,1.1281497,121.57737,0.6085233,-0.57181454,21.447975
1387,ship__p3__s2,taboo,23,1,1,0.45172858,1.8870759,5.716037,124.75356,0.63085955,-0.5992962,18.794596
1388,ship__p3__s2,taboo,24,1,1,0.008390178,0.058408648,0.33775318,104.6723,0.63525885,-0.5952777,21.917747
1389,ship__p3__s2,taboo,25,1,1,0.017282952,0.097063355,0.4358389,68.99725,0.5875961,-0.55830145,22.50004
1390,ship__p3__s2,taboo,26,1,1,1.204876,3.5191064,5.651506,65.38621,0.6037714,-0.5718231,21.144842
1391,ship__p3__s2,taboo,27,1,0,3.6387298,4.513606,6.017309,162.84613,0.6695881,-0.633067,17.85918
1392,ship__p3__s2,taboo,28,1,1,0.00005161629,0.0007131568,0.00884068,116.90865,0.68891567,-0.60733014,22.883896
1393,ship__p3__s2,taboo,29,1,1,0.00097418047,0.009918644,0.087903224,153.95184,0.5913576,-0.56260014,21.847643
1394,ship__p3__s3,taboo,0,1,1,3.3857965,2.7722569,5.9770107,144.51692,0.9389953,-0.6447711,17.30577
1395,ship__p3__s3,taboo,1,1,1,1.1035324,2.725049,4.7587686,117.31914,0.91649437,-0.70154184,18.304749
1396,ship__p3__s3,taboo,2,1,1,0.16711637,0.6105858,1.2463665,131.00577,0.8550678,-0.62706816,18.843342
1397,ship__p3__s3,taboo,3,1,1,0.50808483,2.4372454,7.483613,109.74624,0.8255371,-0.6038854,20.376461
1398,ship__p3__s3,taboo,4,1,1,0.01085201,0.067491256,0.34159043,86.54147,0.8141614,-0.6173284,19.653452
1399,ship__p3__s3,taboo,5,1,1,0.12364733,0.46791205,1.2768433,94.74751,0.7864652,-0.6409255,18.578442
1400,ship__p3__s3,taboo,6,1,1,0.17723244,1.1177601,5.3381004,103.539085,0.7665798,-0.643057,18.56979
1401,ship__p3__s3,taboo,7,1,1,1.5259882,3.8927732,5.7080207,114.84981,0.75404733,-0.65744287,17.848627
1402,ship__p3__s3,taboo,8,1,1,1.9090995,2.904614,4.041541,137.7823,0.7489954,-0.6735258,16.366875
1403,ship__p3__s3,taboo,9,1,1,0.6012138,1.8289523,4.0327888,115.73772,0.7116403,-0.65490687,16.628923
1404,ship__p3__s3,taboo,10,1,1,0.74127805,1.4737315,1.9891973,114.37496,0.6710108,-0.6034831,19.577997
1405,ship__p3__s3,taboo,11,1,1,1.6725719,3.2306492,5.5027165,106.680595,0.66917974,-0.59481835,19.094816
1406,ship__p3__s3,taboo,12,1,1,2.6103039,3.4300857,3.2393804,80.65974,0.67420393,-0.6177275,17.607595
1407,ship__p3__s3,taboo,13,1,1,3.481646,3.7525895,4.7792435,116.603325,0.6642246,-0.6166309,18.186373
1408,ship__p3__s3,taboo,14,1,1,0.9198478,2.6812139,6.249516,116.98426,0.64027137,-0.5952169,19.971958
1409,ship__p3__s3,taboo,15,1,0,3.0435603,4.816744,5.827615,160.69316,0.71291393,-0.65872633,16.7927
1410,ship__p3__s3,taboo,16,1,1,0.000176295,0.0021932684,0.024782639,117.444275,0.69317836,-0.6274504,20.767464
1411,ship__p3__s3,taboo,17,1,1,0.0011006495,0.0124459835,0.12644315,145.05548,0.63260865,-0.58640313,20.304646
1412,ship__p3__s3,taboo,18,1,1,1.3002441,3.4297206,5.165119,112.4352,0.6047504,-0.5552112,21.069891
1413,ship__p3__s3,taboo,19,1,1,2.275756,3.0223174,3.5681558,77.89389,0.60967463,-0.5517049,22.372908
1414,ship__p3__s3,taboo,20,1,1,0.5585973,2.5327458,7.803833,116.97117,0.6371012,-0.57155025,20.513376
1415,ship__p3__s3,taboo,21,1,1,0.44850922,1.1240311,1.2151438,107.65122,0.6697045,-0.539741,23.535604
1416,ship__p3__s4,taboo,0,1,1,0.71396327,2.712452,6.1631956,143.67686,0.9167621,-0.6541697,16.83434
1417,ship__p3__s4,taboo,1,1,1,0.26051697,0.9785754,3.1992493,113.86745,0.84567755,-0.6388586,18.470854
1418,ship__p3__s4,taboo,2,1,1,1.0723877,2.750673,4.4455194,114.84778,0.81142765,-0.63873076,18.731405
1419,ship__p3__s4,taboo,3,1,1,3.469842,2.7460654,4.4836597,91.608864,0.79429424,-0.6633853,16.85745
1420,ship__p3__s4,taboo,4,1,1,1.6039935,3.4767554,5.4862165,116.5409,0.7549211,-0.6370715,18.627033
1421,ship__p3__s4,taboo,5,1,1,2.2288363,1.7063494,2.218787,115.891396,0.74090797,-0.6324423,19.082605
1422,ship__p3__s4,taboo,6,1,1,0.1372823,0.7137008,3.0312035,103.15119,0.7538463,-0.6448772,20.145641
1423,ship__p3__s4,taboo,7,1,1,0.57836044,2.6148567,8.128773,135.26923,0.72961456,-0.63816684,17.128517
1424,ship__p3__s4,taboo,8,1,1,0.16238075,0.64431363,1.6746658,118.993935,0.71271473,-0.6253805,18.977415
1425,ship__p3__s4,taboo,9,1,1,2.5490997,4.692899,4.8294125,121.33316,0.7185658,-0.6528279,16.032969
1426,ship__p3__s4,taboo,10,1,1,1.3157858,2.1985068,2.0863993,115.547066,0.6504375,-0.58472174,19.671656
1427,ship__p3__s4,taboo,11,1,1,1.2792875,3.9834857,6.544606,122.05935,0.66726494,-0.60688955,18.269526
1428,ship__p3__s4,taboo,12,1,1,2.5262828,1.750709,2.5239124,134.68011,0.6942251,-0.5575481,22.067678
1429,ship__p3__s5,taboo,0,1,1,0.7523617,2.7645893,6.0158267,144.56221,0.9169942,-0.6543678,16.842003
1430,ship__p3__s5,taboo,1,1,1,0.24081786,0.94789124,3.1919847,114.47515,0.84575146,-0.6388337,18.495005
1431,ship__p3__s5,taboo,2,1,1,2.168652,2.7138746,4.4319806,115.500015,0.80997384,-0.6515424,17.84174
1432,ship__p3__s5,taboo,3,1,1,1.8378965,2.5320206,4.5988374,125.75709,0.765435,-0.6420878,18.05586
1433,ship__p3__s5,taboo,4,1,1,0.032036874,0.1829426,0.7723788,104.47749,0.76340723,-0.6397991,19.213593
1434,ship__p3__s5,taboo,5,1,1,1.5490376,2.6399312,4.6585736,97.53561,0.7530739,-0.6463145,18.187788
1435,ship__p3__s5,taboo,6,1,1,4.1866636,4.2141857,4.3155913,91.85588,0.7376844,-0.65096724,16.470861
1436,ship__p3__s5,taboo,7,1,1,2.7036324,3.5843368,5.7366204,69.21875,0.7125342,-0.6455816,16.912
1437,ship__p3__s5,taboo,8,1,1,1.2908908,2.9128425,5.006384,131.31264,0.68369186,-0.61927176,18.228495
1438,ship__p3__s5,taboo,9,1,1,1.4541563,2.4034238,4.085494,78.34392,0.65730804,-0.57483757,20.596144
1439,ship__p3__s5,taboo,10,1,1,1.2216593,2.7579002,5.3164024,113.71144,0.6432632,-0.5826486,20.296774
1440,ship__p3__s5,taboo,11,1,1,3.0704412,3.0440478,5.7965345,102.02297,0.6606578,-0.61283803,18.957144
1441,ship__p3__s5,taboo,12,1,1,0.362972,1.3675301,3.790073,127.49838,0.6296403,-0.5860944,19.139473
1442,ship__p3__s5,taboo,13,1,1,0.211989,1.1808007,4.7045336,104.897995,0.63222677,-0.5764701,21.438122
1443,ship__p3__s5,taboo,14,1,1,0.012065169,0.08543078,0.48815686,67.74956,0.6132898,-0.5545849,22.520548
1444,ship__p3__s5,taboo,15,1,1,0.1311396,0.6117077,2.1209056,52.807503,0.62432677,-0.5698348,20.540556
1445,ship__p3__s5,taboo,16,1,1,0.4365339,1.6278467,5.2583885,91.63472,0.6228364,-0.57332575,22.061888
1446,ship__p3__s5,taboo,17,1,1,0.73595166,2.6467915,7.61913,89.316124,0.6385221,-0.591053,19.31664
1447,ship__p3__s5,taboo,18,1,1,2.6553779,3.324081,4.926873,124.03344,0.6321912,-0.5781173,19.61418
1448,ship__p3__s5,taboo,19,1,1,1.2506837,2.4794357,3.492668,146.07947,0.6877045,-0.5499729,22.63408
1449,ship__p3__s6,taboo,0,1,0,3.0534334,2.6456594,6.20504,141.55898,0.92407316,-0.63383913,17.36188
1450,ship__p3__s6,taboo,1,1,1,0.031163456,0.2278674,1.4364038,134.13078,0.85506266,-0.6322273,19.406519
1451,ship__p3__s6,taboo,2,1,1,0.85352004,2.6190262,5.095019,121.9713,0.8215621,-0.62560713,19.366873
1452,ship__p3__s6,taboo,3,1,1,1.5553725,2.8830652,3.7552195,97.89033,0.79215515,-0.6444144,17.806019
1453,ship__p3__s6,taboo,4,1,1,0.3035249,1.4881005,5.811043,96.15035,0.76961625,-0.64802057,18.360245
1454,ship__p3__s6,taboo,5,1,1,1.6814729,4.194273,6.3189106,117.33592,0.7512697,-0.65442955,17.788265
1455,ship__p3__s6,taboo,6,1,1,1.1785847,2.8839006,4.4609346,132.84348,0.7435056,-0.6521977,18.36976
1456,ship__p3__s6,taboo,7,1,1,4.7166147,4.3766193,4.7235255,124.40177,0.73323065,-0.6614647,16.258095
1457,ship__p3__s6,taboo,8,1,1,0.16246182,0.78784466,2.696521,111.04471,0.6931773,-0.6280853,17.996588
1458,ship__p3__s6,taboo,9,1,1,0.2761524,1.1776828,4.026912,113.04987,0.6952348,-0.63785267,16.894945
1459,ship__p3__s6,taboo,10,1,1,0.9320475,0.88865995,1.084061,123.11431,0.634194,-0.5817467,20.05695
1460,ship__p3__s6,taboo,11,1,1,1.803354,2.3839931,4.7700815,109.85466,0.6474719,-0.59430516,19.102148
1461,ship__p3__s6,taboo,12,1,1,0.3839885,1.15185,2.2835925,112.19926,0.6509466,-0.5773282,20.464369
1462,ship__p3__s6,taboo,13,1,1,0.3730227,1.8170524,6.215267,85.34827,0.65491676,-0.57525307,20.384327
1463,ship__p3__s6,taboo,14,1,1,1.3907639,3.3358605,5.1127186,97.70013,0.66464174,-0.6007939,19.965012
1464,ship__p3__s6,taboo,15,1,1,1.2027926,2.6618288,3.9914978,120.32778,0.75499034,-0.6693176,19.504513
1465,ship__p3__s6,taboo,16,1,1,0.0003034608,0.003501426,0.037411466,123.4871,0.65431255,-0.579827,20.715916
1466,ship__p3__s6,taboo,17,1,1,1.0310936,2.6680696,4.8390255,82.31862,0.662427,-0.60594016,19.749697
1467,ship__p3__s6,taboo,18,1,1,1.8896004,3.694321,4.093174,125.71062,0.6606505,-0.59937656,20.17693
1468,ship__p3__s6,taboo,19,1,1,0.00062243635,0.008297227,0.0994038,97.28988,0.6467782,-0.59808254,20.814789
1469,ship__p3__s6,taboo,20,1,1,2.9635215,4.296516,5.0066,109.0849,0.66630346,-0.61794823,20.058146
1470,ship__p3__s6,taboo,21,1,1,2.1146986,3.3125198,4.622629,123.00748,0.67255646,-0.62826794,18.509443
1471,ship__p3__s6,taboo,22,1,1,0.29548576,0.85722065,1.6111612,114.889,0.6448684,-0.59028155,20.878748
1472,ship__p3__s6,taboo,23,1,1,0.9703277,1.5911739,1.0448495,119.118904,0.6663897,-0.5441987,23.19954
1473,ship__p3__s7,taboo,0,1,0,3.0534334,2.6456594,6.20504,141.55898,0.92407316,-0.63383913,17.36188
1474,ship__p3__s7,taboo,1,1,1,0.031163456,0.2278674,1.4364038,134.13078,0.85506266,-0.6322273,19.406519
1475,ship__p3__s7,taboo,2,1,1,0.85352004,2.6190262,5.095019,121.9713,0.8215621,-0.62560713,19.366873
1476,ship__p3__s7,taboo,3,1,1,1.6803725,2.8830652,3.7552195,99.97477,0.8044397,-0.66435754,17.239143
1477,ship__p3__s7,taboo,4,1,1,1.7080859,3.691679,4.4749794,124.462555,0.76118803,-0.6444844,18.267725
1478,ship__p3__s7,taboo,5,1,1,0.000964653,0.012204481,0.13899603,103.26271,0.75381565,-0.6441511,18.833347
1479,ship__p3__s7,taboo,6,1,1,3.3606,4.9381585,5.461061,108.782455,0.7534974,-0.6724632,15.787547
1480,ship__p3__s7,taboo,7,1,1,0.7367041,2.4012952,4.9346476,81.70245,0.7137924,-0.6478494,17.214413
1481,ship__p3__s7,taboo,8,1,1,0.5887236,1.9549203,4.4034414,132.74057,0.7442623,-0.67488813,16.95651
1482,ship__p3__s7,taboo,9,1,1,0.00003421248,0.0005105088,0.006773621,127.80561,0.6520898,-0.58938015,19.991453
1483,ship__p3__s7,taboo,10,1,1,0.6933898,1.0260212,1.4239764,113.93737,0.6628043,-0.58061147,20.322496
1484,ship__p3__s7,taboo,11,1,1,1.3721049,3.9984972,7.7873554,84.8393,0.6700217,-0.58014053,20.209513
1485,ship__p3__s7,taboo,12,1,1,1.7791221,3.8065014,4.622081,118.89174,0.6812513,-0.60827136,18.03305
1486,ship__p3__s7,taboo,13,1,1,4.3554497,4.32259,5.180091,113.953926,0.685737,-0.6183244,18.34954
1487,ship__p3__s7,taboo,14,1,1,0.6587204,1.9620602,4.4447026,127.901115,0.66458154,-0.602966,19.784496
1488,ship__p3__s7,taboo,15,1,1,0.17497723,0.84509224,2.950578,110.28656,0.6423196,-0.57671064,21.3256
1489,ship__p3__s7,taboo,16,1,1,0.23005274,1.3378196,5.5897555,106.165245,0.66599005,-0.6073203,20.455103
1490,ship__p3__s7,taboo,17,1,1,2.141326,3.112723,3.100034,123.98046,0.6714828,-0.6186369,18.75035
1491,ship__p3__s7,taboo,18,1,1,1.4453425,2.3876827,4.2972536,86.73019,0.6496997,-0.6067444,18.80274
1492,ship__p3__s7,taboo,19,1,1,1.3548917,2.2779727,1.6679652,109.01115,0.62215894,-0.57736844,20.467798
1493,ship__p3__s7,taboo,20,1,1,0.022878965,0.17740682,1.1949713,109.5617,0.6174803,-0.5788914,21.136616
1494,ship__p3__s7,taboo,21,1,1,0.705849,1.7070571,2.7730575,101.796814,0.61537737,-0.58002263,20.133993
1495,ship__p3__s7,taboo,22,1,1,0.87048817,2.2841516,3.0632067,106.542915,0.6353208,-0.58068156,21.039692
1496,ship__p3__s7,taboo,23,1,1,0.23912951,1.0124757,3.2740788,132.35039,0.66842496,-0.54515874,22.944307
1497,snow__p0__s0,taboo,0,1,0,0.4525096,2.0630245,8.439034,129.58028,0.9254296,-0.646037,16.315401
1498,snow__p0__s0,taboo,1,1,0,1.0926372,1.7722421,1.9150836,99.404724,0.84974784,-0.637415,16.865551
1499,snow__p0__s0,taboo,2,1,0,0.36255416,0.710573,0.7910305,103.46311,0.8754109,-0.6321509,20.288385
1500,snow__p0__s0,taboo,3,1,0,0.00014077626,0.001973284,0.02515898,118.37471,0.8152731,-0.6215,18.644238
1501,snow__p0__s0,taboo,4,1,0,0.21717456,0.9062635,2.5190005,112.63251,0.7812683,-0.58707094,20.09562
1502,snow__p0__s0,taboo,5,1,0,0.5492295,0.8273542,0.7327949,88.656425,0.74485064,-0.5704092,21.197433
1503,snow__p0__s0,taboo,6,1,0,0.04922338,0.2819572,1.4012032,81.65319,0.7259134,-0.5378783,22.968575
1504,snow__p0__s0,taboo,7,1,0,0.042308584,0.24577032,1.2294605,89.590195,0.70747924,-0.54942614,22.828316
1505,snow__p0__s0,taboo,8,1,0,0.19026162,0.7559474,2.20627,65.654755,0.68843156,-0.5678133,20.555433
1506,snow__p0__s0,taboo,9,1,0,0.33483958,1.192833,2.3899512,90.373985,0.70476496,-0.5576155,21.164434
1507,snow__p0__s0,taboo,10,1,0,0.23562032,0.72116566,1.3850745,113.57398,0.697402,-0.57326335,20.401134
1508,snow__p0__s0,taboo,11,1,0,0.14615768,0.7887037,3.2326207,121.68069,0.70515615,-0.59463894,19.749222
1509,snow__p0__s0,taboo,12,1,0,0.5559634,0.88402534,1.0704634,106.516624,0.681594,-0.58628845,20.355223
1510,snow__p0__s0,taboo,13,1,0,0.753939,1.5640829,2.142535,115.98065,0.6921714,-0.586639,20.718128
1511,snow__p0__s0,taboo,14,1,0,0.003374717,0.02832605,0.19669963,63.346943,0.6951035,-0.58825004,21.763788
1512,snow__p0__s0,taboo,15,1,0,0.023899911,0.16817075,0.9204976,84.95094,0.7007058,-0.5827226,22.06182
1513,snow__p0__s0,taboo,16,1,0,0.54072917,1.1390095,1.7642806,117.98508,0.67984796,-0.58073926,21.291773
1514,snow__p0__s0,taboo,17,1,0,1.3561672,1.9077435,1.017572,121.5483,0.6721118,-0.53663063,21.677025
1515,snow__p0__s0,taboo,18,1,0,1.3743627,2.6936998,2.9268003,118.10646,0.712052,-0.6285386,17.66597
1516,snow__p0__s0,taboo,19,1,0,0.00076860446,0.0076515093,0.06746652,84.51901,0.68709993,-0.61935043,19.58492
1517,snow__p0__s0,taboo,20,1,0,0.002755775,0.026354745,0.21548231,120.31297,0.6593779,-0.59837264,20.448242
1518,snow__p0__s0,taboo,21,1,1,0.3794626,1.1465148,1.6939913,101.55923,0.6593146,-0.58723474,21.528402
1519,snow__p0__s0,taboo,22,1,0,0.12413,0.7332042,3.430366,117.27354,0.6504376,-0.5720633,22.052631
1520,snow__p0__s0,taboo,23,1,0,0.74554926,1.1017958,0.94737613,118.60173,0.6270373,-0.5611351,22.305798
1521,snow__p0__s0,taboo,24,1,0,0.007249597,0.06208758,0.43905777,80.68678,0.63060975,-0.5759468,21.603474
1522,snow__p0__s0,taboo,25,1,0,0.01066143,0.07796596,0.47228175,66.28257,0.6428821,-0.566296,23.06855
1523,snow__p0__s0,taboo,26,1,0,0.016139103,0.115864575,0.68409514,112.64388,0.6404198,-0.55410886,23.298761
1524,snow__p0__s0,taboo,27,1,0,0.9195455,1.2380134,0.6834954,70.445625,0.64718527,-0.55394274,23.561865
1525,snow__p0__s0,taboo,28,1,0,0.06863507,0.2856527,0.8605611,111.196075,0.63888425,-0.52728033,23.695183
1526,snow__p0__s1,taboo,0,1,0,0.41613987,1.9784474,8.388979,129.50833,0.9255994,-0.6459334,16.326777
1527,snow__p0__s1,taboo,1,1,0,1.1137471,1.800134,1.9195902,99.832634,0.84998274,-0.6377941,16.851171
1528,snow__p0__s1,taboo,2,1,0,0.36371627,0.7180255,0.8281479,102.72805,0.8754162,-0.63246834,20.278143
1529,snow__p0__s1,taboo,3,1,0,0.00016926287,0.0023380998,0.02944769,117.93866,0.8156011,-0.6216173,18.631977
1530,snow__p0__s1,taboo,4,1,0,0.2263924,0.9298214,2.520019,112.44199,0.7812246,-0.58697844,20.099958
1531,snow__p0__s1,taboo,5,1,0,0.54985505,0.8301155,0.73947436,88.82567,0.7447401,-0.5700484,21.20702
1532,snow__p0__s1,taboo,6,1,0,0.050065298,0.28837982,1.4408522,82.163734,0.72567767,-0.5375961,22.974579
1533,snow__p0__s1,taboo,7,1,0,0.038237635,0.22836567,1.1717381,89.53827,0.70742404,-0.54943943,22.830305
1534,snow__p0__s1,taboo,8,1,0,0.18997686,0.7548366,2.2054622,65.60064,0.6884365,-0.56806934,20.535467
1535,snow__p0__s1,taboo,9,1,0,0.33386546,1.18855,2.3810937,91.08152,0.7051612,-0.5580043,21.144783
1536,snow__p0__s1,taboo,10,1,0,0.23647714,0.72570664,1.4024312,113.90118,0.6976854,-0.5732504,20.405294
1537,snow__p0__s1,taboo,11,1,0,0.16203927,0.8484617,3.354564,121.56151,0.70570755,-0.59487593,19.734959
1538,snow__p0__s1,taboo,12,1,0,0.5560428,0.8844868,1.0720258,107.178024,0.68198144,-0.586563,20.3497
1539,snow__p0__s1,taboo,13,1,0,2.2309284,1.5269064,2.1339436,102.59789,0.6845622,-0.59694237,19.484875
1540,snow__p0__s1,taboo,14,1,0,0.04510693,0.2871497,1.4327753,90.76456,0.69156533,-0.59207535,21.047596
1541,snow__p0__s1,taboo,15,1,0,0.20097631,1.0543268,3.716117,107.26323,0.66768694,-0.5751137,21.025566
1542,snow__p0__s1,taboo,16,1,0,0.084670946,0.41363737,1.4623116,74.55758,0.6473727,-0.5526009,22.813395
1543,snow__p0__s1,taboo,17,1,0,1.5987499,1.4512165,1.6481904,105.23276,0.6451944,-0.56905067,20.645239
1544,snow__p0__s1,taboo,18,1,0,2.0421572,0.95997447,2.0959737,100.61965,0.6648425,-0.58223295,20.596409
1545,snow__p0__s1,taboo,19,1,0,0.55169857,1.3005528,1.7982248,79.85073,0.69122463,-0.5927541,21.568096
1546,snow__p0__s1,taboo,20,1,0,0.54342556,1.2798544,2.5691009,120.68671,0.66645545,-0.57582104,21.759624
1547,snow__p0__s1,taboo,21,1,0,0.8205695,1.7860286,1.6337364,115.22351,0.6494868,-0.5295357,22.039484
1548,snow__p0__s1,taboo,22,1,0,0.295685,1.2801279,3.6682572,111.19576,0.69705564,-0.6222493,18.168034
1549,snow__p0__s1,taboo,23,1,0,0.00078992633,0.007509843,0.062186554,81.141655,0.6713511,-0.61325336,19.816622
1550,snow__p0__s1,taboo,24,1,0,0.0015113847,0.015923206,0.14474663,114.96782,0.6409857,-0.58687013,21.068825
1551,snow__p0__s1,taboo,25,1,0,0.514593,1.114585,1.1782776,102.098495,0.6408307,-0.57829756,22.021976
1552,snow__p0__s1,taboo,26,1,0,0.10593471,0.58907855,2.6636205,117.335884,0.6315439,-0.5631801,22.718504
1553,snow__p0__s1,taboo,27,1,0,0.8852043,1.3228139,0.7734505,123.394516,0.6139211,-0.5553123,22.9509
1554,snow__p0__s1,taboo,28,1,0,0.705885,1.7468588,2.873847,122.073265,0.6276308,-0.5836768,21.492182
1555,snow__p0__s1,taboo,29,1,0,0.2234195,0.68786347,1.0673093,74.48889,0.6257229,-0.5790175,22.969566
1556,snow__p0__s2,taboo,0,1,0,0.44768077,2.0375247,8.372646,129.857,0.9257398,-0.64624155,16.320435
1557,snow__p0__s2,taboo,1,1,1,1.1109043,1.7915164,1.911332,101.55758,0.9072345,-0.641893,19.993694
1558,snow__p0__s2,taboo,2,1,0,0.024260202,0.13714716,0.6070802,116.66272,0.84017336,-0.6354595,17.772545
1559,snow__p0__s2,taboo,3,1,0,0.15762392,0.71785325,2.6173136,117.74227,0.8215821,-0.6482075,17.320469
1560,snow__p0__s2,taboo,4,1,0,0.026337719,0.16566847,0.79444575,78.368904,0.7875498,-0.58665794,19.94259
1561,snow__p0__s2,taboo,5,1,0,0.13099322,0.40539405,0.7690004,64.92592,0.7554382,-0.59576976,19.461372
1562,snow__p0__s2,taboo,6,1,0,0.068921074,0.42628342,2.0475223,112.450386,0.7569411,-0.61400497,19.369244
1563,snow__p0__s2,taboo,7,1,0,0.13162161,0.50888586,1.2986672,96.00984,0.7421842,-0.6076514,19.169369
1564,snow__p0__s2,taboo,8,1,0,0.019762754,0.11117449,0.45791793,99.80318,0.8194819,-0.60664034,21.986338
1565,snow__p0__s2,taboo,9,1,0,0.00017343447,0.0021052444,0.023291893,116.22101,0.73663557,-0.59970224,20.9183
1566,snow__p0__s2,taboo,10,1,0,0.1453583,0.67544425,2.1585183,112.29895,0.7390901,-0.5754542,21.2893
1567,snow__p0__s2,taboo,11,1,0,0.53499454,0.7592234,0.5068062,89.066055,0.7149242,-0.5626289,22.126219
1568,snow__p0__s2,taboo,12,1,0,0.021462446,0.15069784,0.9194548,82.45795,0.7051895,-0.53147644,23.76067
1569,snow__p0__s2,taboo,13,1,0,0.010604224,0.08814993,0.6386838,98.89464,0.68407595,-0.54151833,23.686367
1570,snow__p0__s2,taboo,14,1,0,0.18395154,0.7967748,2.3182857,66.001,0.6617909,-0.56034005,21.295607
1571,snow__p0__s2,taboo,15,1,0,0.8519405,1.2845606,1.4336135,124.768524,0.67075294,-0.5459019,22.258307
1572,snow__p0__s2,taboo,16,1,0,0.19728832,0.980674,3.3034382,110.5262,0.68818504,-0.59524834,18.810019
1573,snow__p0__s2,taboo,17,1,0,0.0004258441,0.004653743,0.044273015,81.37439,0.6825307,-0.56889653,21.891832
1574,snow__p0__s2,taboo,18,1,0,1.837772,0.6839318,1.7129761,86.28337,0.6913316,-0.6043632,19.27235
1575,snow__p0__s2,taboo,19,1,0,0.0018656721,0.018968483,0.16503337,105.92404,0.69783604,-0.6120136,20.48226
1576,snow__p0__s2,taboo,20,1,0,0.16948646,0.80992365,2.5680976,108.365204,0.7301777,-0.6289644,21.58488
1577,snow__p0__s2,taboo,21,1,0,0.011815799,0.06821217,0.2910963,108.97542,0.6851965,-0.6069144,21.03104
1578,snow__p0__s2,taboo,22,1,0,0.0015757775,0.016230509,0.1453836,120.769844,0.6430407,-0.5851568,21.321495
1579,snow__p0__s2,taboo,23,1,0,0.43745843,1.008874,0.94943184,116.72349,0.65912336,-0.58772606,21.971338
1580,snow__p0__s2,taboo,24,1,0,1.1025852,1.5840576,1.4157495,139.4781,0.67108715,-0.58839047,21.207914
1581,snow__p0__s2,taboo,25,1,0,1.493299,1.1961917,1.5698551,97.97772,0.66802704,-0.5796844,22.352652
1582,snow__p0__s2,taboo,26,1,0,1.310029,1.1550093,1.0053738,113.94981,0.6465033,-0.57139075,22.29718
1583,snow__p0__s2,taboo,27,1,0,0.28416526,0.89204884,1.8240871,118.23551,0.6069375,-0.54795694,22.780481
1584,snow__p0__s2,taboo,28,1,0,0.20325816,0.748531,1.7713804,114.89473,0.63434106,-0.57367814,21.67382
1585,snow__p0__s2,taboo,29,1,0,0.28831124,0.60896707,0.5351963,108.116325,0.61865664,-0.57014275,22.07651
1586,snow__p0__s3,taboo,0,1,0,0.4551695,2.0836205,8.569041,129.34099,0.9256173,-0.6459683,16.324974
1587,snow__p0__s3,taboo,1,1,0,1.1126404,1.7950132,1.9047724,100.19153,0.8499806,-0.6378032,16.859095
1588,snow__p0__s3,taboo,2,1,0,0.36364767,0.7172369,0.8201436,103.601616,0.87544864,-0.63251245,20.27396
1589,snow__p0__s3,taboo,3,1,0,0.00017641419,0.0024228017,0.030309198,118.148735,0.8157424,-0.62186503,18.6229
1590,snow__p0__s3,taboo,4,1,0,0.2236625,0.922209,2.5206795,112.51773,0.7815652,-0.587132,20.081486
1591,snow__p0__s3,taboo,5,1,0,0.5020913,0.8232287,0.78457206,88.59459,0.74499184,-0.5704779,21.193192
1592,snow__p0__s3,taboo,6,1,0,0.049542442,0.2837657,1.4074202,81.78223,0.7258912,-0.53797555,22.963146
1593,snow__p0__s3,taboo,7,1,0,0.038200345,0.22762778,1.163244,89.54441,0.70769805,-0.5494484,22.829535
1594,snow__p0__s3,taboo,8,1,0,0.2090654,0.7924992,2.1908069,65.696014,0.6886667,-0.5679519,20.545372
1595,snow__p0__s3,taboo,9,1,0,0.3379006,1.2047272,2.406995,91.022964,0.70535475,-0.5582209,21.131956
1596,snow__p0__s3,taboo,10,1,0,1.7641084,0.7740976,1.4155903,110.78162,0.68965423,-0.5769863,20.365114
1597,snow__p0__s3,taboo,11,1,0,0.82035184,1.699413,1.7657174,90.51413,0.6922473,-0.58405924,20.996225
1598,snow__p0__s3,taboo,12,1,0,1.7934141,1.3714095,1.7719386,100.219574,0.68500775,-0.57494843,21.524685
1599,snow__p0__s3,taboo,13,1,0,2.3329384,2.9587,2.7510674,116.69097,0.6895255,-0.5657721,22.870552
1600,snow__p0__s3,taboo,14,1,0,0.41428566,1.7744213,5.3918834,96.84065,0.68833303,-0.5704205,23.1211
1601,snow__p0__s3,taboo,15,1,0,0.77793545,2.7844656,5.4935856,101.03464,0.6717963,-0.52654636,24.790222
1602,snow__p0__s3,taboo,16,1,0,0.11927347,0.44455525,1.1949162,87.56133,0.6550687,-0.5294964,24.71319
1603,snow__p0__s3,taboo,17,1,0,2.3413699,2.230124,2.4450116,80.790726,0.6322034,-0.5329397,23.298117
1604,snow__p0__s3,taboo,18,1,0,0.23591894,0.80139244,1.7484343,115.78911,0.65626794,-0.53984416,22.829664
1605,snow__p0__s3,taboo,19,1,0,0.30920196,1.3100414,3.601571,111.03291,0.6854805,-0.59092647,18.98524
1606,snow__p0__s3,taboo,20,1,0,0.0010787388,0.010373679,0.08660017,76.231674,0.6777571,-0.56377494,21.728436
1607,snow__p0__s3,taboo,21,1,0,0.13482173,0.6282562,2.3873992,120.84871,0.67580456,-0.5885219,20.560385
1608,snow__p0__s3,taboo,22,1,1,0.5698153,0.9209042,1.0085828,105.141396,0.77028596,-0.6400734,21.008213
1609,snow__p0__s3,taboo,23,1,0,0.8331302,0.7285434,0.22635397,119.88336,0.6622978,-0.58910686,20.089462
1610,snow__p0__s3,taboo,24,1,0,0.076153,0.4155945,1.6643546,109.871,0.6626995,-0.5944411,20.653725
1611,snow__p0__s3,taboo,25,1,0,0.00042739316,0.00435673,0.038993504,100.479095,0.6581565,-0.58240163,21.354528
1612,snow__p0__s3,taboo,26,1,0,1.9196899,1.8165867,1.1607282,112.16319,0.65204966,-0.57185686,21.568886
1613,snow__p0__s3,taboo,27,1,0,1.5568492,1.1206491,1.6231036,71.11825,0.649707,-0.57349193,22.58018
1614,snow__p0__s3,taboo,28,1,0,0.0031390938,0.025187863,0.17115156,65.68059,0.64557743,-0.562856,22.924042
1615,snow__p0__s3,taboo,29,1,0,0.062486928,0.35760117,1.5103277,78.43281,0.6488373,-0.56036204,22.989779
1616,snow__p0__s4,taboo,0,1,0,0.44768077,2.0375247,8.372646,129.857,0.9257398,-0.64624155,16.320435
1617,snow__p0__s4,taboo,1,1,1,2.1109042,1.7915164,1.911332,102.64154,0.9091543,-0.6464534,19.438732
1618,snow__p0__s4,taboo,2,1,0,0.026737988,0.14720044,0.6330227,116.58541,0.8387374,-0.63512045,17.484322
1619,snow__p0__s4,taboo,3,1,0,0.1685886,0.7446254,2.6628084,115.873535,0.82003427,-0.6493099,17.190178
1620,snow__p0__s4,taboo,4,1,0,0.027991507,0.17478174,0.82005477,77.77269,0.7887975,-0.58935857,19.785034
1621,snow__p0__s4,taboo,5,1,0,0.14767793,0.43982384,0.8087793,62.56678,0.7549591,-0.59723294,19.463463
1622,snow__p0__s4,taboo,6,1,0,0.077122994,0.47165132,2.2344346,112.59338,0.7568223,-0.6152236,19.200655
1623,snow__p0__s4,taboo,7,1,0,0.137503,0.5317372,1.3452845,93.72037,0.7402713,-0.60916317,19.094294
1624,snow__p0__s4,taboo,8,1,0,0.08206872,0.29407644,0.60734636,99.20764,0.8218274,-0.6128803,22.017054
1625,snow__p0__s4,taboo,9,1,0,0.00019846378,0.002298681,0.024227107,117.26927,0.734869,-0.5994346,20.75767
1626,snow__p0__s4,taboo,10,1,0,0.15444274,0.7083306,2.222651,113.024055,0.7388403,-0.5765932,21.20477
1627,snow__p0__s4,taboo,11,1,0,0.53745496,0.77333844,0.56594884,89.66421,0.7142479,-0.5624927,22.176935
1628,snow__p0__s4,taboo,12,1,0,0.023467414,0.16132772,0.9635605,82.2887,0.7044854,-0.53247297,23.699314
1629,snow__p0__s4,taboo,13,1,0,0.012317893,0.102156475,0.7393305,98.41171,0.68476707,-0.5433968,23.68211
1630,snow__p0__s4,taboo,14,1,0,0.24197781,0.9693575,2.4909668,64.817085,0.6622674,-0.5616458,21.228804
1631,snow__p0__s4,taboo,15,1,0,0.9543157,1.3497505,1.4138769,85.63991,0.6593278,-0.5430685,22.357376
1632,snow__p0__s4,taboo,16,1,0,0.10367826,0.48559704,1.5674782,101.474915,0.67001224,-0.57142633,20.87884
1633,snow__p0__s4,taboo,17,1,0,2.5650156,1.6348975,1.9098101,108.88426,0.67792505,-0.552633,23.08952
1634,snow__p0__s4,taboo,18,1,0,0.8365016,2.0289326,3.966128,96.05183,0.6875361,-0.5595479,23.691534
1635,snow__p0__s4,taboo,19,1,0,0.13878818,0.8168508,3.8383718,102.22955,0.66747093,-0.52842057,24.786945
1636,snow__p0__s4,taboo,20,1,0,0.100257695,0.37852493,1.0203104,85.78401,0.64493686,-0.5215486,25.33415
1637,snow__p0__s4,taboo,21,1,0,1.5210088,1.757051,2.0733774,81.550385,0.6315654,-0.5330391,23.286924
1638,snow__p0__s4,taboo,22,1,0,0.09264906,0.39357862,1.1630387,119.607635,0.6434145,-0.540913,23.06375
1639,snow__p0__s4,taboo,23,1,0,0.28426298,1.2575481,3.5377707,111.85481,0.6721867,-0.5917653,19.221008
1640,snow__p0__s4,taboo,24,1,0,0.0006298227,0.0063996436,0.055924725,77.53121,0.66359603,-0.563897,22.195824
1641,snow__p0__s4,taboo,25,1,0,0.15383364,0.5638094,1.5903666,121.16408,0.6619593,-0.58563375,20.959055
1642,snow__p0__s4,taboo,26,1,1,0.5150918,0.95946616,0.8667252,108.10257,0.75525445,-0.6399863,21.207434
1643,snow__p0__s4,taboo,27,1,0,1.3176954,0.61168617,0.3583491,121.54393,0.6396381,-0.5804658,21.255848
1644,snow__p0__s4,taboo,28,1,0,0.037630834,0.23516527,1.1122868,114.91648,0.6492063,-0.5928327,21.159176
1645,snow__p0__s4,taboo,29,1,0,0.0002122892,0.0023442374,0.02282456,104.917496,0.6495518,-0.58176076,21.653831
1646,snow__p0__s5,taboo,0,1,0,0.41613987,1.9784474,8.388979,129.50833,0.9255994,-0.6459334,16.326777
1647,snow__p0__s5,taboo,1,1,1,2.1137471,1.800134,1.9195902,102.6022,0.90913665,-0.6460575,19.450535
1648,snow__p0__s5,taboo,2,1,0,0.024271255,0.1375024,0.6147711,116.28346,0.83889395,-0.63541234,17.470581
1649,snow__p0__s5,taboo,3,1,0,0.15686768,0.7180027,2.6498716,115.78247,0.82012016,-0.64948386,17.18249
1650,snow__p0__s5,taboo,4,1,0,0.030344553,0.18547282,0.84802663,77.91428,0.78860384,-0.5892006,19.77774
1651,snow__p0__s5,taboo,5,1,0,0.14750102,0.4379795,0.79168427,62.969845,0.7549857,-0.59735197,19.470161
1652,snow__p0__s5,taboo,6,1,0,0.073833905,0.45677406,2.1943822,112.54097,0.7566154,-0.61532503,19.194218
1653,snow__p0__s5,taboo,7,1,0,0.14252293,0.5468284,1.355528,93.62994,0.7396398,-0.6089685,19.08127
1654,snow__p0__s5,taboo,8,1,0,0.08205049,0.2939059,0.6060767,98.940125,0.8217226,-0.61253744,22.019358
1655,snow__p0__s5,taboo,9,1,0,0.00019894051,0.0023044553,0.024266044,117.1114,0.7350549,-0.59979296,20.749298
1656,snow__p0__s5,taboo,10,1,0,0.15221687,0.7017907,2.2214088,112.73395,0.738715,-0.5766437,21.206526
1657,snow__p0__s5,taboo,11,1,0,0.5387658,0.7806381,0.5963956,89.38251,0.7140388,-0.5624286,22.179317
1658,snow__p0__s5,taboo,12,1,0,0.023631936,0.16218798,0.96504,82.39724,0.7042219,-0.5321499,23.719307
1659,snow__p0__s5,taboo,13,1,0,0.011610673,0.097254686,0.70869404,98.314415,0.68476444,-0.54375553,23.659536
1660,snow__p0__s5,taboo,14,1,0,0.23696946,0.9514317,2.4646568,64.594894,0.6621826,-0.5613153,21.240608
1661,snow__p0__s5,taboo,15,1,0,0.82773304,1.3441656,1.4080166,125.43576,0.6698191,-0.54625297,22.20409
1662,snow__p0__s5,taboo,16,1,0,0.22633326,1.1003366,3.5656552,111.14854,0.68728375,-0.5958102,18.798506
1663,snow__p0__s5,taboo,17,1,0,0.00046206763,0.0049949163,0.04690914,79.807724,0.6814586,-0.56986725,21.868233
1664,snow__p0__s5,taboo,18,1,0,0.21870074,0.7195122,1.8687037,122.96303,0.6717811,-0.587564,20.779886
1665,snow__p0__s5,taboo,19,1,0,0.96575356,0.9538875,0.8656553,108.45766,0.65589905,-0.58076394,21.372396
1666,snow__p0__s5,taboo,20,1,0,0.9254072,1.576287,1.8355415,117.077934,0.6659386,-0.583922,20.501045
1667,snow__p0__s5,taboo,21,1,0,1.4435129,0.7636042,1.0748031,89.21483,0.6803925,-0.57860434,21.899723
1668,snow__p0__s5,taboo,22,1,0,0.64085674,1.2185419,1.8027521,66.28042,0.6518672,-0.5777466,20.722204
1669,snow__p0__s5,taboo,23,1,0,1.4387268,0.76157296,1.3832179,112.49818,0.6619639,-0.5736389,21.445032
1670,snow__p0__s5,taboo,24,1,0,1.0085362,1.7843603,1.306423,122.51138,0.62109715,-0.5538819,22.158525
1671,snow__p0__s5,taboo,25,1,0,1.6094978,2.0812187,1.6228795,106.133896,0.6467681,-0.5848691,20.4531
1672,snow__p0__s5,taboo,26,1,0,0.090145856,0.30367133,0.554306,86.26958,0.6464211,-0.57012814,22.563656
1673,snow__p0__s5,taboo,27,1,0,1.7613926,2.0096183,1.248388,107.088036,0.6330261,-0.5666357,22.231745
1674,snow__p0__s5,taboo,28,1,0,1.056885,1.2644856,1.1197906,99.588394,0.6425853,-0.56716466,23.010443
1675,snow__p0__s5,taboo,29,1,0,0.61993045,1.4059782,2.138949,102.11657,0.6529917,-0.5828535,21.806746
1676,snow__p0__s6,taboo,0,1,0,0.44768077,2.0375247,8.372646,129.857,0.9257398,-0.64624155,16.320435
1677,snow__p0__s6,taboo,1,1,1,2.1109042,1.7915164,1.911332,102.64154,0.9091543,-0.6464534,19.438732
1678,snow__p0__s6,taboo,2,1,0,0.026737988,0.14720044,0.6330227,116.58541,0.8387374,-0.63512045,17.484322
1679,snow__p0__s6,taboo,3,1,0,0.1685886,0.7446254,2.6628084,115.873535,0.82003427,-0.6493099,17.190178
1680,snow__p0__s6,taboo,4,1,0,0.027991507,0.17478174,0.82005477,77.77269,0.7887975,-0.58935857,19.785034
1681,snow__p0__s6,taboo,5,1,0,0.14767793,0.43982384,0.8087793,62.56678,0.7549591,-0.59723294,19.463463
1682,snow__p0__s6,taboo,6,1,0,0.077122994,0.47165132,2.2344346,112.59338,0.7568223,-0.6152236,19.200655
1683,snow__p0__s6,taboo,7,1,0,0.137503,0.5317372,1.3452845,93.72037,0.7402713,-0.60916317,19.094294
1684,snow__p0__s6,taboo,8,1,0,0.08206872,0.29407644,0.60734636,99.20764,0.8218274,-0.6128803,22.017054
1685,snow__p0__s6,taboo,9,1,0,0.00019846378,0.002298681,0.024227107,117.26927,0.734869,-0.5994346,20.75767
1686,snow__p0__s6,taboo,10,1,0,0.15444274,0.7083306,2.222651,113.024055,0.7388403,-0.5765932,21.20477
1687,snow__p0__s6,taboo,11,1,0,0.53745496,0.77333844,0.56594884,89.66421,0.7142479,-0.5624927,22.176935
1688,snow__p0__s6,taboo,12,1,0,0.023467414,0.16132772,0.9635605,82.2887,0.7044854,-0.53247297,23.699314
1689,snow__p0__s6,taboo,13,1,0,0.012317893,0.102156475,0.7393305,98.41171,0.68476707,-0.5433968,23.68211
1690,snow__p0__s6,taboo,14,1,0,0.24197781,0.9693575,2.4909668,64.817085,0.6622674,-0.5616458,21.228804
1691,snow__p0__s6,taboo,15,1,0,0.9543157,1.3497505,1.4138769,85.63991,0.6593278,-0.5430685,22.357376
1692,snow__p0__s6,taboo,16,1,0,0.10367826,0.48559704,1.5674782,101.474915,0.67001224,-0.57142633,20.87884
1693,snow__p0__s6,taboo,17,1,0,1.4400156,1.6348975,1.9098101,102.76884,0.6784344,-0.56482285,21.973183
1694,snow__p0__s6,taboo,18,1,0,0.44730496,1.6025119,4.226443,91.41252,0.6747082,-0.5461514,24.13557
1695,snow__p0__s6,taboo,19,1,0,0.2744997,1.2072313,3.8546796,94.053986,0.6644664,-0.52456975,25.035646
1696,snow__p0__s6,taboo,20,1,0,0.4937234,0.80931085,0.964597,81.3721,0.6447025,-0.5209167,25.7073
1697,snow__p0__s6,taboo,21,1,0,1.2783862,2.372968,2.4784443,73.107574,0.6271243,-0.5167835,24.61563
1698,snow__p0__s6,taboo,22,1,0,0.16430885,0.63950026,1.7026571,131.35582,0.64102256,-0.5387789,23.002048
1699,snow__p0__s6,taboo,23,1,0,0.2716492,1.2255642,3.5290456,111.72419,0.6724199,-0.5933567,19.214819
1700,snow__p0__s6,taboo,24,1,0,0.0005150899,0.005388175,0.048661362,78.07228,0.66453916,-0.5662097,22.122272
1701,snow__p0__s6,taboo,25,1,0,2.1505466,0.5417085,1.4769517,84.90671,0.67511857,-0.59926164,19.71708
1702,snow__p0__s6,taboo,26,1,0,0.0017410849,0.01762238,0.15202506,104.13045,0.6841857,-0.60762894,20.707354
1703,snow__p0__s6,taboo,27,1,0,0.19376297,0.82911146,2.2735095,105.429504,0.73121995,-0.6330927,21.495731
1704,snow__p0__s6,taboo,28,1,0,0.00937937,0.057210036,0.26616123,105.64704,0.6752472,-0.60366476,21.360695
1705,snow__p0__s6,taboo,29,1,0,0.0019869125,0.019197505,0.15903172,117.92451,0.6334649,-0.58190536,21.58265
1706,snow__p0__s7,taboo,0,1,0,0.42281267,2.0122514,8.462783,129.78128,0.9257736,-0.64606154,16.317568
1707,snow__p0__s7,taboo,1,1,1,1.156584,1.7701755,1.9248995,101.477295,0.907349,-0.6420155,19.991695
1708,snow__p0__s7,taboo,2,1,0,0.023703536,0.1339623,0.5949675,115.94778,0.84024423,-0.63549525,17.767235
1709,snow__p0__s7,taboo,3,1,0,0.16366039,0.74711096,2.7224588,117.49301,0.8214319,-0.6480706,17.335411
1710,snow__p0__s7,taboo,4,1,0,0.02407181,0.15496676,0.76478404,78.52903,0.78756857,-0.5867594,19.940493
1711,snow__p0__s7,taboo,5,1,0,0.1466844,0.43159708,0.7517581,65.29261,0.7557135,-0.59606534,19.442938
1712,snow__p0__s7,taboo,6,1,0,0.061851304,0.39120412,1.9295158,112.65193,0.75683707,-0.61384916,19.378231
1713,snow__p0__s7,taboo,7,1,0,0.14656352,0.54275066,1.2976077,96.36314,0.7422912,-0.6076031,19.159838
1714,snow__p0__s7,taboo,8,1,0,0.022367692,0.12295154,0.49180973,99.8369,0.81922436,-0.60637975,22.009867
1715,snow__p0__s7,taboo,9,1,0,0.00016795179,0.0020230936,0.022171319,116.24189,0.736509,-0.5999552,20.916937
1716,snow__p0__s7,taboo,10,1,0,0.13320293,0.63566494,2.100196,112.069374,0.7390822,-0.57547176,21.284353
1717,snow__p0__s7,taboo,11,1,0,0.53584635,0.7639595,0.5268687,89.296555,0.7150973,-0.5627138,22.156887
1718,snow__p0__s7,taboo,12,1,0,0.021206772,0.14807238,0.8960799,82.5465,0.70549816,-0.53160626,23.770222
1719,snow__p0__s7,taboo,13,1,0,0.011071912,0.090999104,0.65130526,99.229164,0.68403226,-0.541216,23.718859
1720,snow__p0__s7,taboo,14,1,0,0.18850894,0.8162581,2.357363,66.67207,0.66194755,-0.56022346,21.306173
1721,snow__p0__s7,taboo,15,1,0,0.8512303,1.2814823,1.426436,124.71149,0.6709666,-0.5458986,22.237513
1722,snow__p0__s7,taboo,16,1,0,0.22071847,1.0618343,3.4033575,110.26335,0.688306,-0.59535116,18.794498
1723,snow__p0__s7,taboo,17,1,0,0.0003819928,0.00422589,0.040738445,81.74797,0.6824206,-0.5689137,21.876936
1724,snow__p0__s7,taboo,18,1,0,0.21525808,0.6993854,1.7791877,123.90814,0.6733219,-0.5873171,20.863596
1725,snow__p0__s7,taboo,19,1,0,0.8506291,0.833635,0.7096641,109.23133,0.65625775,-0.5799887,21.401468
1726,snow__p0__s7,taboo,20,1,0,0.9713706,1.5189033,1.6583462,117.164375,0.6672798,-0.58344495,20.527136
1727,snow__p0__s7,taboo,21,1,0,0.32112575,0.77243876,1.0807363,44.587757,0.6669096,-0.5800444,21.964968
1728,snow__p0__s7,taboo,22,1,0,0.040223364,0.2516814,1.1810389,86.05305,0.6754333,-0.57614243,21.837513
1729,snow__p0__s7,taboo,23,1,0,2.1115894,1.1860249,1.5014443,121.09442,0.66576624,-0.5773094,21.128832
1730,snow__p0__s7,taboo,24,1,0,0.6942943,1.5927913,1.5493357,118.908585,0.62726665,-0.55715907,21.932362
1731,snow__p0__s7,taboo,25,1,0,0.007025302,0.060179897,0.4241519,81.08523,0.63078606,-0.5764083,21.256716
1732,snow__p0__s7,taboo,26,1,0,0.013185098,0.1021138,0.6489326,68.16814,0.64198154,-0.56725764,23.062279
1733,snow__p0__s7,taboo,27,1,0,0.025189074,0.17345715,0.9571079,111.68852,0.63861436,-0.55805385,22.789635
1734,snow__p0__s7,taboo,28,1,0,0.23189138,0.78673124,1.6034005,67.33686,0.6452125,-0.5543154,23.752966
1735,snow__p0__s7,taboo,29,1,0,0.3856396,1.172245,2.0898929,115.29106,0.6256139,-0.52431357,23.163626
1736,snow__p1__s0,taboo,0,1,0,1.4054644,4.4252152,7.9976106,136.04974,0.9329332,-0.64947873,16.414627
1737,snow__p1__s0,taboo,1,1,1,1.1143425,2.0400155,2.560381,108.30493,0.91053224,-0.65049064,19.425962
1738,snow__p1__s0,taboo,2,1,0,0.04046186,0.20727378,0.8015872,117.93395,0.846163,-0.64754534,17.131641
1739,snow__p1__s0,taboo,3,1,0,0.17378284,0.81190926,2.989051,123.39721,0.82430595,-0.6563057,17.098528
1740,snow__p1__s0,taboo,4,1,0,0.026102915,0.16601948,0.8166261,79.4771,0.78921413,-0.5909946,19.9075
1741,snow__p1__s0,taboo,5,1,0,0.1666527,0.4764885,0.8252391,70.52252,0.75979406,-0.6012179,19.282587
1742,snow__p1__s0,taboo,6,1,0,0.06949584,0.45135194,2.2729654,113.95058,0.75717336,-0.62095344,19.223217
1743,snow__p1__s0,taboo,7,1,0,0.19683039,0.6860148,1.5273018,98.074,0.744242,-0.6130401,19.07874
1744,snow__p1__s0,taboo,8,1,0,0.021236649,0.12555364,0.54923946,100.240944,0.820274,-0.6104568,22.23635
1745,snow__p1__s0,taboo,9,1,0,0.000093336515,0.0012987386,0.01657433,118.383995,0.7366301,-0.60555416,20.70812
1746,snow__p1__s0,taboo,10,1,0,0.27188677,1.1708558,3.2663097,118.79239,0.74356085,-0.5883788,20.33461
1747,snow__p1__s0,taboo,11,1,0,0.48834237,0.97975945,1.5149558,82.456535,0.7558511,-0.5755004,21.44173
1748,snow__p1__s0,taboo,12,1,0,0.394749,1.3233999,3.0187714,96.53707,0.7155529,-0.5527475,23.083141
1749,snow__p1__s0,taboo,13,1,0,0.10551666,0.65679306,3.0397909,74.8203,0.6662668,-0.56037414,21.18254
1750,snow__p1__s0,taboo,14,1,0,0.80840915,1.577392,2.0398183,126.86451,0.6757085,-0.55041504,21.76198
1751,snow__p1__s0,taboo,15,1,0,0.2524379,1.1696825,3.5019426,107.48296,0.6867896,-0.5966934,18.427883
1752,snow__p1__s0,taboo,16,1,0,0.0005050814,0.005293421,0.048294626,81.95096,0.6840743,-0.56980777,21.37169
1753,snow__p1__s0,taboo,17,1,0,0.24788426,0.9434745,2.771629,124.19719,0.67429787,-0.58993876,20.439295
1754,snow__p1__s0,taboo,18,1,0,0.45012128,0.79099727,0.85775566,107.17267,0.6579817,-0.58258116,21.117311
1755,snow__p1__s0,taboo,19,1,0,0.6521634,1.5168875,2.0941157,115.00031,0.66798764,-0.5843081,21.07939
1756,snow__p1__s0,taboo,20,1,0,0.0027298587,0.021687116,0.14126,62.230034,0.67145455,-0.5870436,21.817038
1757,snow__p1__s0,taboo,21,1,0,0.012256897,0.09487315,0.5825856,86.487755,0.6747911,-0.5810961,22.053093
1758,snow__p1__s0,taboo,22,1,0,0.46397266,1.1332171,1.8947753,116.955185,0.6601148,-0.5808921,21.165241
1759,snow__p1__s0,taboo,23,1,1,1.7042004,2.1097095,0.9133187,100.59925,0.6425869,-0.55179536,21.870539
1760,snow__p1__s0,taboo,24,1,1,0.21182726,0.7566705,1.6269679,89.629395,0.6551016,-0.573635,22.694485
1761,snow__p1__s0,taboo,25,1,0,1.345766,2.097725,1.0952108,99.502975,0.63362324,-0.5818191,20.72311
1762,snow__p1__s0,taboo,26,1,0,0.0040090675,0.03150507,0.20427948,102.57416,0.6506182,-0.59848416,21.32787
1763,snow__p1__s0,taboo,27,1,1,0.10931596,0.43875894,1.1187751,110.39621,0.76018953,-0.6599975,20.632814
1764,snow__p1__s0,taboo,28,1,0,0.00073298765,0.006757218,0.05378455,112.76,0.6474001,-0.5923954,21.981228
1765,snow__p1__s0,taboo,29,1,0,0.00050937076,0.006171475,0.06594345,114.47464,0.6013032,-0.5554099,22.97114
1766,snow__p1__s1,taboo,0,1,0,1.3299923,4.3400073,8.183329,135.58109,0.93282115,-0.6495869,16.427237
1767,snow__p1__s1,taboo,1,1,1,1.1257489,2.0683188,2.6214535,107.69752,0.9104232,-0.650262,19.433561
1768,snow__p1__s1,taboo,2,1,0,0.035800174,0.18817006,0.75037634,118.08252,0.84617794,-0.6475935,17.135223
1769,snow__p1__s1,taboo,3,1,0,0.16535194,0.7732599,2.8502698,123.83932,0.8242453,-0.6562815,17.093725
1770,snow__p1__s1,taboo,4,1,0,0.026521273,0.16871044,0.82893264,79.435394,0.7891939,-0.59117967,19.891964
1771,snow__p1__s1,taboo,5,1,0,0.14852428,0.4446969,0.8150841,70.102135,0.7598877,-0.60130525,19.299164
1772,snow__p1__s1,taboo,6,1,0,0.07083709,0.4604443,2.3227205,113.835205,0.7574128,-0.6211268,19.246588
1773,snow__p1__s1,taboo,7,1,0,0.20415023,0.70651007,1.5442458,98.39409,0.744536,-0.61334366,19.082026
1774,snow__p1__s1,taboo,8,1,0,0.023891415,0.13760537,0.57941663,100.27075,0.8201515,-0.6106826,22.231504
1775,snow__p1__s1,taboo,9,1,0,0.0000942901,0.0013109755,0.016722612,118.57657,0.73676276,-0.6054121,20.73219
1776,snow__p1__s1,taboo,10,1,0,0.28061765,1.1989604,3.2966032,118.686134,0.74372804,-0.5883739,20.348312
1777,snow__p1__s1,taboo,11,1,0,0.5347873,1.0004985,1.498512,82.41967,0.7559219,-0.57559144,21.42988
1778,snow__p1__s1,taboo,12,1,0,0.39246666,1.3124685,2.9920719,96.29291,0.7157228,-0.55262893,23.085485
1779,snow__p1__s1,taboo,13,1,0,0.10581965,0.6576415,3.0354493,74.57906,0.6663486,-0.5603368,21.163097
1780,snow__p1__s1,taboo,14,1,0,0.7537801,1.5623629,2.0446844,126.48673,0.6757157,-0.55037045,21.761992
1781,snow__p1__s1,taboo,15,1,0,0.22620331,1.0848204,3.4286213,107.5439,0.6867627,-0.5967781,18.42231
1782,snow__p1__s1,taboo,16,1,0,0.0004974558,0.0051922733,0.047031175,81.567764,0.68386865,-0.5700246,21.354647
1783,snow__p1__s1,taboo,17,1,0,0.2445617,0.9303517,2.7434802,124.10841,0.6744201,-0.5899922,20.445183
1784,snow__p1__s1,taboo,18,1,0,0.45085627,0.79588467,0.88148624,107.09274,0.6578783,-0.5824796,21.104986
1785,snow__p1__s1,taboo,19,1,0,1.3973947,1.5077665,2.104752,113.6385,0.66960037,-0.5896495,19.999884
1786,snow__p1__s1,taboo,20,1,0,0.65209734,0.8157328,0.6191231,42.280865,0.66515595,-0.585786,21.32714
1787,snow__p1__s1,taboo,21,1,0,0.01966808,0.14298257,0.8175367,87.909805,0.67304933,-0.579095,21.502642
1788,snow__p1__s1,taboo,22,1,0,0.6546864,1.304389,1.8675371,119.39033,0.66075426,-0.5819311,20.69548
1789,snow__p1__s1,taboo,23,1,0,1.4613776,2.0779126,0.9921069,123.739174,0.6319172,-0.5685275,21.152927
1790,snow__p1__s1,taboo,24,1,0,0.026684133,0.18720187,1.0363219,77.26734,0.62804174,-0.578179,20.867329
1791,snow__p1__s1,taboo,25,1,0,0.022370256,0.16092342,0.9343498,64.20152,0.63660514,-0.56596655,22.79732
1792,snow__p1__s1,taboo,26,1,0,0.057010066,0.31501722,1.352699,108.97212,0.63068527,-0.55658424,22.56428
1793,snow__p1__s1,taboo,27,1,1,0.46975863,1.2259799,1.6771867,64.24976,0.64867026,-0.56294256,23.509779
1794,snow__p1__s1,taboo,28,1,0,0.49593127,1.305039,2.0201025,115.214745,0.6196604,-0.5256475,22.993807
1795,snow__p1__s1,taboo,29,1,0,0.28713915,1.3610659,4.339512,112.26687,0.6746257,-0.6181589,18.734947
1796,snow__p1__s2,taboo,0,1,1,3.9264066,4.4564686,7.923987,109.81836,0.91100335,-0.6611641,16.23784
1797,snow__p1__s3,taboo,0,1,0,1.3976032,4.413044,8.028689,135.32666,0.9327817,-0.6494014,16.421953
1798,snow__p1__s3,taboo,1,1,0,2.0361838,2.0485268,2.5916934,125.47121,0.854267,-0.6470123,17.093868
1799,snow__p1__s3,taboo,2,1,0,2.696336,1.61232,3.5725925,119.90588,0.8046491,-0.6154594,19.160791
1800,snow__p1__s3,taboo,3,1,0,2.799021,2.472434,2.1496882,67.49764,0.7658157,-0.59469604,20.081242
1801,snow__p1__s3,taboo,4,1,0,3.1509955,2.9781847,4.384673,108.209236,0.7459253,-0.56619394,21.368706
1802,snow__p1__s3,taboo,5,1,0,1.5009904,2.5429807,2.5831246,58.654327,0.70027655,-0.57167315,20.710762
1803,snow__p1__s3,taboo,6,1,0,1.244483,2.3990326,2.583238,106.29512,0.7057419,-0.56395906,21.105078
1804,snow__p1__s3,taboo,7,1,0,0.37826735,1.425158,3.5631068,68.09042,0.76339346,-0.585618,20.772179
1805,snow__p1__s3,taboo,8,1,0,2.6474297,1.9076884,4.4950695,47.071014,0.7144705,-0.5691469,21.018211
1806,snow__p1__s3,taboo,9,1,0,0.13014886,0.75252044,3.4914117,97.83477,0.6753712,-0.5378207,23.040934
1807,snow__p1__s3,taboo,10,1,0,1.3643669,1.9990063,2.1365128,93.23569,0.6794975,-0.5550887,21.406483
1808,snow__p1__s3,taboo,11,1,0,1.9705126,1.7595655,2.4649565,100.280365,0.6701568,-0.56281537,20.469595
1809,snow__p1__s3,taboo,12,1,0,0.83543617,2.0749347,2.5261521,77.019356,0.66860986,-0.56822175,20.893024
1810,snow__p1__s3,taboo,13,1,0,2.1575027,1.9656717,2.4059038,109.038,0.68770844,-0.5905206,20.793324
1811,snow__p1__s3,taboo,14,1,0,0.7427587,2.2081199,3.6939924,114.63755,0.66729283,-0.56442595,22.413052
1812,snow__p1__s3,taboo,15,1,0,0.5420979,1.4567477,2.5975423,80.81873,0.65616447,-0.54255074,23.826506
1813,snow__p1__s3,taboo,16,1,0,1.6998636,1.2799004,2.1795712,58.76446,0.6459404,-0.5410156,22.77564
1814,snow__p1__s3,taboo,17,1,0,1.8205,0.540539,0.80785745,75.33923,0.6581014,-0.53674626,23.95591
1815,snow__p1__s3,taboo,18,1,0,0.011310624,0.08601931,0.57202005,75.87399,0.6420584,-0.5177214,24.658022
1816,snow__p1__s3,taboo,19,1,0,0.14254433,0.47816926,1.1037048,97.14967,0.62625664,-0.5042652,25.751402
1817,snow__p1__s3,taboo,20,1,0,0.10945862,0.6514051,2.8633723,127.70595,0.6453902,-0.53998256,22.64659
1818,snow__p1__s3,taboo,21,1,0,0.59241223,1.8808495,3.471323,108.34018,0.67939794,-0.5894434,19.14523
1819,snow__p1__s3,taboo,22,1,0,0.0011382775,0.011084519,0.09367226,76.675896,0.67950356,-0.5574323,22.225851
1820,snow__p1__s3,taboo,23,1,0,0.41469905,1.1846617,2.9088848,116.74438,0.6687364,-0.59118897,20.600117
1821,snow__p1__s3,taboo,24,1,0,0.56965256,1.3156977,1.5403677,98.86033,0.64814514,-0.5758012,20.931065
1822,snow__p1__s3,taboo,25,1,0,3.4747343,2.4422,3.5671377,112.07585,0.6572848,-0.59776026,19.521418
1823,snow__p1__s3,taboo,26,1,0,0.3385297,0.7993671,0.90309113,64.378456,0.63606477,-0.56759095,22.3777
1824,snow__p1__s3,taboo,27,1,0,0.43971172,1.005894,1.1554118,96.62076,0.6339657,-0.5620749,21.919966
1825,snow__p1__s3,taboo,28,1,0,2.961465,1.9544752,5.0512934,68.12097,0.6171442,-0.56026477,21.794722
1826,snow__p1__s3,taboo,29,1,0,0.22322728,1.0928632,4.0373554,43.745667,0.6102078,-0.5496148,22.716171
1827,snow__p1__s4,taboo,0,1,0,1.3231688,4.3515444,8.198786,135.64987,0.9330028,-0.6497065,16.425323
1828,snow__p1__s4,taboo,1,1,1,2.3718004,2.0607836,2.6238995,107.8648,0.9082345,-0.65990615,18.287884
1829,snow__p1__s4,taboo,2,1,0,0.03658888,0.19401541,0.7960901,117.60536,0.84450716,-0.6469349,16.869045
1830,snow__p1__s4,taboo,3,1,0,0.19558626,0.86723506,3.0781398,122.040825,0.82273203,-0.6582215,16.987932
1831,snow__p1__s4,taboo,4,1,0,0.03343147,0.2024295,0.928385,78.51922,0.78933066,-0.5926008,19.773417
1832,snow__p1__s4,taboo,5,1,0,0.18789478,0.51757574,0.8893362,67.220604,0.75953174,-0.6033956,19.279654
1833,snow__p1__s4,taboo,6,1,0,0.07540938,0.4851119,2.417204,112.964035,0.7561215,-0.6218853,19.053692
1834,snow__p1__s4,taboo,7,1,0,0.23850246,0.7672833,1.5336959,95.55521,0.74120235,-0.614546,19.005817
1835,snow__p1__s4,taboo,8,1,1,0.0973346,0.34484565,0.7128105,98.9748,0.8226163,-0.6124172,22.20587
1836,snow__p1__s4,taboo,9,1,0,0.00012075172,0.0015785492,0.018980423,118.439926,0.7354097,-0.60567135,20.534641
1837,snow__p1__s4,taboo,10,1,0,0.28772083,1.2267296,3.3903556,118.874504,0.74380606,-0.5899137,20.237339
1838,snow__p1__s4,taboo,11,1,0,1.0422996,1.0370057,1.6195779,90.50299,0.7214523,-0.57798934,21.48176
1839,snow__p1__s4,taboo,12,1,0,0.24624547,1.0083724,3.3310633,81.82892,0.70332557,-0.5672903,21.207283
1840,snow__p1__s4,taboo,13,1,0,0.048398696,0.3334717,1.9449229,85.78056,0.6905542,-0.5590631,22.598276
1841,snow__p1__s4,taboo,14,1,0,0.12693088,0.713587,2.8330455,68.018524,0.6517957,-0.5612396,20.999987
1842,snow__p1__s4,taboo,15,1,0,1.0690167,1.3456595,1.7148001,84.20285,0.648524,-0.54636085,21.880291
1843,snow__p1__s4,taboo,16,1,0,0.082825504,0.41022602,1.461517,99.805016,0.6609092,-0.57310295,20.430332
1844,snow__p1__s4,taboo,17,1,0,0.89327437,1.7563974,1.6737826,89.62315,0.66380805,-0.5787288,21.276884
1845,snow__p1__s4,taboo,18,1,0,0.64619875,1.4887606,1.854985,104.7901,0.6785955,-0.5881161,21.59961
1846,snow__p1__s4,taboo,19,1,0,0.2919462,1.2481236,3.682826,115.898705,0.6557893,-0.5642058,22.900448
1847,snow__p1__s4,taboo,20,1,0,0.70896167,1.6942401,2.9713926,90.70721,0.652621,-0.5545526,23.760036
1848,snow__p1__s4,taboo,21,1,0,0.8707117,1.4997936,1.4571874,91.21791,0.6612925,-0.55810595,23.675262
1849,snow__p1__s4,taboo,22,1,0,0.1980017,0.76669157,2.2722144,89.284584,0.6531,-0.525207,24.911182
1850,snow__p1__s4,taboo,23,1,0,0.2972702,0.67116076,0.90890735,83.46225,0.6250313,-0.51333946,25.868877
1851,snow__p1__s4,taboo,24,1,0,0.59543926,1.6332068,2.5793204,135.96214,0.6206405,-0.5358832,23.339342
1852,snow__p1__s4,taboo,25,1,0,0.2843185,1.1999791,3.180777,109.773254,0.65398043,-0.5883801,19.632896
1853,snow__p1__s4,taboo,26,1,0,0.0004365683,0.004622125,0.042338226,78.14419,0.641964,-0.56302404,22.080198
1854,snow__p1__s4,taboo,27,1,0,0.10645249,0.42829928,1.3097656,119.282074,0.6436948,-0.58315814,21.332962
1855,snow__p1__s4,taboo,28,1,0,0.5606494,0.95877576,0.73673964,104.51964,0.70809007,-0.63367,21.064821
1856,snow__p1__s4,taboo,29,1,0,0.39281893,0.6647707,0.31414777,110.96785,0.64597994,-0.59514624,20.513758
1857,snow__p1__s5,taboo,0,1,0,1.3299923,4.3400073,8.183329,135.58109,0.93282115,-0.6495869,16.427237
1858,snow__p1__s5,taboo,1,1,0,1.3757489,2.0683188,2.6214535,107.94627,0.85653335,-0.645234,16.661457
1859,snow__p1__s5,taboo,2,1,1,0.34624806,0.7980657,1.3198562,105.3603,0.89050245,-0.64248836,19.912798
1860,snow__p1__s5,taboo,3,1,0,0.00011920219,0.0017357327,0.023039756,118.53834,0.8208604,-0.6295686,18.545853
1861,snow__p1__s5,taboo,4,1,0,0.35368955,1.4248655,3.6340735,118.53283,0.7919772,-0.6029015,19.20404
1862,snow__p1__s5,taboo,5,1,0,0.685775,1.220606,1.9922228,80.42339,0.7876271,-0.5832781,20.648464
1863,snow__p1__s5,taboo,6,1,0,0.38479245,1.3606998,3.3227105,93.910645,0.7416473,-0.56228936,22.14152
1864,snow__p1__s5,taboo,7,1,0,0.09857856,0.59719163,2.7373395,73.3454,0.6971443,-0.5721555,20.176855
1865,snow__p1__s5,taboo,8,1,0,0.310355,1.264355,2.8705776,86.97731,0.7101393,-0.5676178,20.367125
1866,snow__p1__s5,taboo,9,1,0,0.114459686,0.46631664,1.2587647,111.17829,0.70065755,-0.57413185,20.130096
1867,snow__p1__s5,taboo,10,1,0,0.29180205,1.3092302,4.0891337,118.94541,0.7076694,-0.5974164,19.277042
1868,snow__p1__s5,taboo,11,1,0,0.2588353,0.73221093,1.5295881,101.69677,0.6822441,-0.58664954,20.145359
1869,snow__p1__s5,taboo,12,1,0,0.7523127,1.734598,2.4608068,111.662445,0.69183964,-0.5874268,20.405155
1870,snow__p1__s5,taboo,13,1,0,0.00784483,0.051951427,0.27146345,59.55732,0.69675106,-0.5920892,21.24741
1871,snow__p1__s5,taboo,14,1,0,0.0123677,0.09745141,0.61581016,85.227104,0.69786906,-0.58385813,21.756283
1872,snow__p1__s5,taboo,15,1,0,0.36968136,1.0825808,2.4325366,115.04277,0.6772856,-0.58189404,20.795174
1873,snow__p1__s5,taboo,16,1,1,1.975149,1.9657131,1.2691481,101.59743,0.66389,-0.5573204,21.420805
1874,snow__p1__s5,taboo,17,1,1,0.22306783,0.84103554,2.0107281,90.96689,0.6738353,-0.5780878,22.275988
1875,snow__p1__s5,taboo,18,1,1,1.2588738,1.9622273,1.2280853,114.5788,0.65838987,-0.5371959,21.751318
1876,snow__p1__s5,taboo,19,1,1,1.3495076,2.4540138,3.093306,149.24751,0.71436477,-0.6146009,19.51947
1877,snow__p1__s5,taboo,20,1,1,1.5708371,1.6287427,3.2331889,71.92149,0.7228655,-0.6497929,17.855324
1878,snow__p1__s5,taboo,21,1,1,2.5758834,2.8490953,3.1091394,121.67395,0.69424254,-0.618365,19.626747
1879,snow__p1__s5,taboo,22,1,1,0.357666,1.3565977,3.4427824,118.23128,0.6906524,-0.6079476,20.893278
1880,snow__p1__s5,taboo,23,1,1,1.2634943,3.4261403,6.5925026,110.29809,0.68881565,-0.6316371,17.909466
1881,snow__p1__s5,taboo,24,1,1,0.7039356,2.041916,3.4814308,129.68747,0.6301858,-0.5852716,20.163683
1882,snow__p1__s5,taboo,25,1,1,1.4934528,2.4243164,3.8846781,104.09111,0.64364904,-0.6029403,19.538567
1883,snow__p1__s5,taboo,26,1,1,1.2446897,2.5810997,2.8685584,137.85631,0.6538741,-0.60968447,20.64509
1884,snow__p1__s5,taboo,27,1,1,1.0007966,3.3177786,5.8117113,128.33595,0.6462172,-0.6019012,20.53436
1885,snow__p1__s5,taboo,28,1,1,0.23846349,0.6919012,1.0650367,115.90813,0.6484244,-0.60993737,21.411915
1886,snow__p1__s5,taboo,29,1,1,0.31317607,1.0149157,2.6964068,130.27145,0.65779144,-0.62259173,19.156391
1887,snow__p1__s6,taboo,0,1,0,1.4276515,4.471346,7.943137,136.2103,0.9326941,-0.6493343,16.41795
1888,snow__p1__s6,taboo,1,1,0,1.3352315,2.0300179,2.6300406,108.51949,0.8565317,-0.64501446,16.670774
1889,snow__p1__s6,taboo,2,1,1,0.346779,0.8013667,1.3339813,105.56145,0.8905866,-0.6425468,19.910545
1890,snow__p1__s6,taboo,3,1,0,0.0001188446,0.0017324123,0.023041282,118.82141,0.82051903,-0.6290428,18.55776
1891,snow__p1__s6,taboo,4,1,0,0.37793845,1.4661063,3.5543523,118.91958,0.79189396,-0.60298544,19.204323
1892,snow__p1__s6,taboo,5,1,0,0.68401134,1.2124922,1.9723556,80.77618,0.7877662,-0.58326066,20.660118
1893,snow__p1__s6,taboo,6,1,0,0.38733047,1.3678765,3.3235688,93.957886,0.7417108,-0.5625453,22.142874
1894,snow__p1__s6,taboo,7,1,0,0.10520788,0.6321485,2.857281,72.921486,0.6969686,-0.57170534,20.186674
1895,snow__p1__s6,taboo,8,1,0,0.3234368,1.2966399,2.8571887,86.9255,0.7101259,-0.5673706,20.387081
1896,snow__p1__s6,taboo,9,1,0,0.11462733,0.46767676,1.2673056,111.707756,0.7010235,-0.5741059,20.131178
1897,snow__p1__s6,taboo,10,1,0,0.28947008,1.2951615,4.028704,119.46922,0.7073703,-0.5970829,19.295809
1898,snow__p1__s6,taboo,11,1,0,0.25827727,0.728606,1.5132775,101.99722,0.6821341,-0.58656454,20.137924
1899,snow__p1__s6,taboo,12,1,0,0.7057745,1.6811216,2.420258,112.36977,0.6914823,-0.587144,20.426338
1900,snow__p1__s6,taboo,13,1,1,0.008678104,0.055848233,0.28107974,59.346935,0.6965574,-0.59201145,21.225782
1901,snow__p1__s6,taboo,14,1,1,0.012802081,0.100227244,0.6283527,85.04359,0.6976225,-0.583596,21.749258
1902,snow__p1__s6,taboo,15,1,0,0.3855163,1.1188042,2.4924603,114.86338,0.6769195,-0.5816283,20.822718
1903,snow__p1__s6,taboo,16,1,1,0.99898005,1.9846721,1.2231765,121.92167,0.67409766,-0.5454541,21.270628
1904,snow__p1__s6,taboo,17,1,1,2.0559142,2.2350953,3.3577318,137.03912,0.7429728,-0.6231652,18.35463
1905,snow__p1__s6,taboo,18,1,1,1.5401406,3.089835,4.043997,90.221275,0.7340059,-0.64763105,17.682526
1906,snow__p1__s6,taboo,19,1,1,0.85088,2.6234927,4.3557796,116.19985,0.7101859,-0.6489608,17.204126
1907,snow__p1__s6,taboo,20,1,1,0.017344696,0.112664804,0.58401287,102.837845,0.6832268,-0.6022713,20.427511
1908,snow__p1__s6,taboo,21,1,1,0.7222665,1.8489653,4.4001245,125.79387,0.6830413,-0.5814973,21.10617
1909,snow__p1__s6,taboo,22,1,1,0.11859058,0.7157748,3.5657487,108.90385,0.6694144,-0.58925956,21.7358
1910,snow__p1__s6,taboo,23,1,1,0.53798807,1.9097834,3.8036208,110.507965,0.6525274,-0.5940536,21.140764
1911,snow__p1__s6,taboo,24,1,1,0.34550905,1.5302562,4.4492683,111.690384,0.6521856,-0.6020825,20.367334
1912,snow__p1__s6,taboo,25,1,1,0.0003639989,0.005218555,0.06726127,107.55396,0.66909564,-0.61435723,20.477875
1913,snow__p1__s6,taboo,26,1,1,2.0145044,3.7590508,5.439215,119.35617,0.679486,-0.63782626,17.132671
1914,snow__p1__s6,taboo,27,1,1,0.79475397,0.86372006,0.62993574,109.490715,0.6278682,-0.58588976,20.490702
1915,snow__p1__s6,taboo,28,1,1,3.7078679,3.7585313,4.726927,121.82918,0.6404062,-0.6086466,18.059011
1916,snow__p1__s6,taboo,29,1,1,0.009324217,0.06894391,0.42428386,98.87998,0.6368144,-0.5966834,21.047215
1917,snow__p1__s7,taboo,0,1,0,1.3231688,4.3515444,8.198786,135.64987,0.9330028,-0.6497065,16.425323
1918,snow__p1__s7,taboo,1,1,1,1.1218003,2.0607836,2.6238995,107.65268,0.91025853,-0.6510855,19.399633
1919,snow__p1__s7,taboo,2,1,0,0.040449724,0.20714311,0.8003254,118.079735,0.84607023,-0.6477138,17.117643
1920,snow__p1__s7,taboo,3,1,0,0.16358772,0.7667663,2.850028,124.35524,0.82431763,-0.6562314,17.111773
1921,snow__p1__s7,taboo,4,1,0,0.02723601,0.17317307,0.84875953,79.61386,0.7891595,-0.5910891,19.904453
1922,snow__p1__s7,taboo,5,1,0,0.16654068,0.4757319,0.8213431,70.11882,0.7595434,-0.60119057,19.292904
1923,snow__p1__s7,taboo,6,1,0,0.06936205,0.4502771,2.266027,114.01528,0.7574399,-0.62126994,19.235092
1924,snow__p1__s7,taboo,7,1,0,0.19713192,0.68748945,1.5308721,98.487885,0.74418116,-0.61316955,19.093956
1925,snow__p1__s7,taboo,8,1,0,0.021201637,0.12511858,0.5444672,100.9046,0.82018095,-0.610814,22.208086
1926,snow__p1__s7,taboo,9,1,0,0.00008201263,0.0011424478,0.014615367,118.252846,0.73648787,-0.6054089,20.721582
1927,snow__p1__s7,taboo,10,1,0,0.29833424,1.2400186,3.2911005,118.267845,0.7436606,-0.5883964,20.327711
1928,snow__p1__s7,taboo,11,1,0,0.53554726,1.0054134,1.5209954,82.59751,0.75594866,-0.5755758,21.444567
1929,snow__p1__s7,taboo,12,1,0,0.39657226,1.3271111,3.01016,96.205826,0.71562517,-0.5529808,23.05272
1930,snow__p1__s7,taboo,13,1,0,0.10354649,0.6486552,3.02421,74.65269,0.66654193,-0.56051755,21.172049
1931,snow__p1__s7,taboo,14,1,0,1.0692539,1.6009693,2.0343351,83.24646,0.66659313,-0.5537843,21.441154
1932,snow__p1__s7,taboo,15,1,0,0.13508306,0.4972642,1.3115561,100.38921,0.6705385,-0.5738678,20.27114
1933,snow__p1__s7,taboo,16,1,0,0.9186405,1.7312196,1.4567415,89.19205,0.66904795,-0.5785035,21.31763
1934,snow__p1__s7,taboo,17,1,0,1.7901932,1.5840853,1.679776,99.15334,0.66654897,-0.57129365,21.740013
1935,snow__p1__s7,taboo,18,1,0,1.6235875,2.6836662,2.793982,138.32077,0.6466822,-0.5442296,22.391851
1936,snow__p1__s7,taboo,19,1,0,3.0190167,1.2168771,3.5328536,137.9072,0.67490244,-0.6050801,18.492619
1937,snow__p1__s7,taboo,20,1,0,2.2888157,2.1047802,3.732996,113.82107,0.66780454,-0.61497134,18.326399
1938,snow__p1__s7,taboo,21,1,0,0.0041224505,0.034994196,0.24540251,94.53185,0.6429327,-0.59042615,20.637474
1939,snow__p1__s7,taboo,22,1,0,0.006800128,0.052514568,0.33831042,103.53191,0.65686595,-0.5858315,21.310953
1940,snow__p1__s7,taboo,23,1,0,1.0620832,1.9625338,2.7633405,98.074844,0.65231645,-0.599151,20.22633
1941,snow__p1__s7,taboo,24,1,0,0.47572005,1.7320707,4.059845,89.03038,0.649509,-0.5805311,21.846062
1942,snow__p1__s7,taboo,25,1,0,0.64868844,1.9522142,3.5485616,103.73794,0.6355264,-0.56249803,21.983498
1943,snow__p1__s7,taboo,26,1,0,0.6973068,1.2386916,1.792975,70.794304,0.6190542,-0.5513709,22.63659
1944,snow__p1__s7,taboo,27,1,0,2.7252069,2.315206,1.7992258,132.06859,0.6205466,-0.53313047,22.646431
1945,snow__p1__s7,taboo,28,1,0,2.1927023,2.1005967,2.9397724,110.059494,0.6578235,-0.6001096,19.324242
1946,snow__p1__s7,taboo,29,1,0,0.0019169542,0.019873569,0.17723581,101.192116,0.66118884,-0.60612166,20.710302
1947,snow__p2__s0,taboo,0,1,1,1.0332801,3.5772302,8.10626,137.67642,0.936113,-0.6460277,17.677986
1948,snow__p2__s0,taboo,1,1,1,1.3659585,2.5282815,4.5078125,115.26091,0.899207,-0.672294,19.290363
1949,snow__p2__s0,taboo,2,1,0,0.07433403,0.35159189,1.2096051,120.32464,0.85915256,-0.63489914,17.920738
1950,snow__p2__s0,taboo,3,1,0,0.17900537,0.85665303,3.366489,119.47039,0.8335474,-0.6483883,17.681442
1951,snow__p2__s0,taboo,4,1,0,0.024389228,0.15835516,0.7922938,78.49776,0.7952716,-0.5826646,20.314224
1952,snow__p2__s0,taboo,5,1,0,0.14791095,0.4424031,0.82991606,67.87784,0.7662977,-0.5930828,19.801126
1953,snow__p2__s0,taboo,6,1,0,0.083160795,0.5109001,2.4337795,113.827705,0.7616664,-0.61284304,19.685102
1954,snow__p2__s0,taboo,7,1,0,0.19397675,0.67096454,1.4796371,97.06988,0.74741614,-0.5928505,20.034
1955,snow__p2__s0,taboo,8,1,0,0.026647106,0.15027606,0.6201725,99.51218,0.8258876,-0.6102277,22.248177
1956,snow__p2__s0,taboo,9,1,0,0.0001335055,0.001823074,0.022847874,118.945114,0.7426584,-0.58988935,21.603584
1957,snow__p2__s0,taboo,10,1,0,0.21850185,1.0080546,3.2014732,117.10618,0.747601,-0.57389367,21.105095
1958,snow__p2__s0,taboo,11,1,0,0.48516795,0.75037944,0.62505984,86.77949,0.7251329,-0.5640173,21.958982
1959,snow__p2__s0,taboo,12,1,0,0.32323328,0.86921644,1.6417886,79.74874,0.7076536,-0.5514207,21.80436
1960,snow__p2__s0,taboo,13,1,0,0.038954943,0.25123426,1.355165,87.860176,0.6904902,-0.5517633,23.174644
1961,snow__p2__s0,taboo,14,1,0,0.095985346,0.5451077,2.257909,69.56864,0.65793484,-0.55408984,21.44418
1962,snow__p2__s0,taboo,15,1,0,0.7540017,1.2165108,1.5233842,122.470665,0.6710097,-0.5433635,22.23403
1963,snow__p2__s0,taboo,16,1,0,0.13800572,0.7599759,2.9947371,107.82934,0.6902651,-0.5905936,18.985348
1964,snow__p2__s0,taboo,17,1,0,0.00038175448,0.0042218985,0.040660933,79.97475,0.6784571,-0.5649834,22.023453
1965,snow__p2__s0,taboo,18,1,0,0.23202646,0.6954828,1.6008694,121.754875,0.6702621,-0.5836641,21.061493
1966,snow__p2__s0,taboo,19,1,0,0.6008812,0.83550227,0.7222466,105.15699,0.7255649,-0.62666416,21.697323
1967,snow__p2__s0,taboo,20,1,0,0.3919883,0.6620427,0.32140213,110.75037,0.6736528,-0.60014737,19.864782
1968,snow__p2__s0,taboo,21,1,0,0.094505325,0.33349794,0.69961214,94.33191,0.66298056,-0.60228753,20.569595
1969,snow__p2__s0,taboo,22,1,0,0.0474069,0.2422202,0.86165136,109.23696,0.6616201,-0.5935603,21.567875
1970,snow__p2__s0,taboo,23,1,1,0.0002761698,0.002835965,0.025166828,102.87845,0.6566792,-0.5798582,21.737967
1971,snow__p2__s0,taboo,24,1,0,0.70679206,1.4782155,1.3182468,114.94071,0.6525866,-0.57481253,22.128956
1972,snow__p2__s0,taboo,25,1,0,0.0010406323,0.009855097,0.07916085,69.877785,0.6540713,-0.57237995,22.901293
1973,snow__p2__s0,taboo,26,1,0,0.0072819055,0.059058122,0.3822574,89.62909,0.6601252,-0.5741741,22.89696
1974,snow__p2__s0,taboo,27,1,0,0.7723047,1.0889841,1.0070041,66.559875,0.63895684,-0.5714679,21.351358
1975,snow__p2__s0,taboo,28,1,0,0.2692178,0.6507422,1.0193866,112.612495,0.64659226,-0.56511575,22.518106
1976,snow__p2__s0,taboo,29,1,1,0.8670402,1.5103402,1.3583536,105.23155,0.63618267,-0.5375181,22.814291
1977,snow__p2__s1,taboo,0,1,1,1.0332801,3.5772302,8.10626,137.67642,0.936113,-0.6460277,17.677986
1978,snow__p2__s1,taboo,1,1,1,1.3659585,2.5282815,4.5078125,115.26091,0.899207,-0.672294,19.290363
1979,snow__p2__s1,taboo,2,1,0,0.07433403,0.35159189,1.2096051,120.32464,0.85915256,-0.63489914,17.920738
1980,snow__p2__s1,taboo,3,1,0,0.17900537,0.85665303,3.366489,119.47039,0.8335474,-0.6483883,17.681442
1981,snow__p2__s1,taboo,4,1,0,0.024389228,0.15835516,0.7922938,78.49776,0.7952716,-0.5826646,20.314224
1982,snow__p2__s1,taboo,5,1,0,0.14791095,0.4424031,0.82991606,67.87784,0.7662977,-0.5930828,19.801126
1983,snow__p2__s1,taboo,6,1,0,0.083160795,0.5109001,2.4337795,113.827705,0.7616664,-0.61284304,19.685102
1984,snow__p2__s1,taboo,7,1,0,0.19397675,0.67096454,1.4796371,97.06988,0.74741614,-0.5928505,20.034
1985,snow__p2__s1,taboo,8,1,1,0.026647106,0.15027606,0.6201725,99.51218,0.8258876,-0.6102277,22.248177
1986,snow__p2__s1,taboo,9,1,0,0.0001335055,0.001823074,0.022847874,118.945114,0.7426584,-0.58988935,21.603584
1987,snow__p2__s1,taboo,10,1,0,0.21850185,1.0080546,3.2014732,117.10618,0.747601,-0.57389367,21.105095
1988,snow__p2__s1,taboo,11,1,0,0.48516795,0.75037944,0.62505984,86.77949,0.7251329,-0.5640173,21.958982
1989,snow__p2__s1,taboo,12,1,0,0.32323328,0.86921644,1.6417886,79.74874,0.7076536,-0.5514207,21.80436
1990,snow__p2__s1,taboo,13,1,0,0.038954943,0.25123426,1.355165,87.860176,0.6904902,-0.5517633,23.174644
1991,snow__p2__s1,taboo,14,1,0,0.095985346,0.5451077,2.257909,69.56864,0.65793484,-0.55408984,21.44418
1992,snow__p2__s1,taboo,15,1,0,0.8790017,1.2165108,1.5233842,86.67696,0.65838575,-0.54075366,22.502127
1993,snow__p2__s1,taboo,16,1,0,0.08281223,0.41826355,1.4968736,101.26179,0.66785663,-0.5679288,20.898333
1994,snow__p2__s1,taboo,17,1,0,1.1639307,1.567059,1.6820903,101.57064,0.6781797,-0.5595116,22.126083
1995,snow__p2__s1,taboo,18,1,0,0.4124092,1.5044324,3.8636734,89.270645,0.6747369,-0.54379946,24.094294
1996,snow__p2__s1,taboo,19,1,0,0.28413224,1.1865137,3.871353,93.78812,0.66323507,-0.5208684,25.3061
1997,snow__p2__s1,taboo,20,1,0,0.84539706,0.8280731,0.8877423,109.093506,0.6798964,-0.54201645,24.995562
1998,snow__p2__s1,taboo,21,1,0,0.0012546057,0.013973748,0.13960396,122.446915,0.65656567,-0.53227043,25.292322
1999,snow__p2__s1,taboo,22,1,0,1.0942242,1.7624847,2.3555188,99.167496,0.6241032,-0.52501273,23.899467
2000,snow__p2__s1,taboo,23,1,0,0.04482087,0.26621398,1.2160103,125.092575,0.6416909,-0.5361607,23.18895
2001,snow__p2__s1,taboo,24,1,0,0.18580696,0.9077524,3.0408459,111.96975,0.6717812,-0.5873301,19.403133
2002,snow__p2__s1,taboo,25,1,0,0.0003551806,0.0039314413,0.037843835,80.36384,0.65903187,-0.5618763,22.31084
2003,snow__p2__s1,taboo,26,1,0,0.15887761,0.51744276,1.1978527,120.89039,0.6593121,-0.58236045,21.2428
2004,snow__p2__s1,taboo,27,1,0,0.40994322,0.7644013,0.7475747,106.38373,0.7182973,-0.6265501,22.086164
2005,snow__p2__s1,taboo,28,1,0,0.35200426,0.6313959,0.31694752,112.35435,0.6617163,-0.5963384,20.32689
2006,snow__p2__s1,taboo,29,1,0,0.09637612,0.34424412,0.7375624,95.05855,0.6525407,-0.59913296,20.802818
2007,snow__p2__s2,taboo,0,1,1,1.0353769,3.5926864,8.118538,137.79169,0.9358053,-0.6458497,17.688646
2008,snow__p2__s2,taboo,1,1,1,1.3577046,2.526236,4.5826445,115.920494,0.8942976,-0.6732583,18.576784
2009,snow__p2__s2,taboo,2,1,1,0.07419469,0.34978104,1.1882136,121.155266,0.85270256,-0.63556707,17.880621
2010,snow__p2__s2,taboo,3,1,0,0.29496568,1.3829749,5.244524,123.82864,0.84313834,-0.65135586,17.577461
2011,snow__p2__s2,taboo,4,1,0,0.036971282,0.22497489,1.0256511,77.93672,0.80106366,-0.58624595,20.17079
2012,snow__p2__s2,taboo,5,1,0,0.16789554,0.4892002,0.93873155,64.71985,0.77001154,-0.5955472,19.784924
2013,snow__p2__s2,taboo,6,1,0,0.104984336,0.6270602,2.8635802,113.09953,0.7628441,-0.6138257,19.562014
2014,snow__p2__s2,taboo,7,1,0,0.24468389,0.7801701,1.5364978,94.58556,0.74774754,-0.59585655,19.919325
2015,snow__p2__s2,taboo,8,1,1,0.08793501,0.32801518,0.75323784,98.08879,0.82661253,-0.6092267,22.543623
2016,snow__p2__s2,taboo,9,1,0,0.00014673587,0.0019167522,0.022958739,117.937965,0.7426936,-0.5900682,21.464119
2017,snow__p2__s2,taboo,10,1,0,0.22478387,1.0414951,3.3359218,116.42362,0.748308,-0.5749089,21.028027
2018,snow__p2__s2,taboo,11,1,0,1.067528,0.75310314,0.75423694,79.24453,0.75546765,-0.5600493,22.116041
2019,snow__p2__s2,taboo,12,1,0,1.2007647,1.5426474,1.5236945,95.155556,0.71338063,-0.54550856,23.34529
2020,snow__p2__s2,taboo,13,1,0,0.07985302,0.51452035,2.5201366,75.81321,0.67283046,-0.55422914,21.456404
2021,snow__p2__s2,taboo,14,1,0,0.73927116,1.36839,1.8388832,123.58082,0.6843694,-0.54254436,22.304617
2022,snow__p2__s2,taboo,15,1,0,0.21010245,1.034744,3.47187,106.56811,0.69745564,-0.5912734,18.818283
2023,snow__p2__s2,taboo,16,1,0,0.00059515407,0.00617156,0.05546215,78.04925,0.69084805,-0.5633787,21.825191
2024,snow__p2__s2,taboo,17,1,0,0.24481651,0.882544,2.5966167,121.3651,0.680782,-0.5840347,20.821117
2025,snow__p2__s2,taboo,18,1,0,0.5801684,0.94018084,0.9751562,106.3882,0.66840327,-0.5768341,21.577648
2026,snow__p2__s2,taboo,19,1,0,1.0210259,1.5519443,1.968941,113.29276,0.6788008,-0.5843427,20.277542
2027,snow__p2__s2,taboo,20,1,0,0.7816897,0.8400208,0.7092427,88.367966,0.68763304,-0.5764312,21.872307
2028,snow__p2__s2,taboo,21,1,0,0.8866919,1.3982959,1.9209449,117.47818,0.67640615,-0.5785611,20.937222
2029,snow__p2__s2,taboo,22,1,0,1.1252615,1.8597655,1.3779975,117.66403,0.64041626,-0.5597208,21.72038
2030,snow__p2__s2,taboo,23,1,0,0.029490024,0.19873792,1.0418576,78.721504,0.6433868,-0.56858194,20.97736
2031,snow__p2__s2,taboo,24,1,0,0.011626109,0.100127906,0.72486067,81.65168,0.6585177,-0.56071895,22.804092
2032,snow__p2__s2,taboo,25,1,0,0.086763866,0.51802766,2.3220756,105.69699,0.64778763,-0.5540532,22.581516
2033,snow__p2__s2,taboo,26,1,1,0.5483762,1.3439586,1.7934821,61.376087,0.6535357,-0.55675733,23.694729
2034,snow__p2__s2,taboo,27,1,0,0.66751564,1.4883956,1.8886683,115.116875,0.6339575,-0.52268815,23.129807
2035,snow__p2__s2,taboo,28,1,0,0.3236829,1.4706757,4.4038143,112.063095,0.68589646,-0.61694974,18.768429
2036,snow__p2__s2,taboo,29,1,0,0.0009236837,0.0085959155,0.06880521,81.4757,0.6670694,-0.60719204,20.492151
2037,snow__p2__s3,taboo,0,1,1,4.0938435,3.5894227,8.144403,119.59379,0.91555476,-0.66497254,16.019035
2038,snow__p2__s4,taboo,0,1,1,1.0862194,3.676969,8.054516,137.86589,0.935931,-0.64582527,17.680939
2039,snow__p2__s4,taboo,1,1,0,3.1228895,2.5462725,4.550905,130.6868,0.8615333,-0.62630874,18.439737
2040,snow__p2__s4,taboo,2,1,0,2.143365,1.5164757,3.9180498,50.712547,0.7904255,-0.61018896,19.119917
2041,snow__p2__s4,taboo,3,1,0,0.15023412,0.81093454,3.0969305,110.66274,0.7721274,-0.5729333,20.657682
2042,snow__p2__s4,taboo,4,1,0,0.611259,0.9083498,1.1298363,75.38487,0.78640014,-0.5635305,21.51271
2043,snow__p2__s4,taboo,5,1,0,0.79708195,1.4135561,1.7225096,62.441288,0.7700621,-0.54278356,22.866161
2044,snow__p2__s4,taboo,6,1,0,0.0032837063,0.032979533,0.28771827,105.17824,0.71139246,-0.5360316,24.056152
2045,snow__p2__s4,taboo,7,1,0,2.367585,2.0368478,2.5132594,117.20716,0.7099254,-0.52716494,24.25232
2046,snow__p2__s4,taboo,8,1,0,0.49937403,1.4109768,2.45929,84.58136,0.7657661,-0.5593608,22.073166
2047,snow__p2__s4,taboo,9,1,0,0.08163353,0.57516474,3.2310429,107.73363,0.7141122,-0.54664236,23.020487
2048,snow__p2__s4,taboo,10,1,0,1.0340304,1.6719427,2.0978327,89.42661,0.703031,-0.5573846,21.828176
2049,snow__p2__s4,taboo,11,1,0,0.3859109,0.8851959,1.2494118,104.93582,0.6977687,-0.56019074,20.877508
2050,snow__p2__s4,taboo,12,1,0,0.16123351,0.7938674,3.1265986,112.73265,0.7032557,-0.5877322,19.910753
2051,snow__p2__s4,taboo,13,1,1,1.9281311,0.9847913,1.9531357,102.199646,0.7912643,-0.63589203,20.535912
2052,snow__p2__s4,taboo,14,1,0,0.5890386,0.754465,0.30214322,119.871315,0.69409305,-0.59540737,19.314177
2053,snow__p2__s4,taboo,15,1,0,0.12556055,0.57866466,1.8658414,111.146576,0.69180095,-0.6045362,19.87668
2054,snow__p2__s4,taboo,16,1,0,0.000544519,0.0053753755,0.04629453,100.86747,0.6819787,-0.5824357,20.870892
2055,snow__p2__s4,taboo,17,1,0,1.0840642,1.8005986,1.646483,94.805916,0.6616873,-0.57863915,20.60188
2056,snow__p2__s4,taboo,18,1,0,0.16122843,0.799615,2.7966821,77.50797,0.67040753,-0.5698245,22.306797
2057,snow__p2__s4,taboo,19,1,0,0.6877821,2.2488647,3.6524749,102.898674,0.6550774,-0.56076944,21.76387
2058,snow__p2__s4,taboo,20,1,0,2.0043912,0.89158094,2.021596,123.407684,0.65278167,-0.5325949,21.948017
2059,snow__p2__s4,taboo,21,1,0,2.431801,2.3795483,3.1673102,113.8654,0.6839317,-0.60665387,18.427504
2060,snow__p2__s4,taboo,22,1,0,1.0934533,1.7650583,1.7762662,111.35917,0.66579914,-0.5963231,20.27276
2061,snow__p2__s4,taboo,23,1,0,0.0002921393,0.0038314015,0.04533533,88.17354,0.65533847,-0.5831335,21.860388
2062,snow__p2__s4,taboo,24,1,0,0.0006083783,0.007491798,0.08194001,100.094734,0.6437625,-0.57920885,21.856028
2063,snow__p2__s4,taboo,25,1,0,0.41323912,0.9434365,1.0420579,80.24814,0.6358373,-0.5795007,21.424547
2064,snow__p2__s4,taboo,26,1,0,0.002509423,0.022612965,0.17258874,85.694084,0.6597914,-0.5980579,22.03935
2065,snow__p2__s4,taboo,27,1,1,0.29233286,0.8582511,1.2992771,96.3284,0.71785253,-0.61583656,23.075098
2066,snow__p2__s4,taboo,28,1,0,0.003235346,0.024763983,0.15421768,102.54627,0.64994186,-0.5924049,22.19757
2067,snow__p2__s4,taboo,29,1,0,0.0007016581,0.008522943,0.09196064,109.865486,0.6156742,-0.56704026,23.164206
2068,snow__p2__s5,taboo,0,1,1,4.0986843,3.596469,8.11993,133.4607,0.9303428,-0.6515211,17.230593
2069,snow__p2__s5,taboo,1,1,0,0.008673259,0.09271699,0.912,112.40783,0.8891272,-0.6422268,18.152431
2070,snow__p2__s5,taboo,2,1,0,0.21673632,0.7042281,1.4007754,98.96782,0.8372241,-0.5641799,20.90518
2071,snow__p2__s5,taboo,3,1,1,2.9835694,2.4102614,4.349572,140.29271,0.81982654,-0.6192712,18.072708
2072,snow__p2__s5,taboo,4,1,1,1.0610726,2.3316329,4.361802,118.01459,0.8544644,-0.67798555,18.16348
2073,snow__p2__s5,taboo,5,1,1,0.0005604842,0.006441804,0.069599174,119.958496,0.7733967,-0.58491254,19.520546
2074,snow__p2__s5,taboo,6,1,1,0.7825862,2.3390276,5.0881453,115.033775,0.773575,-0.6098522,19.85025
2075,snow__p2__s5,taboo,7,1,1,0.58408725,2.4594188,6.4274373,120.628334,0.76447976,-0.58163446,20.735403
2076,snow__p2__s5,taboo,8,1,1,0.20410007,1.1533036,4.91431,105.51351,0.7219883,-0.5998304,20.100891
2077,snow__p2__s5,taboo,9,1,1,1.5217954,3.576518,4.917321,132.42271,0.74115247,-0.65470207,17.516453
2078,snow__p2__s5,taboo,10,1,1,2.972748,2.3505542,3.4719257,128.46576,0.70368075,-0.6486777,16.333685
2079,snow__p2__s5,taboo,11,1,1,0.88577044,1.3358924,1.2985313,127.53579,0.66560787,-0.6058899,19.547873
2080,snow__p2__s5,taboo,12,1,1,0.40089276,1.4920416,4.7605524,115.37662,0.66363,-0.6031618,18.973501
2081,snow__p2__s5,taboo,13,1,1,0.6488999,0.82279384,0.9174547,129.48695,0.6386746,-0.5854511,19.957169
2082,snow__p2__s5,taboo,14,1,1,3.273662,3.1521726,4.1264625,118.383675,0.66311836,-0.6094949,18.914427
2083,snow__p2__s5,taboo,15,1,1,1.9381413,4.7118692,5.3248253,130.94275,0.6546281,-0.609205,18.846115
2084,snow__p2__s5,taboo,16,1,1,2.9846349,3.0075517,3.8299499,106.64273,0.64340687,-0.5932066,19.276915
2085,snow__p2__s5,taboo,17,1,1,1.1161128,2.123661,2.796727,129.58594,0.66994095,-0.5330268,23.383926
2086,snow__p2__s6,taboo,0,1,1,1.0332801,3.5772302,8.10626,137.67642,0.936113,-0.6460277,17.677986
2087,snow__p2__s6,taboo,1,1,1,1.3659585,2.5282815,4.5078125,115.57094,0.89509135,-0.67349994,18.604914
2088,snow__p2__s6,taboo,2,1,1,0.07282924,0.3441111,1.177428,121.03775,0.8528189,-0.6356708,17.881243
2089,snow__p2__s6,taboo,3,1,0,0.30213714,1.3923965,5.1914864,123.56563,0.843027,-0.6513961,17.566315
2090,snow__p2__s6,taboo,4,1,0,0.03607917,0.2192819,0.99794996,77.980804,0.8015052,-0.58632827,20.163195
2091,snow__p2__s6,taboo,5,1,0,0.16780916,0.4884255,0.9330041,64.22024,0.7705516,-0.5958029,19.758738
2092,snow__p2__s6,taboo,6,1,0,0.104111806,0.62173164,2.8433928,112.36749,0.7630593,-0.61412776,19.546734
2093,snow__p2__s6,taboo,7,1,0,0.24547943,0.78489864,1.5603888,94.08509,0.7480164,-0.59577656,19.915411
2094,snow__p2__s6,taboo,8,1,1,0.0879278,0.3279313,0.75241464,97.76131,0.82671964,-0.60975087,22.498352
2095,snow__p2__s6,taboo,9,1,0,0.00015424492,0.0020251018,0.02439766,118.22982,0.74314857,-0.590292,21.425549
2096,snow__p2__s6,taboo,10,1,0,0.23839323,1.0794582,3.3589087,116.95563,0.7488868,-0.57524467,20.994267
2097,snow__p2__s6,taboo,11,1,0,0.4888901,0.7757221,0.75598675,85.76713,0.72545224,-0.5652665,21.904451
2098,snow__p2__s6,taboo,12,1,0,0.28529727,0.86077756,1.8418472,79.16099,0.7071622,-0.55303955,21.76855
2099,snow__p2__s6,taboo,13,1,0,0.04855508,0.29796308,1.5359397,85.61589,0.6918331,-0.5535675,23.11515
2100,snow__p2__s6,taboo,14,1,0,0.114829704,0.6304828,2.4791126,68.27627,0.65997094,-0.5555024,21.38869
2101,snow__p2__s6,taboo,15,1,0,0.96745646,1.2517343,1.5305209,84.92027,0.6599172,-0.5410676,22.469044
2102,snow__p2__s6,taboo,16,1,0,0.08102007,0.4152077,1.5235068,98.98199,0.6691888,-0.56896263,20.859943
2103,snow__p2__s6,taboo,17,1,0,1.1860594,1.6248108,1.7319279,100.55933,0.679164,-0.56131625,22.04459
2104,snow__p2__s6,taboo,18,1,0,0.42195976,1.5608721,4.047543,89.01604,0.67566437,-0.5447969,24.0628
2105,snow__p2__s6,taboo,19,1,0,0.32745212,1.3325661,4.22079,93.111595,0.6639207,-0.521092,25.305971
2106,snow__p2__s6,taboo,20,1,0,0.84808046,0.8464412,0.9909967,108.98503,0.67929745,-0.54345584,24.946411
2107,snow__p2__s6,taboo,21,1,0,0.0014980534,0.016594812,0.16486678,121.68538,0.6574327,-0.53257287,25.265043
2108,snow__p2__s6,taboo,22,1,0,1.1495918,1.8656094,2.4736695,96.51463,0.62548447,-0.5250421,23.993925
2109,snow__p2__s6,taboo,23,1,0,0.05838221,0.3322695,1.4394591,125.806946,0.64345604,-0.5371171,23.183468
2110,snow__p2__s6,taboo,24,1,0,0.18747236,0.93422043,3.18477,111.732216,0.6726331,-0.58811367,19.404154
2111,snow__p2__s6,taboo,25,1,0,0.0003756771,0.004147258,0.03971133,78.61898,0.65854454,-0.56227446,22.343054
2112,snow__p2__s6,taboo,26,1,0,2.0366066,0.5362596,1.2992862,85.22541,0.6759315,-0.5940025,19.89023
2113,snow__p2__s6,taboo,27,1,0,0.0020891048,0.020822354,0.17649186,104.526855,0.6848159,-0.60333085,20.95815
2114,snow__p2__s6,taboo,28,1,0,0.16279222,0.7358161,2.1943545,106.83209,0.72534204,-0.6315843,21.77604
2115,snow__p2__s6,taboo,29,1,0,0.0094123185,0.0574622,0.26753092,107.66831,0.6712984,-0.6007783,21.585196
2116,snow__p2__s7,taboo,0,1,0,2.785377,3.5926864,8.118538,134.82053,0.9216505,-0.656463,17.305414
2117,snow__p2__s7,taboo,1,1,0,0.5170723,0.8921798,0.97330475,111.60601,0.85015726,-0.56438565,20.66241
2118,snow__p2__s7,taboo,2,1,1,0.69631064,2.3923132,4.5864186,117.45611,0.84601533,-0.59124625,19.139212
2119,snow__p2__s7,taboo,3,1,1,0.35240465,1.0872831,3.0020351,107.08291,0.8114758,-0.58285487,20.587965
2120,snow__p2__s7,taboo,4,1,0,1.2836313,2.3708086,3.768587,131.02458,0.772963,-0.5932565,19.881357
2121,snow__p2__s7,taboo,5,1,1,0.36842075,0.8732568,1.3826452,102.99249,0.8632602,-0.676813,19.034822
2122,snow__p2__s7,taboo,6,1,0,0.0029268307,0.022490839,0.14297962,118.22462,0.73994255,-0.58758855,20.900349
2123,snow__p2__s7,taboo,7,1,0,0.953131,0.96984994,1.2066096,108.85279,0.72869784,-0.596753,20.2458
2124,snow__p2__s7,taboo,8,1,1,0.009646704,0.060265552,0.29500502,116.71744,0.73247075,-0.5938314,20.814045
2125,snow__p2__s7,taboo,9,1,1,0.6000248,2.0897083,4.64168,112.28402,0.7270875,-0.56188,21.41191
2126,snow__p2__s7,taboo,10,1,1,4.0256124,3.3002377,4.5665064,99.148605,0.7548083,-0.6422092,18.383125
2127,snow__p2__s7,taboo,11,1,1,0.41828108,1.471159,3.8522522,113.88256,0.71878856,-0.61971724,19.354534
2128,snow__p2__s7,taboo,12,1,1,0.0008699685,0.011178007,0.1298342,104.45681,0.72700584,-0.62957895,19.599117
2129,snow__p2__s7,taboo,13,1,1,1.5762796,4.4743185,7.290634,114.268295,0.720938,-0.6453082,16.763123
2130,snow__p2__s7,taboo,14,1,1,1.320327,2.0414853,2.878067,108.11859,0.6796993,-0.6193165,18.195549
2131,snow__p2__s7,taboo,15,1,1,0.71979487,1.2105858,1.0827979,114.321625,0.6322549,-0.56862366,20.97125
2132,snow__p2__s7,taboo,16,1,1,2.059737,3.7802925,7.115104,100.991104,0.65631205,-0.5957694,18.964142
2133,snow__p2__s7,taboo,17,1,1,2.9653382,3.6674683,3.2601738,137.52206,0.673592,-0.6145383,18.900131
2134,snow__p2__s7,taboo,18,1,1,1.1743174,2.7863033,6.5153055,85.161995,0.67537993,-0.6276208,18.715563
2135,snow__p2__s7,taboo,19,1,1,2.7432466,2.5777411,3.7760365,119.58724,0.65635157,-0.6124393,19.382786
2136,snow__p2__s7,taboo,20,1,1,1.224796,1.6172602,1.7736526,111.75229,0.61860865,-0.5790081,20.629354
2137,snow__p2__s7,taboo,21,1,1,1.3125343,2.8611908,4.022311,110.522095,0.6340184,-0.5778553,20.679163
2138,snow__p2__s7,taboo,22,1,1,0.6340234,1.6330287,2.231626,122.48771,0.6532007,-0.52879333,23.440083
2139,snow__p3__s0,taboo,0,1,1,0.92748964,2.2128708,3.68936,146.64859,0.9082633,-0.6489872,16.93592
2140,snow__p3__s0,taboo,1,1,1,0.11067255,0.6796049,3.333778,109.39486,0.83507586,-0.6424786,18.113571
2141,snow__p3__s0,taboo,2,1,1,0.8723546,2.453356,4.293456,121.95204,0.79828995,-0.6387213,18.22784
2142,snow__p3__s0,taboo,3,1,1,1.1559364,2.9650877,3.9588413,77.51548,0.7796889,-0.6564085,17.2256
2143,snow__p3__s0,taboo,4,1,1,0.5415379,1.9464314,4.451059,127.51568,0.7494145,-0.6401684,18.092123
2144,snow__p3__s0,taboo,5,1,1,0.00046409326,0.006231647,0.07590325,113.93288,0.7482423,-0.6439196,18.571573
2145,snow__p3__s0,taboo,6,1,1,1.565868,3.892945,6.213398,117.76326,0.7370505,-0.655632,16.130548
2146,snow__p3__s0,taboo,7,1,1,0.4824701,1.5417567,3.2704504,114.142075,0.6972362,-0.63222593,17.196138
2147,snow__p3__s0,taboo,8,1,1,0.42353863,1.0638261,1.4573668,116.265945,0.6465961,-0.57462883,20.365732
2148,snow__p3__s0,taboo,9,1,1,1.2642499,3.440828,7.1217947,122.88912,0.6668955,-0.5890732,19.984356
2149,snow__p3__s0,taboo,10,1,1,1.7602072,3.2473383,3.2471805,125.597824,0.67798984,-0.6060587,20.313684
2150,snow__p3__s0,taboo,11,1,1,1.3490965,2.8863,3.6482944,107.61066,0.67594254,-0.60890436,18.756887
2151,snow__p3__s0,taboo,12,1,1,0.11126253,0.55094665,1.9709753,107.530945,0.6721357,-0.615448,18.446089
2152,snow__p3__s0,taboo,13,1,1,0.095241055,0.3440288,0.8104005,121.85945,0.6537788,-0.60112256,19.53167
2153,snow__p3__s0,taboo,14,1,1,0.87514126,2.7726188,5.973626,68.776276,0.6627569,-0.6124461,18.420748
2154,snow__p3__s0,taboo,15,1,1,1.5016273,4.1941204,6.2552643,107.23568,0.65495026,-0.60433006,20.617706
2155,snow__p3__s0,taboo,16,1,1,1.1018177,2.8317814,5.3006043,97.10226,0.647348,-0.60289276,19.860382
2156,snow__p3__s0,taboo,17,1,1,2.0327606,4.056448,4.6518035,92.06522,0.6392099,-0.5986526,21.620388
2157,snow__p3__s0,taboo,18,1,1,1.299044,2.4493456,3.4801042,137.91928,0.6412792,-0.5905921,19.951666
2158,snow__p3__s0,taboo,19,1,1,0.6443466,2.1341588,4.23811,131.66768,0.68326575,-0.54700327,22.3619
2159,snow__p3__s1,taboo,0,1,0,1.3605738,2.2399282,3.6934154,130.2531,0.9257139,-0.67297125,16.576223
2160,snow__p3__s1,taboo,1,1,1,0.13059723,0.50206584,1.1544203,131.65013,0.86166495,-0.59599274,19.169352
2161,snow__p3__s1,taboo,2,1,1,0.5703355,1.7353005,3.8950253,145.48146,0.8408127,-0.639562,17.402155
2162,snow__p3__s1,taboo,3,1,1,0.062009405,0.41582942,2.2749472,112.52233,0.80715454,-0.6401854,18.37133
2163,snow__p3__s1,taboo,4,1,1,0.75947696,2.2415142,4.252306,122.95502,0.7677889,-0.6360265,18.825962
2164,snow__p3__s1,taboo,5,1,1,1.1158257,2.8654635,3.8241916,78.93667,0.7620187,-0.65483326,17.594147
2165,snow__p3__s1,taboo,6,1,1,0.4627965,1.7783445,4.426757,128.01471,0.73325604,-0.63859284,18.45382
2166,snow__p3__s1,taboo,7,1,1,0.0003558956,0.0048597935,0.06011225,113.67323,0.73794085,-0.6428822,18.891518
2167,snow__p3__s1,taboo,8,1,1,4.303808,3.7644453,6.260976,122.04084,0.73022825,-0.6634145,15.57613
2168,snow__p3__s1,taboo,9,1,1,0.60362583,0.8485875,0.75441444,103.4008,0.6590256,-0.5888132,19.276749
2169,snow__p3__s1,taboo,10,1,1,3.1276605,2.9425137,4.8696003,115.20038,0.6702225,-0.6123999,17.646486
2170,snow__p3__s1,taboo,11,1,1,0.24225882,0.99649984,2.4592953,98.23687,0.6545226,-0.57326996,20.744291
2171,snow__p3__s1,taboo,12,1,1,1.6846442,1.8115385,3.1571953,90.592514,0.6559373,-0.59881,18.1449
2172,snow__p3__s1,taboo,13,1,1,0.8208496,1.4707847,1.8509347,91.00289,0.64773756,-0.5876299,19.346153
2173,snow__p3__s1,taboo,14,1,1,0.3572048,1.750783,6.0496325,116.644745,0.6668178,-0.6103195,19.951475
2174,snow__p3__s1,taboo,15,1,1,0.7243925,1.8735404,3.6391053,133.81409,0.6635795,-0.6168587,19.432205
2175,snow__p3__s1,taboo,16,1,1,1.4014858,2.364629,2.6700087,85.14925,0.68077815,-0.62852556,19.590662
2176,snow__p3__s1,taboo,17,1,1,0.4811613,1.4579505,2.6736863,126.21173,0.6333837,-0.58965623,21.039001
2177,snow__p3__s1,taboo,18,1,1,0.80406845,2.207851,2.7627618,123.43634,0.6157824,-0.5748781,21.509563
2178,snow__p3__s1,taboo,19,1,1,0.33979273,1.4825339,4.573324,105.61884,0.62734556,-0.5861534,22.008757
2179,snow__p3__s1,taboo,20,1,1,1.6128787,2.6751978,3.401595,96.06656,0.6243418,-0.58680797,21.248049
2180,snow__p3__s1,taboo,21,1,1,1.5768869,1.2095685,0.9729029,115.07836,0.6140576,-0.567562,22.522856
2181,snow__p3__s1,taboo,22,1,1,0.16332775,0.76694006,2.5781674,129.96552,0.6638068,-0.54234314,23.223625
2182,snow__p3__s2,taboo,0,1,0,1.3605738,2.2399282,3.6934156,130.2531,0.9257139,-0.67297125,16.576223
2183,snow__p3__s2,taboo,1,1,1,0.13059723,0.5020658,1.1544204,131.65013,0.86166495,-0.59599274,19.169352
2184,snow__p3__s2,taboo,2,1,1,0.5703355,1.7353004,3.8950248,145.48146,0.8408127,-0.639562,17.402155
2185,snow__p3__s2,taboo,3,1,1,0.062009405,0.41582942,2.2749472,112.52233,0.80715454,-0.6401854,18.37133
2186,snow__p3__s2,taboo,4,1,1,0.75947696,2.2415142,4.252306,122.95502,0.7677889,-0.6360265,18.825962
2187,snow__p3__s2,taboo,5,1,1,1.1158257,2.8654637,3.824191,78.93667,0.7620187,-0.65483326,17.594147
2188,snow__p3__s2,taboo,6,1,1,0.4627965,1.7783446,4.4267573,128.01471,0.73325604,-0.63859284,18.45382
2189,snow__p3__s2,taboo,7,1,1,0.0003558956,0.004859793,0.060112245,113.67323,0.73794085,-0.6428822,18.891518
2190,snow__p3__s2,taboo,8,1,1,1.4288082,3.764445,6.260976,118.392746,0.7277196,-0.65434027,16.426794
2191,snow__p3__s2,taboo,9,1,1,0.5260693,1.5443485,3.0250647,113.56645,0.6869682,-0.63034654,17.417652
2192,snow__p3__s2,taboo,10,1,1,0.40748525,1.0474454,1.3956553,116.85741,0.6374463,-0.57249755,20.659447
2193,snow__p3__s2,taboo,11,1,1,1.3246936,3.2310023,6.9511433,132.17717,0.6704815,-0.60092306,18.900202
2194,snow__p3__s2,taboo,12,1,1,2.2535772,2.9071226,2.8322563,145.94885,0.6847349,-0.62779725,18.152914
2195,snow__p3__s2,taboo,13,1,1,1.2489219,3.3129716,5.3554006,132.97383,0.7113864,-0.6703293,15.986122
2196,snow__p3__s2,taboo,14,1,1,0.096507214,0.37432295,0.9160616,105.469826,0.6545069,-0.61454034,19.942837
2197,snow__p3__s2,taboo,15,1,1,0.09851817,0.48172987,1.6494975,127.93241,0.64893436,-0.603723,19.600061
2198,snow__p3__s2,taboo,16,1,1,1.4609658,2.254639,1.9197309,128.31985,0.6362997,-0.6023463,19.492928
2199,snow__p3__s2,taboo,17,1,1,1.1261361,1.8581481,2.7702456,135.16496,0.6423559,-0.59932894,19.085814
2200,snow__p3__s2,taboo,18,1,1,0.36781505,1.2963247,2.5328937,121.81962,0.6721353,-0.5471966,22.729673
2201,snow__p3__s3,taboo,0,1,0,1.4205065,2.190512,3.6674461,130.62329,0.9256508,-0.6728229,16.58313
2202,snow__p3__s3,taboo,1,1,1,0.12988696,0.4977378,1.1343147,132.11914,0.86174464,-0.5959463,19.189913
2203,snow__p3__s3,taboo,2,1,1,0.5645606,1.7184699,3.8843365,145.49744,0.84072644,-0.63887125,17.411459
2204,snow__p3__s3,taboo,3,1,1,0.06503913,0.4341094,2.354666,113.1271,0.8070326,-0.63990784,18.38123
2205,snow__p3__s3,taboo,4,1,1,0.839406,2.259735,4.0762,123.06497,0.7680599,-0.6359434,18.836267
2206,snow__p3__s3,taboo,5,1,1,3.078848,2.8624125,3.9530377,126.628845,0.7557759,-0.6452914,18.317146
2207,snow__p3__s3,taboo,6,1,1,1.2182169,2.891368,4.5613127,101.44534,0.7428306,-0.648101,17.581718
2208,snow__p3__s3,taboo,7,1,1,0.7156115,1.7897316,3.0734427,123.59068,0.7321973,-0.654102,16.585611
2209,snow__p3__s3,taboo,8,1,1,0.10736142,0.5143204,1.8180926,124.30964,0.7145843,-0.6351856,18.01094
2210,snow__p3__s3,taboo,9,1,1,1.2899861,3.6779404,6.9249043,74.36782,0.6921105,-0.62727475,18.321278
2211,snow__p3__s3,taboo,10,1,1,0.73371136,2.788147,7.17273,102.85948,0.7132545,-0.6511714,18.030802
2212,snow__p3__s3,taboo,11,1,1,2.3712153,2.3366313,4.451629,59.71101,0.6630279,-0.6135411,19.837027
2213,snow__p3__s3,taboo,12,1,1,2.4685535,3.4123738,5.1806326,125.083115,0.68545943,-0.63729954,18.304178
2214,snow__p3__s3,taboo,13,1,0,0.22065327,0.60677516,1.0854651,133.31284,0.6575367,-0.6063295,19.12695
2215,snow__p3__s3,taboo,14,1,1,0.7753124,1.3009276,1.8035018,93.65415,0.62957793,-0.5647486,21.138294
2216,snow__p3__s3,taboo,15,1,1,0.23458083,1.1544813,4.182502,103.93507,0.645867,-0.574559,20.257082
2217,snow__p3__s3,taboo,16,1,1,0.77587974,2.696353,5.823074,118.33149,0.6477654,-0.5912243,20.85506
2218,snow__p3__s3,taboo,17,1,1,2.0713553,2.7119107,3.9040236,109.65743,0.6567554,-0.59989357,19.55581
2219,snow__p3__s3,taboo,18,1,1,4.1568937,3.0956514,3.5403342,150.31122,0.69297934,-0.64386207,17.936466
2220,snow__p3__s3,taboo,19,1,1,1.2389215,2.4255128,2.7230327,109.25704,0.6606027,-0.6172202,19.735971
2221,snow__p3__s3,taboo,20,1,1,1.0900226,1.9838989,2.5618944,143.28847,0.64919317,-0.6098112,18.568014
2222,snow__p3__s3,taboo,21,1,1,0.8001261,1.9828894,2.8004339,124.56399,0.61456746,-0.57339364,20.691637
2223,snow__p3__s3,taboo,22,1,1,2.009477,1.2299746,2.2271416,107.13154,0.6339225,-0.58971995,21.398245
2224,snow__p3__s3,taboo,23,1,1,3.3967896,2.9998572,4.50232,92.1487,0.6314722,-0.5930383,20.156494
2225,snow__p3__s3,taboo,24,1,1,1.2088455,2.0105946,3.100944,50.67133,0.62867326,-0.58738565,21.464127
2226,snow__p3__s3,taboo,25,1,1,0.48972216,1.7276117,4.1556616,109.66909,0.60895604,-0.5642543,22.660069
2227,snow__p3__s3,taboo,26,1,1,0.1357368,0.62874883,2.2088244,122.8164,0.6605302,-0.53901756,23.047169
2228,snow__p3__s4,taboo,0,1,0,3.1105738,2.2399282,3.6934156,123.93425,0.92699355,-0.6926218,15.585359
2229,snow__p3__s4,taboo,1,1,1,0.02232654,0.14904702,0.8036539,123.27621,0.8607589,-0.5999327,18.6342
2230,snow__p3__s4,taboo,2,1,1,0.52351755,1.7222512,4.1849637,144.68913,0.8379048,-0.63618314,17.43729
2231,snow__p3__s4,taboo,3,1,1,0.07198697,0.48351303,2.644425,113.10222,0.80467707,-0.63762575,18.408823
2232,snow__p3__s4,taboo,4,1,1,1.5803827,2.333362,4.240305,76.00202,0.7717154,-0.65777946,16.938175
2233,snow__p3__s4,taboo,5,1,1,2.2576694,3.3432662,2.77303,125.83601,0.7436082,-0.6408598,18.237469
2234,snow__p3__s4,taboo,6,1,1,0.14732482,0.79579103,3.2601566,121.820206,0.73192984,-0.6343673,19.08849
2235,snow__p3__s4,taboo,7,1,1,1.7879453,3.4530957,5.52823,138.04561,0.7608791,-0.6886079,15.52975
2236,snow__p3__s4,taboo,8,1,1,0.005556614,0.042346686,0.2580531,130.1995,0.69599915,-0.63201797,17.777023
2237,snow__p3__s4,taboo,9,1,1,0.41425753,1.1405584,1.9561349,112.80892,0.6518419,-0.58201355,20.449663
2238,snow__p3__s4,taboo,10,1,1,0.7712605,2.7583704,6.578967,123.85556,0.6703546,-0.5949776,19.567846
2239,snow__p3__s4,taboo,11,1,1,1.4544598,2.854723,3.6985943,115.54804,0.67712873,-0.6086394,18.831348
2240,snow__p3__s4,taboo,12,1,1,0.1608012,0.48750296,0.77568746,113.81016,0.663475,-0.5977473,20.089685
2241,snow__p3__s4,taboo,13,1,1,0.87220985,2.5195024,4.2025547,102.256516,0.67357045,-0.6126224,20.1933
2242,snow__p3__s4,taboo,14,1,1,1.8247046,4.0383363,4.12745,117.65513,0.66969824,-0.6142882,19.514538
2243,snow__p3__s4,taboo,15,1,1,0.00028820653,0.0037810947,0.04428853,99.29197,0.67609566,-0.62124205,20.416382
2244,snow__p3__s4,taboo,16,1,1,2.5482707,2.821867,3.9570415,144.11012,0.6884138,-0.6414327,18.625952
2245,snow__p3__s4,taboo,17,1,1,2.0144794,3.7370038,4.928805,74.21725,0.6752292,-0.63196576,18.571987
2246,snow__p3__s4,taboo,18,1,1,2.3719888,2.9941382,5.0389194,119.798874,0.6497849,-0.6075491,19.58642
2247,snow__p3__s4,taboo,19,1,1,0.5972885,1.1633296,1.8257571,121.013664,0.6060586,-0.5668188,21.61878
2248,snow__p3__s4,taboo,20,1,1,1.0921003,2.9579191,4.510685,81.827995,0.6179521,-0.57706416,20.783138
2249,snow__p3__s4,taboo,21,1,1,2.3818178,3.697273,3.852045,97.38317,0.6262007,-0.58542144,20.017187
2250,snow__p3__s4,taboo,22,1,1,0.18148449,0.7795483,2.4521618,99.21316,0.5945224,-0.55699,21.72755
2251,snow__p3__s4,taboo,23,1,1,2.217031,3.5983868,4.8958635,120.39173,0.6119753,-0.5579326,21.610788
2252,snow__p3__s4,taboo,24,1,1,0.09525201,0.5563525,2.3844264,115.272415,0.6677331,-0.5413394,22.531822
2253,snow__p3__s5,taboo,0,1,1,0.9855738,2.2399282,3.6934156,146.2149,0.9084324,-0.64931893,16.919754
2254,snow__p3__s5,taboo,1,1,1,0.105917126,0.6594011,3.2833679,109.27136,0.8350713,-0.6425179,18.115294
2255,snow__p3__s5,taboo,2,1,1,0.8950706,2.4986525,4.2785206,121.887375,0.79818267,-0.6388036,18.22737
2256,snow__p3__s5,taboo,3,1,1,1.1665723,2.9692888,3.9254365,77.373314,0.7797233,-0.6565885,17.211884
2257,snow__p3__s5,taboo,4,1,1,0.52041847,1.9087449,4.49764,126.95113,0.74922466,-0.64023364,18.080193
2258,snow__p3__s5,taboo,5,1,1,0.00046254427,0.006209829,0.07567545,113.25492,0.74809164,-0.64380574,18.56309
2259,snow__p3__s5,taboo,6,1,1,1.6217391,3.9118903,6.2087774,117.67229,0.7370192,-0.65564656,16.127895
2260,snow__p3__s5,taboo,7,1,1,0.51314056,1.5767856,3.207206,114.25129,0.6972909,-0.6322292,17.18306
2261,snow__p3__s5,taboo,8,1,1,0.39543334,1.0368842,1.4734652,116.3828,0.6466978,-0.5747358,20.360119
2262,snow__p3__s5,taboo,9,1,1,1.309575,3.3864708,7.05222,122.723564,0.666531,-0.5887346,20.01464
2263,snow__p3__s5,taboo,10,1,1,3.1272988,3.239767,3.2484355,128.04312,0.6820154,-0.61401904,17.827171
2264,snow__p3__s5,taboo,11,1,1,0.0839207,0.36432058,1.0520332,115.31904,0.6640623,-0.6077978,19.504087
2265,snow__p3__s5,taboo,12,1,1,0.7775858,2.2003834,5.1188793,94.454124,0.6775191,-0.62434053,18.22076
2266,snow__p3__s5,taboo,13,1,1,3.0937777,3.9169502,6.471185,90.581764,0.6488022,-0.59710217,19.68841
2267,snow__p3__s5,taboo,14,1,1,1.1817133,3.3290734,5.771047,106.73827,0.68114024,-0.6087724,21.063648
2268,snow__p3__s5,taboo,15,1,1,0.0001914318,0.0028793477,0.039609507,105.572136,0.63902986,-0.59567916,21.315046
2269,snow__p3__s5,taboo,16,1,1,4.0258183,4.7068577,5.4228954,99.54418,0.65931153,-0.6184336,20.324022
2270,snow__p3__s5,taboo,17,1,1,2.8076782,1.9935597,2.2309322,131.74638,0.6390573,-0.59131444,19.81547
2271,snow__p3__s5,taboo,18,1,1,0.38542834,1.8167665,5.960986,137.43799,0.6844204,-0.54687726,22.3225
2272,snow__p3__s6,taboo,0,1,0,1.4306476,2.204027,3.6369047,131.4904,0.92588705,-0.67319244,16.572483
2273,snow__p3__s6,taboo,1,1,1,0.14522511,0.5354636,1.1500498,133.27351,0.86184293,-0.5961415,19.172068
2274,snow__p3__s6,taboo,2,1,1,0.56165946,1.7011831,3.8086462,146.17017,0.84094465,-0.6396767,17.38183
2275,snow__p3__s6,taboo,3,1,1,0.06438668,0.43003288,2.3393078,112.93508,0.8071924,-0.64048326,18.368639
2276,snow__p3__s6,taboo,4,1,1,1.5263479,2.2047062,4.169914,77.53435,0.77523434,-0.66082454,16.945894
2277,snow__p3__s6,taboo,5,1,1,2.8306222,3.2550292,2.7495365,132.35718,0.74787307,-0.6472143,17.900974
2278,snow__p3__s6,taboo,6,1,1,0.030608654,0.2084372,1.1997705,104.022865,0.7379381,-0.64476997,18.017324
2279,snow__p3__s6,taboo,7,1,1,1.5490665,4.0886507,5.556082,140.65791,0.7522465,-0.6874614,15.403549
2280,snow__p3__s6,taboo,8,1,1,0.35731837,1.0466027,1.8076005,134.26198,0.7034179,-0.64191294,16.846157
2281,snow__p3__s6,taboo,9,1,1,0.38663432,1.1853368,1.903968,125.9026,0.65737164,-0.59486806,19.728472
2282,snow__p3__s6,taboo,10,1,1,1.9788467,4.151079,4.9684224,132.33762,0.66958123,-0.6016385,18.508467
2283,snow__p3__s6,taboo,11,1,1,2.352468,2.7269175,2.9679856,148.31232,0.68943375,-0.6302141,17.89789
2284,snow__p3__s6,taboo,12,1,1,2.9481742,3.6614795,3.5563364,85.07088,0.68313265,-0.63426834,17.846893
2285,snow__p3__s6,taboo,13,1,1,0.7533487,1.4722565,2.5384007,126.88576,0.66940343,-0.61807334,18.447203
2286,snow__p3__s6,taboo,14,1,1,1.1220758,1.1112165,2.570003,117.1891,0.6634352,-0.5957152,19.74398
2287,snow__p3__s6,taboo,15,1,1,0.5878918,1.5524795,2.1954248,130.84096,0.6739774,-0.54623044,22.486532
2288,snow__p3__s7,taboo,0,1,0,1.3605738,2.2399282,3.6934156,130.2531,0.9257139,-0.67297125,16.576223
2289,snow__p3__s7,taboo,1,1,1,0.13059723,0.5020658,1.1544204,131.65013,0.86166495,-0.59599274,19.169352
2290,snow__p3__s7,taboo,2,1,1,0.5703355,1.7353004,3.8950248,145.48146,0.8408127,-0.639562,17.402155
2291,snow__p3__s7,taboo,3,1,1,0.062009405,0.41582942,2.2749472,112.52233,0.80715454,-0.6401854,18.37133
2292,snow__p3__s7,taboo,4,1,1,1.6344769,2.2415142,4.252306,77.390686,0.7752134,-0.66070116,16.959797
2293,snow__p3__s7,taboo,5,1,1,3.3310466,3.2564745,2.7509775,145.44548,0.74430686,-0.66333926,16.394207
2294,snow__p3__s7,taboo,6,1,1,2.7490547,2.4049785,2.7115715,127.14199,0.71046656,-0.6511266,16.73975
2295,snow__p3__s7,taboo,7,1,1,0.61259156,1.5202105,2.2567196,123.0233,0.67433786,-0.6121303,19.026163
2296,snow__p3__s7,taboo,8,1,1,2.241559,2.3182743,3.7908604,119.387924,0.6854367,-0.6220129,18.351625
2297,snow__p3__s7,taboo,9,1,1,0.45141006,0.80755293,1.0427439,118.17322,0.6595535,-0.5918124,20.244152
2298,snow__p3__s7,taboo,10,1,1,1.2441278,2.8870282,3.6305363,118.59976,0.6665505,-0.5913743,19.60224
2299,snow__p3__s7,taboo,11,1,1,2.1907127,3.5295708,4.291646,144.86273,0.7036144,-0.65158165,16.26772
2300,snow__p3__s7,taboo,12,1,1,0.5873651,2.2572966,4.807779,123.2412,0.66164553,-0.610975,18.423685
2301,snow__p3__s7,taboo,13,1,1,0.21942514,0.93867,2.7230713,105.47882,0.65886277,-0.60941017,20.044786
2302,snow__p3__s7,taboo,14,1,1,1.5206993,2.0379748,2.521296,142.83266,0.66805106,-0.6208484,19.018381
2303,snow__p3__s7,taboo,15,1,1,2.4443214,3.1205287,5.251853,124.89485,0.648882,-0.6045962,18.97699
2304,snow__p3__s7,taboo,16,1,1,1.4286013,1.6846521,2.2968664,125.918106,0.6066896,-0.56534237,20.693699
2305,snow__p3__s7,taboo,17,1,1,0.07002159,0.43013644,2.4473493,124.68907,0.6125947,-0.55902004,22.390936
2306,snow__p3__s7,taboo,18,1,1,0.30697128,1.3161222,3.5388703,129.77347,0.66596806,-0.5437317,23.141735
