position_id,case_id,mode,tok_idx,label,on_task,surprisal,entropy,varentropy,resid_jump,lookback_ratio,sink_drain,head_disagreement
0,moon__p0__s0,taboo,0,1,0,0.39143732,2.1448221,8.63743,445.90247,0.9254257,-0.490745,10.538418
1,moon__p0__s0,taboo,1,1,0,1.1278144,1.8877816,2.0513396,271.867,0.87043095,-0.53106236,10.498578
2,moon__p0__s0,taboo,2,1,0,0.07853153,0.45433557,2.2283978,337.57178,0.8469509,-0.5495341,10.380382
3,moon__p0__s0,taboo,3,1,0,0.038379323,0.23572597,1.126451,260.34357,0.78123707,-0.4571491,12.466324
4,moon__p0__s0,taboo,4,1,0,0.077308826,0.31843626,1.0399277,137.07481,0.7692707,-0.47318995,11.627907
5,moon__p0__s0,taboo,5,1,0,0.045182478,0.30515486,1.6167781,287.35422,0.7216102,-0.48669034,12.788483
6,moon__p0__s0,taboo,6,1,0,0.07511339,0.3698721,1.2523654,162.37616,0.72226226,-0.5076918,11.72385
7,moon__p0__s0,taboo,7,1,0,0.023841713,0.115478635,0.37002093,212.45953,0.73644245,-0.4931426,12.713744
8,moon__p0__s0,taboo,8,1,0,0.109689385,0.5291889,1.8279808,311.46768,0.72270536,-0.47535163,12.543689
9,moon__p0__s0,taboo,9,1,0,0.58962005,0.7879277,0.63296723,312.93387,0.7002098,-0.4682844,13.204599
10,moon__p0__s0,taboo,10,1,0,0.025985029,0.14966169,0.69940114,178.82674,0.6865056,-0.4255172,14.438595
11,moon__p0__s0,taboo,11,1,0,0.024858538,0.15216076,0.7763147,262.1283,0.6548036,-0.4712068,13.986191
12,moon__p0__s0,taboo,12,1,0,0.13605647,0.6989546,2.4462774,184.23651,0.63203824,-0.47563508,13.026582
13,moon__p0__s0,taboo,13,1,0,1.6696601,2.2589417,1.7585821,326.62805,0.63903624,-0.4839631,11.364683
14,moon__p0__s0,taboo,14,1,0,0.8256283,1.7166656,1.8107933,198.23138,0.61958957,-0.46831822,12.899003
15,moon__p0__s0,taboo,15,1,0,0.41647476,1.3340173,2.7117486,284.58493,0.6110678,-0.45449165,13.595066
16,moon__p0__s0,taboo,16,1,1,0.20958377,1.1600053,4.7431173,283.57056,0.6363076,-0.49000454,12.036149
17,moon__p0__s0,taboo,17,1,0,1.1546011,2.734577,3.7648656,258.98123,0.5823357,-0.41457918,14.739222
18,moon__p0__s0,taboo,18,1,0,0.43409052,1.2982906,2.4972222,278.21423,0.5299629,-0.3934318,16.464762
19,moon__p0__s0,taboo,19,1,0,1.7138333,3.0574207,3.0257866,442.0598,0.5999782,-0.41864464,14.335925
20,moon__p0__s0,taboo,20,1,0,0.28434846,1.0987093,2.7435052,383.60492,0.62921697,-0.48684883,12.175733
21,moon__p0__s0,taboo,21,1,1,0.000113242415,0.0014066745,0.015171891,256.2176,0.6084662,-0.42908287,13.233618
22,moon__p0__s0,taboo,22,1,0,0.08749199,0.38373291,1.3189759,251.93622,0.60021514,-0.45739606,13.75469
23,moon__p0__s0,taboo,23,1,0,1.2300944,1.4158835,0.782855,155.902,0.6193524,-0.51462406,12.072407
24,moon__p0__s0,taboo,24,1,0,0.021793641,0.11215648,0.41027606,228.20372,0.60997635,-0.50928444,12.911433
25,moon__p0__s0,taboo,25,1,0,0.09917583,0.43356413,1.1709911,266.58142,0.5901958,-0.48891196,13.457077
26,moon__p0__s0,taboo,26,1,0,0.0015298341,0.0124023445,0.08098729,249.1133,0.5929388,-0.46965447,14.281573
27,moon__p0__s0,taboo,27,1,0,0.63030297,1.4749205,1.6091061,288.31506,0.59955037,-0.4722371,13.223464
28,moon__p0__s0,taboo,28,1,0,0.013923419,0.08278487,0.39251116,117.42568,0.5767059,-0.45043933,14.577179
29,moon__p0__s0,taboo,29,1,0,0.026444303,0.19702928,1.2137747,271.57385,0.5988141,-0.45012054,14.127199
30,moon__p0__s1,taboo,0,1,1,0.39370754,2.1277251,8.457228,450.8235,0.9242307,-0.4904646,10.5051775
31,moon__p0__s1,taboo,1,1,0,1.2134852,1.9180913,2.0883236,273.92093,0.8720122,-0.5315783,10.443341
32,moon__p0__s1,taboo,2,1,0,0.11383818,0.6077793,2.7473066,336.9254,0.8461819,-0.5491338,10.327103
33,moon__p0__s1,taboo,3,1,0,0.035878383,0.22150624,1.0747911,253.68425,0.7832073,-0.4574408,12.426553
34,moon__p0__s1,taboo,4,1,0,0.105352946,0.44138384,1.658683,141.09448,0.76819295,-0.47271663,11.661178
35,moon__p0__s1,taboo,5,1,0,0.043102108,0.29316306,1.5681027,285.97055,0.72149,-0.48559356,12.792448
36,moon__p0__s1,taboo,6,1,0,0.07477208,0.36736864,1.2353362,161.78346,0.7225969,-0.5083044,11.693557
37,moon__p0__s1,taboo,7,1,0,0.023763023,0.1147119,0.36332616,213.55428,0.73559815,-0.49299893,12.685836
38,moon__p0__s1,taboo,8,1,0,0.11828804,0.55371034,1.8453918,319.48868,0.7239119,-0.47544008,12.560535
39,moon__p0__s1,taboo,9,1,0,0.5390502,0.7943493,0.7462919,326.00513,0.7024058,-0.4682143,13.208434
40,moon__p0__s1,taboo,10,1,0,0.027119882,0.1583836,0.7526372,182.61844,0.6873346,-0.42539164,14.430151
41,moon__p0__s1,taboo,11,1,0,0.030039662,0.18352416,0.93880427,265.77368,0.65462375,-0.47197667,13.966805
42,moon__p0__s1,taboo,12,1,0,0.13066565,0.68067497,2.432095,186.17963,0.63209665,-0.4751412,12.956177
43,moon__p0__s1,taboo,13,1,0,1.3824456,2.2937636,1.7896757,329.96863,0.64022493,-0.4844694,11.403051
44,moon__p0__s1,taboo,14,1,0,0.752293,1.6444975,1.7751218,197.85677,0.61974895,-0.46871543,12.886595
45,moon__p0__s1,taboo,15,1,0,0.4194812,1.3522819,2.7968864,280.64896,0.610792,-0.45440713,13.591766
46,moon__p0__s1,taboo,16,1,1,0.18923207,1.0690832,4.5217547,281.65778,0.63437647,-0.48959413,12.038421
47,moon__p0__s1,taboo,17,1,0,1.9723142,2.71752,4.0118494,202.54471,0.5720298,-0.4345265,15.08701
48,moon__p0__s1,taboo,18,1,0,0.4990509,1.8960267,4.4342546,220.70651,0.53631353,-0.40110725,15.649519
49,moon__p0__s1,taboo,19,1,0,0.8340099,1.9605412,3.3423882,436.74832,0.58458704,-0.41312668,14.6077175
50,moon__p0__s1,taboo,20,1,0,0.35991153,1.2755108,2.7609391,392.27005,0.6274022,-0.48419303,12.206323
51,moon__p0__s1,taboo,21,1,1,0.000115149545,0.0014293051,0.015444603,255.14249,0.6066473,-0.4255168,13.358805
52,moon__p0__s1,taboo,22,1,0,0.1132083,0.47722644,1.6353849,253.86203,0.59619594,-0.45486718,13.780273
53,moon__p0__s1,taboo,23,1,0,1.1170074,1.4367108,0.76776433,255.14159,0.5875661,-0.47442555,13.565813
54,moon__p0__s1,taboo,24,1,0,0.118375726,0.5063882,1.3925662,242.0995,0.6059282,-0.50363994,12.57293
55,moon__p0__s1,taboo,25,1,0,0.00030834688,0.0034944129,0.034683112,250.17905,0.5941318,-0.47577918,13.92696
56,moon__p0__s1,taboo,26,1,0,1.3386549,1.6360061,1.3224596,300.04092,0.5867899,-0.47981396,13.017462
57,moon__p0__s1,taboo,27,1,0,0.2599191,1.0208573,2.3990989,302.89206,0.59584415,-0.45109215,13.568988
58,moon__p0__s1,taboo,28,1,0,0.1208124,0.5980067,2.2935038,252.19923,0.59710425,-0.47732598,13.109862
59,moon__p0__s1,taboo,29,1,0,0.2366245,0.82126474,2.0155573,280.5287,0.542779,-0.4411064,15.033351
60,moon__p0__s2,taboo,0,1,0,0.33781385,1.9337755,8.292346,448.76053,0.9263853,-0.48962057,10.53891
61,moon__p0__s2,taboo,1,1,0,1.136068,1.9151208,2.1278305,278.79532,0.87188053,-0.53134686,10.470151
62,moon__p0__s2,taboo,2,1,0,0.10480186,0.5736852,2.668568,337.0469,0.84653217,-0.54968536,10.321509
63,moon__p0__s2,taboo,3,1,0,0.0359245,0.22228107,1.0835761,256.89334,0.7813833,-0.45766458,12.458658
64,moon__p0__s2,taboo,4,1,0,0.07718049,0.3174923,1.0338947,137.00064,0.768905,-0.4738366,11.624175
65,moon__p0__s2,taboo,5,1,0,0.04810494,0.3234292,1.7079666,292.9448,0.72260803,-0.48656854,12.776659
66,moon__p0__s2,taboo,6,1,0,0.07059151,0.34953982,1.1966196,164.76039,0.7214944,-0.50845325,11.718151
67,moon__p0__s2,taboo,7,1,0,0.030320035,0.13834092,0.40446496,212.87982,0.73546654,-0.49296007,12.690335
68,moon__p0__s2,taboo,8,1,0,0.11569177,0.5404997,1.7996374,314.72986,0.72322166,-0.4755092,12.56691
69,moon__p0__s2,taboo,9,1,0,0.5922735,0.8065184,0.74042684,325.61072,0.7010444,-0.46814144,13.216123
70,moon__p0__s2,taboo,10,1,0,0.024044462,0.14440033,0.71190894,183.27461,0.6859341,-0.4251412,14.383497
71,moon__p0__s2,taboo,11,1,0,0.02248624,0.1412264,0.73951596,262.33,0.65494746,-0.47390413,13.912104
72,moon__p0__s2,taboo,12,1,0,0.14540437,0.7221822,2.407112,184.44304,0.63139063,-0.47571445,12.986589
73,moon__p0__s2,taboo,13,1,0,1.9565257,2.2113883,1.7149103,526.1477,0.6330717,-0.4770307,12.113763
74,moon__p0__s2,taboo,14,1,0,1.5351756,2.9439733,5.0011787,463.22314,0.6206528,-0.46204352,12.708762
75,moon__p0__s2,taboo,15,1,0,1.5798457,3.2902708,4.1823153,405.00568,0.6392925,-0.5104087,11.948651
76,moon__p0__s2,taboo,16,1,0,0.011006831,0.07857338,0.44535887,253.78087,0.60806257,-0.48425683,12.989853
77,moon__p0__s2,taboo,17,1,0,0.0035843905,0.034100354,0.27574295,290.48404,0.60452724,-0.4571315,13.5273075
78,moon__p0__s2,taboo,18,1,0,1.5706594,2.4902081,3.2292545,304.2189,0.5997518,-0.46059078,13.505364
79,moon__p0__s2,taboo,19,1,0,0.27417514,1.1127306,3.3820946,249.02055,0.5574572,-0.44148257,14.222388
80,moon__p0__s2,taboo,20,1,0,1.5753298,1.722923,2.5976477,290.4747,0.5613097,-0.44728816,14.520699
81,moon__p0__s2,taboo,21,1,0,0.9444233,2.172555,1.8887733,422.37112,0.60845953,-0.42171928,14.010403
82,moon__p0__s2,taboo,22,1,0,0.15385255,0.6295068,1.9452975,366.57242,0.62030727,-0.48000586,12.195773
83,moon__p0__s2,taboo,23,1,1,0.000062344516,0.00081670214,0.009346198,262.30066,0.6049664,-0.42383584,13.255259
84,moon__p0__s2,taboo,24,1,0,0.24192952,0.75553197,1.970578,248.75699,0.5910086,-0.44812927,13.786232
85,moon__p0__s2,taboo,25,1,0,1.3071152,1.3645627,0.86571825,156.83571,0.61692506,-0.5104558,12.148465
86,moon__p0__s2,taboo,26,1,0,0.027437842,0.13222271,0.43654796,237.0963,0.60578865,-0.50732356,13.008862
87,moon__p0__s2,taboo,27,1,0,0.05638684,0.2826121,0.93192714,260.2795,0.5906608,-0.49118418,13.419236
88,moon__p0__s2,taboo,28,1,0,0.0014121095,0.01166337,0.077584244,253.06052,0.5877961,-0.46833888,14.277569
89,moon__p0__s2,taboo,29,1,0,0.6355356,1.5471476,1.9454122,272.67712,0.6203826,-0.49366307,12.33507
90,moon__p0__s3,taboo,0,1,1,0.36179364,2.0170221,8.372155,442.85165,0.92392874,-0.4903654,10.510461
91,moon__p0__s3,taboo,1,1,0,1.2032578,1.9008896,2.097617,276.40753,0.87273616,-0.5311402,10.454804
92,moon__p0__s3,taboo,2,1,0,0.1247865,0.66865253,3.0467577,338.3161,0.8465602,-0.5494169,10.3300705
93,moon__p0__s3,taboo,3,1,0,0.034851063,0.2154157,1.0507175,250.86943,0.78059584,-0.4572764,12.471143
94,moon__p0__s3,taboo,4,1,0,0.0749036,0.29597732,0.8513134,135.74138,0.7694048,-0.473337,11.648431
95,moon__p0__s3,taboo,5,1,0,0.042538468,0.29035163,1.558111,287.02106,0.7209398,-0.48664558,12.778293
96,moon__p0__s3,taboo,6,1,0,0.07472407,0.368036,1.2492324,160.28403,0.7209495,-0.50768006,11.720352
97,moon__p0__s3,taboo,7,1,0,0.026706766,0.124682754,0.3721229,205.35912,0.73521006,-0.49287274,12.702114
98,moon__p0__s3,taboo,8,1,0,0.11929749,0.561168,1.8873305,314.09457,0.72286373,-0.4757854,12.514906
99,moon__p0__s3,taboo,9,1,0,0.5362928,0.7762301,0.6520748,317.61142,0.7011353,-0.46870616,13.197792
100,moon__p0__s3,taboo,10,1,0,0.023780834,0.14170477,0.68872625,179.74612,0.6865736,-0.42555225,14.392356
101,moon__p0__s3,taboo,11,1,0,0.022187104,0.13912974,0.72824794,260.34946,0.65586126,-0.47389284,13.930313
102,moon__p0__s3,taboo,12,1,0,0.15043269,0.7486284,2.5099943,183.23885,0.6315509,-0.47596306,13.004953
103,moon__p0__s3,taboo,13,1,0,1.6626298,2.2841516,1.7197155,419.91028,0.640259,-0.43986332,14.111246
104,moon__p0__s3,taboo,14,1,0,0.2005908,0.8836962,2.7208579,403.90927,0.6548909,-0.49548703,11.733352
105,moon__p0__s3,taboo,15,1,0,0.00024351492,0.0027344162,0.02602289,266.9263,0.63487226,-0.43725294,12.949001
106,moon__p0__s3,taboo,16,1,0,0.097734906,0.41830003,1.4343666,264.83072,0.6205837,-0.46255934,13.539618
107,moon__p0__s3,taboo,17,1,0,1.1404643,1.2999346,0.69460034,166.43109,0.646857,-0.52691776,11.522649
108,moon__p0__s3,taboo,18,1,0,0.007255633,0.04621344,0.22374889,234.96791,0.6327101,-0.52172434,12.485228
109,moon__p0__s3,taboo,19,1,0,0.018302135,0.11388633,0.5075617,259.82196,0.6161123,-0.5042481,12.860433
110,moon__p0__s3,taboo,20,1,0,0.0005627479,0.005267046,0.040736355,239.26237,0.6117835,-0.47982872,13.740007
111,moon__p0__s3,taboo,21,1,0,0.77579665,1.5492842,1.506388,283.9276,0.62531763,-0.48363256,12.756478
112,moon__p0__s3,taboo,22,1,0,0.014831634,0.08166995,0.3288477,120.55028,0.59528923,-0.45780048,14.274201
113,moon__p0__s3,taboo,23,1,0,0.012822912,0.10156582,0.6573862,264.15335,0.6134771,-0.45354858,13.9609165
114,moon__p0__s3,taboo,24,1,0,0.8884177,1.164887,1.5577779,315.4767,0.6142629,-0.47845286,13.720145
115,moon__p0__s3,taboo,25,1,0,1.4673674,1.4586114,1.3594065,255.29846,0.5979303,-0.44866538,13.71493
116,moon__p0__s3,taboo,26,1,1,0.24748571,0.7205266,1.2741545,296.72885,0.5648894,-0.42687884,15.619667
117,moon__p0__s3,taboo,27,1,0,0.95496976,1.9182818,2.3959203,473.74905,0.58021456,-0.40335494,15.695273
118,moon__p0__s3,taboo,28,1,0,0.5130911,1.3369615,2.1903815,431.5227,0.6065444,-0.49472266,12.252235
119,moon__p0__s3,taboo,29,1,0,0.0013678252,0.013179663,0.10799626,228.04501,0.6073226,-0.50094163,12.748937
120,moon__p0__s4,taboo,0,1,1,0.4258902,2.2469225,8.592287,451.35922,0.925136,-0.48969752,10.551503
121,moon__p0__s4,taboo,1,1,0,1.1403087,1.9211034,2.155829,191.25386,0.8579719,-0.5251595,10.323959
122,moon__p0__s4,taboo,2,1,0,0.13247424,0.4134441,0.76684326,198.06572,0.8273953,-0.51065546,10.999569
123,moon__p0__s4,taboo,3,1,0,0.0772328,0.41298062,1.6013178,324.62985,0.78462124,-0.4930996,11.567537
124,moon__p0__s4,taboo,4,1,0,0.6628477,0.88085365,0.93406,315.8101,0.7381948,-0.46058896,13.080076
125,moon__p0__s4,taboo,5,1,0,0.050386474,0.24122971,0.9053893,235.8866,0.7128517,-0.425903,14.32267
126,moon__p0__s4,taboo,6,1,0,0.10062029,0.55574644,2.4657621,220.23587,0.6753767,-0.4500054,14.1612625
127,moon__p0__s4,taboo,7,1,0,0.12871008,0.54811645,1.688546,182.8861,0.677943,-0.48955536,12.320366
128,moon__p0__s4,taboo,8,1,0,0.28161615,1.10758,2.6007054,335.45312,0.6812232,-0.44628292,13.608955
129,moon__p0__s4,taboo,9,1,0,0.50538766,0.8398402,0.8823745,218.64563,0.68151957,-0.48265824,11.343586
130,moon__p0__s4,taboo,10,1,0,0.028472107,0.20064864,1.1783507,243.72176,0.65448505,-0.47814125,12.600023
131,moon__p0__s4,taboo,11,1,0,1.068365,1.3050082,0.71768606,260.21783,0.6477476,-0.48734444,12.742558
132,moon__p0__s4,taboo,12,1,0,0.080466196,0.38581938,1.3030837,237.46124,0.6669826,-0.53210175,11.615642
133,moon__p0__s4,taboo,13,1,0,0.00015150353,0.0019228215,0.021681152,251.90663,0.64022815,-0.49006644,12.999407
134,moon__p0__s4,taboo,14,1,0,1.1643994,1.7652974,1.3420055,190.35085,0.6262908,-0.4797129,13.169739
135,moon__p0__s4,taboo,15,1,0,0.11327632,0.5351478,1.9277368,143.2037,0.6316003,-0.47018677,13.394833
136,moon__p0__s4,taboo,16,1,0,0.19170274,0.9158509,2.8772216,246.81996,0.6212404,-0.46813202,13.569221
137,moon__p0__s4,taboo,17,1,0,0.30140156,1.0295523,2.092984,129.3359,0.580786,-0.43352622,15.425115
138,moon__p0__s4,taboo,18,1,0,0.7816431,1.7116961,2.265267,452.49628,0.61646354,-0.4146593,14.471168
139,moon__p0__s4,taboo,19,1,0,0.49541363,1.6524446,3.400793,426.80478,0.6459092,-0.5043168,11.511187
140,moon__p0__s4,taboo,20,1,0,0.003217522,0.030176718,0.24054645,218.6208,0.63497406,-0.51382834,12.14601
141,moon__p0__s4,taboo,21,1,0,0.001975848,0.015963437,0.10661589,237.50266,0.6057936,-0.49534968,12.760311
142,moon__p0__s4,taboo,22,1,1,2.9095795,0.63125527,1.4838667,239.86148,0.5889904,-0.46396425,13.245183
143,moon__p0__s4,taboo,23,1,0,0.021601167,0.12665373,0.573306,196.69951,0.61669856,-0.4979903,12.733214
144,moon__p0__s4,taboo,24,1,0,0.7440032,1.0131506,1.6632323,318.4383,0.59777,-0.47051835,14.59698
145,moon__p0__s4,taboo,25,1,0,0.34347188,0.97298956,1.7997019,463.0593,0.5632342,-0.39111382,16.43921
146,moon__p0__s5,taboo,0,1,0,0.3652694,2.008088,8.228097,449.20325,0.92692536,-0.49004042,10.5088005
147,moon__p0__s5,taboo,1,1,0,1.1779822,1.8820128,2.1395893,196.83736,0.8588379,-0.52525806,10.331024
148,moon__p0__s5,taboo,2,1,0,0.119222045,0.39422476,0.8171799,201.69112,0.8266922,-0.5102615,10.982009
149,moon__p0__s5,taboo,3,1,0,0.05886697,0.33153844,1.3776653,321.7398,0.78424424,-0.49320936,11.53901
150,moon__p0__s5,taboo,4,1,0,0.67112374,0.92364025,1.1025153,317.1383,0.73541766,-0.4605215,13.066389
151,moon__p0__s5,taboo,5,1,0,0.044948753,0.22306427,0.8841428,230.64401,0.71312743,-0.42603442,14.307895
152,moon__p0__s5,taboo,6,1,0,0.13643366,0.7237413,3.0557227,222.29913,0.67547834,-0.4501329,14.193356
153,moon__p0__s5,taboo,7,1,0,0.11467623,0.5047077,1.6156534,184.74072,0.6781565,-0.48927933,12.34313
154,moon__p0__s5,taboo,8,1,0,0.20620401,0.86825484,2.287124,329.78082,0.6803546,-0.44623804,13.595425
155,moon__p0__s5,taboo,9,1,0,1.0776879,0.78552824,0.7459657,265.40717,0.65613055,-0.4828502,11.967367
156,moon__p0__s5,taboo,10,1,0,0.88440686,1.696331,1.4319994,257.36646,0.6527116,-0.47395325,12.484469
157,moon__p0__s5,taboo,11,1,0,0.50444746,1.16377,1.9775269,285.13013,0.63520414,-0.4580859,13.16649
158,moon__p0__s5,taboo,12,1,0,0.1476804,0.8550819,3.7936954,296.07645,0.6495663,-0.47711772,12.329187
159,moon__p0__s5,taboo,13,1,0,0.9098549,1.8957795,3.2577806,232.5917,0.5957012,-0.41543114,14.544585
160,moon__p0__s5,taboo,14,1,0,0.5669658,1.3687497,2.1971896,273.37018,0.5480988,-0.39431992,16.092827
161,moon__p0__s5,taboo,15,1,0,1.3489497,2.5192232,2.8409672,432.2705,0.63163036,-0.4246144,13.537506
162,moon__p0__s5,taboo,16,1,0,0.53637266,1.2163674,2.4360805,392.7854,0.65018976,-0.48723093,11.635401
163,moon__p0__s5,taboo,17,1,1,0.00058228703,0.0061280923,0.05451551,256.70825,0.6213008,-0.422593,13.173527
164,moon__p0__s5,taboo,18,1,0,0.07726777,0.3829772,1.545026,265.66895,0.6192054,-0.44764984,13.435395
165,moon__p0__s5,taboo,19,1,0,1.1072125,1.3989512,1.1400294,280.87775,0.62080157,-0.47419912,12.959833
166,moon__p0__s5,taboo,20,1,0,0.2026337,0.82107747,2.171473,253.44882,0.625917,-0.5091715,12.110504
167,moon__p0__s5,taboo,21,1,0,0.00023004746,0.0027987044,0.030079994,264.2207,0.60411733,-0.47233778,13.594948
168,moon__p0__s5,taboo,22,1,0,1.0294286,1.8187916,1.555021,279.9875,0.6044331,-0.4661254,13.03733
169,moon__p0__s5,taboo,23,1,0,0.023637759,0.1386031,0.6506454,116.90714,0.5896479,-0.44907844,14.081483
170,moon__p0__s5,taboo,24,1,0,0.045579832,0.29219288,1.5025415,258.5733,0.60990816,-0.440876,13.931475
171,moon__p0__s5,taboo,25,1,0,1.7157423,1.4634397,3.3926687,347.3621,0.6069532,-0.46949276,13.897987
172,moon__p0__s5,taboo,26,1,0,1.6958816,1.6838288,2.0697079,279.36484,0.59871936,-0.44438425,13.649311
173,moon__p0__s5,taboo,27,1,1,0.85606563,1.2908201,1.5004387,283.71735,0.62009996,-0.42110392,14.117685
174,moon__p0__s5,taboo,28,1,0,0.04532421,0.30911246,1.7795609,349.46725,0.56347036,-0.40889046,16.199457
175,moon__p0__s5,taboo,29,1,0,2.1599648,2.185546,2.1842842,192.84459,0.5305336,-0.41998574,15.45309
176,moon__p0__s6,taboo,0,1,0,0.36180177,1.9926101,8.17272,449.03653,0.92593515,-0.489757,10.524549
177,moon__p0__s6,taboo,1,1,0,1.1955495,1.922887,2.2139041,198.53635,0.85907537,-0.5255592,10.352701
178,moon__p0__s6,taboo,2,1,0,0.15119329,0.46260235,0.8884964,201.60483,0.8265734,-0.51090217,10.982283
179,moon__p0__s6,taboo,3,1,0,0.062182497,0.34885955,1.4376019,323.925,0.78460974,-0.49337476,11.520348
180,moon__p0__s6,taboo,4,1,0,0.73011523,0.9194015,1.0879223,318.83026,0.7354954,-0.46093637,13.067525
181,moon__p0__s6,taboo,5,1,0,0.050114963,0.23961668,0.9038487,233.3612,0.7125652,-0.42668936,14.301761
182,moon__p0__s6,taboo,6,1,0,0.05508281,0.33314905,1.6146476,211.49391,0.67596406,-0.45163855,14.125143
183,moon__p0__s6,taboo,7,1,0,0.12794162,0.5434739,1.6687733,179.75705,0.6768957,-0.48997748,12.328928
184,moon__p0__s6,taboo,8,1,0,0.20628743,0.8651326,2.2842872,329.21548,0.6800661,-0.44652784,13.586064
185,moon__p0__s6,taboo,9,1,0,1.0008531,0.8164033,0.78085953,265.14856,0.6563337,-0.48293665,11.969278
186,moon__p0__s6,taboo,10,1,0,0.8063589,1.6281174,1.4144313,254.61502,0.6521639,-0.47375423,12.524479
187,moon__p0__s6,taboo,11,1,0,0.50155085,1.1710548,2.0840788,275.66547,0.6339799,-0.45779574,13.182606
188,moon__p0__s6,taboo,12,1,0,0.15432598,0.8806334,3.854014,281.89774,0.64799225,-0.47617903,12.38788
189,moon__p0__s6,taboo,13,1,0,1.1350572,1.8207446,3.1008708,232.94382,0.5841643,-0.4282764,14.80463
190,moon__p0__s6,taboo,14,1,0,0.33580095,1.4474822,4.1644635,213.78235,0.5502469,-0.39591,15.369045
191,moon__p0__s6,taboo,15,1,0,2.3307376,1.9298244,3.1540499,209.63553,0.5865948,-0.42934912,14.381853
192,moon__p0__s6,taboo,16,1,0,1.5276045,2.0707269,2.5461922,437.00308,0.6180985,-0.41964772,13.722856
193,moon__p0__s6,taboo,17,1,0,1.2446358,1.1784987,2.267264,386.5298,0.61465734,-0.4481415,12.420486
194,moon__p0__s6,taboo,18,1,0,0.28383404,1.1642369,3.5674322,248.3324,0.6195867,-0.45023555,13.575001
195,moon__p0__s6,taboo,19,1,0,1.760858,1.3596247,1.1835085,156.03505,0.6389304,-0.51436067,11.753004
196,moon__p0__s6,taboo,20,1,0,0.06331317,0.24093217,0.5461506,253.93596,0.627485,-0.5113286,12.392817
197,moon__p0__s6,taboo,21,1,0,0.017837232,0.1119052,0.5160592,269.74252,0.60391295,-0.49274734,13.137112
198,moon__p0__s6,taboo,22,1,0,0.001668134,0.013619258,0.08930141,271.20828,0.59585136,-0.4617116,14.24386
199,moon__p0__s6,taboo,23,1,0,0.5325909,1.315646,1.6286157,301.45438,0.61371756,-0.47768962,12.779796
200,moon__p0__s6,taboo,24,1,0,0.012695563,0.08491722,0.47483975,111.875114,0.57648474,-0.4426903,14.643271
201,moon__p0__s6,taboo,25,1,0,0.050441448,0.31407624,1.5505329,256.6604,0.60506487,-0.44630316,14.156899
202,moon__p0__s6,taboo,26,1,0,0.39056677,1.394331,3.7381334,142.8219,0.5955323,-0.46008858,13.812822
203,moon__p0__s6,taboo,27,1,0,0.2501672,0.77478385,1.935094,320.60486,0.5926817,-0.45424777,14.688025
204,moon__p0__s6,taboo,28,1,0,1.2089268,1.8466101,1.7689044,297.60327,0.59617555,-0.4342142,14.344238
205,moon__p0__s6,taboo,29,1,1,0.52970743,1.0725152,1.3889096,312.89835,0.5704324,-0.42274767,15.84255
206,moon__p0__s7,taboo,0,1,0,0.34617007,1.9558253,8.2553425,442.8076,0.92416495,-0.48974663,10.525805
207,moon__p0__s7,taboo,1,1,0,1.0808,1.9037962,2.0903058,191.78474,0.857872,-0.52513206,10.327555
208,moon__p0__s7,taboo,2,1,0,0.14882521,0.44502813,0.78468895,196.7002,0.8279402,-0.51043814,11.028834
209,moon__p0__s7,taboo,3,1,0,0.05763707,0.32957324,1.3879321,324.35464,0.78441316,-0.4931346,11.517509
210,moon__p0__s7,taboo,4,1,0,0.67052925,0.9210233,1.0957674,322.05615,0.736844,-0.46090615,13.0688925
211,moon__p0__s7,taboo,5,1,0,0.04492174,0.22238357,0.8735564,233.91277,0.71397007,-0.42645615,14.298707
212,moon__p0__s7,taboo,6,1,0,0.12413285,0.6830542,3.0218365,220.70447,0.67524,-0.45028603,14.16463
213,moon__p0__s7,taboo,7,1,0,0.1285845,0.5479386,1.6923752,183.18895,0.6778077,-0.49019685,12.323787
214,moon__p0__s7,taboo,8,1,0,0.21446706,0.8828114,2.2554235,329.4137,0.6795567,-0.4457027,13.616017
215,moon__p0__s7,taboo,9,1,0,0.44881785,0.769659,0.7056116,214.18091,0.6822411,-0.4817257,11.343923
216,moon__p0__s7,taboo,10,1,0,0.026136247,0.1829182,1.062067,243.89659,0.6543015,-0.47772464,12.59388
217,moon__p0__s7,taboo,11,1,0,1.0697947,1.3047584,0.6882211,255.12384,0.64524937,-0.4868822,12.739443
218,moon__p0__s7,taboo,12,1,0,0.051575165,0.26505685,0.98070073,245.40207,0.6675886,-0.53213996,11.66158
219,moon__p0__s7,taboo,13,1,0,0.00009274053,0.0012289165,0.014459712,263.47952,0.63898003,-0.4901046,12.990436
220,moon__p0__s7,taboo,14,1,0,1.1312652,1.756954,1.3666018,189.02979,0.6257763,-0.47908473,13.174262
221,moon__p0__s7,taboo,15,1,0,0.11245456,0.5294991,1.8992938,145.19485,0.63276964,-0.47004163,13.361527
222,moon__p0__s7,taboo,16,1,0,0.24103202,1.0636004,2.9890094,248.81592,0.6192886,-0.46782383,13.5306225
223,moon__p0__s7,taboo,17,1,0,0.29912263,1.0179076,2.0513966,123.81415,0.5788032,-0.4331098,15.448364
224,moon__p0__s7,taboo,18,1,0,0.6514528,1.5596504,2.2036304,448.05844,0.61612916,-0.41490233,14.449782
225,moon__p0__s7,taboo,19,1,0,0.48733017,1.6583437,3.5062869,423.34976,0.6451427,-0.50441885,11.502527
226,moon__p0__s7,taboo,20,1,0,0.0021944984,0.021327576,0.1761894,218.70314,0.6346766,-0.5126324,12.191331
227,moon__p0__s7,taboo,21,1,0,0.0021742769,0.017055912,0.1092242,238.80269,0.6064241,-0.49517068,12.759898
228,moon__p0__s7,taboo,22,1,0,0.16330081,0.64779794,1.5248723,270.09912,0.61269104,-0.48175937,13.070109
229,moon__p0__s7,taboo,23,1,0,0.67153937,1.268292,1.6178751,314.89105,0.6136266,-0.48402682,13.562173
230,moon__p0__s7,taboo,24,1,0,0.610577,1.1986917,1.0742453,310.52313,0.54351985,-0.45468268,14.769636
231,moon__p0__s7,taboo,25,1,0,0.22487488,0.9878092,2.7887464,247.85959,0.5964699,-0.49851188,12.34025
232,moon__p0__s7,taboo,26,1,0,0.053972263,0.24947467,0.79343635,152.17877,0.5690761,-0.4878471,13.533187
233,moon__p0__s7,taboo,27,1,0,0.4034529,0.8351232,0.841171,237.45415,0.55194825,-0.44713914,14.844674
234,moon__p0__s7,taboo,28,1,0,0.03644096,0.22332743,1.0073491,449.87158,0.5671694,-0.39469978,16.47213
235,moon__p1__s0,taboo,0,1,0,1.5925028,3.869076,7.321969,423.16275,0.9279063,-0.48116118,10.701557
236,moon__p1__s0,taboo,1,1,0,1.097721,2.218669,2.5905461,292.8335,0.8725764,-0.5328075,10.458424
237,moon__p1__s0,taboo,2,1,0,0.11775633,0.63984615,2.9287844,343.41223,0.8476826,-0.5484403,10.545157
238,moon__p1__s0,taboo,3,1,0,0.056211054,0.34019992,1.6051977,258.4324,0.7833849,-0.45278183,12.538704
239,moon__p1__s0,taboo,4,1,1,0.121716715,0.41873178,1.0333374,122.15089,0.7700543,-0.4865073,11.298677
240,moon__p1__s0,taboo,5,1,0,0.092663944,0.5782158,2.7701354,300.60938,0.7216439,-0.49151063,12.704877
241,moon__p1__s0,taboo,6,1,0,0.17758425,0.6915097,1.6662498,164.65076,0.72030014,-0.5089695,11.692347
242,moon__p1__s0,taboo,7,1,0,0.031385407,0.14655153,0.4549002,196.8302,0.73488694,-0.4940015,12.749583
243,moon__p1__s0,taboo,8,1,0,0.26546115,1.001424,2.5038729,286.06122,0.72742486,-0.48712292,12.258943
244,moon__p1__s0,taboo,9,1,0,0.48826528,1.271815,2.519472,276.72498,0.7022956,-0.46832594,13.162496
245,moon__p1__s0,taboo,10,1,0,0.121952064,0.60031587,2.541158,171.91187,0.6896754,-0.45746198,13.1481285
246,moon__p1__s0,taboo,11,1,0,0.06144086,0.38319814,2.0909076,308.11325,0.66690516,-0.49735728,12.976039
247,moon__p1__s0,taboo,12,1,0,0.26887193,0.9758355,2.3916106,191.87605,0.62554103,-0.48743898,12.754271
248,moon__p1__s0,taboo,13,1,0,1.0141838,1.7606192,2.0268734,323.71127,0.6046306,-0.4264515,14.72456
249,moon__p1__s0,taboo,14,1,0,0.11464402,0.54320717,1.7807971,237.51718,0.61443716,-0.4771222,12.485339
250,moon__p1__s0,taboo,15,1,0,0.71109855,1.5879195,1.5486071,210.08223,0.61235034,-0.4618819,13.392748
251,moon__p1__s0,taboo,16,1,0,0.4198472,1.2870195,2.7639127,273.14893,0.5982449,-0.452418,13.667054
252,moon__p1__s0,taboo,17,1,0,0.25859138,1.1802628,4.0118756,272.94385,0.6200981,-0.46807495,12.792227
253,moon__p1__s0,taboo,18,1,0,0.7658351,1.8629856,3.3480802,245.70102,0.57072955,-0.4070888,15.123398
254,moon__p1__s0,taboo,19,1,0,0.42001176,1.2022333,2.3544478,247.97733,0.5215074,-0.38832918,16.523008
255,moon__p1__s0,taboo,20,1,0,1.9366881,2.4192033,2.302317,442.72287,0.59829825,-0.42741868,14.281525
256,moon__p1__s0,taboo,21,1,0,0.24366106,0.97911555,2.68464,398.31955,0.61961526,-0.4878899,11.947173
257,moon__p1__s0,taboo,22,1,1,0.00026508633,0.0030413172,0.029946249,244.84755,0.5929202,-0.41709885,13.59282
258,moon__p1__s0,taboo,23,1,0,0.069455475,0.32896376,1.2463354,256.71564,0.5895537,-0.4529195,13.850629
259,moon__p1__s0,taboo,24,1,0,1.1537803,1.3248374,0.7764746,158.32837,0.6158106,-0.5183486,12.062172
260,moon__p1__s0,taboo,25,1,0,0.01530275,0.08554828,0.3508573,223.97993,0.6044335,-0.5119817,12.864475
261,moon__p1__s0,taboo,26,1,0,0.0334166,0.18645275,0.7177137,251.67474,0.5859703,-0.4940782,13.296465
262,moon__p1__s0,taboo,27,1,0,0.002297026,0.01779841,0.10966396,233.78517,0.5779733,-0.46974224,14.368591
263,moon__p1__s0,taboo,28,1,0,0.49774328,1.3250113,1.7676969,282.94843,0.59672576,-0.47542876,12.887516
264,moon__p1__s0,taboo,29,1,0,0.02322821,0.12700021,0.5424925,134.14775,0.5591548,-0.44787914,14.614044
265,moon__p1__s1,taboo,0,1,0,1.5925028,3.869076,7.321969,423.16275,0.9279063,-0.48116118,10.701557
266,moon__p1__s1,taboo,1,1,1,1.597721,2.218669,2.5905461,293.07385,0.83507174,-0.52083623,10.360426
267,moon__p1__s1,taboo,2,1,0,1.7389491,3.6691875,6.3202763,351.6322,0.7804963,-0.5190305,10.875253
268,moon__p1__s1,taboo,3,1,0,0.29847366,1.067903,2.6117606,254.38077,0.76248133,-0.5155169,11.926879
269,moon__p1__s1,taboo,4,1,0,0.17503077,1.0271819,4.6412783,326.99152,0.7568053,-0.53230965,11.56543
270,moon__p1__s1,taboo,5,1,0,0.055150047,0.2681414,0.987233,293.7835,0.730603,-0.46507058,13.073295
271,moon__p1__s1,taboo,6,1,1,0.92730355,3.1350675,6.0243387,273.55402,0.703872,-0.5148009,10.6615305
272,moon__p1__s1,taboo,7,1,0,0.6420677,1.7421073,3.5305195,259.30206,0.678949,-0.47585988,12.688718
273,moon__p1__s1,taboo,8,1,0,0.043852333,0.3301768,2.0447607,324.06033,0.6793368,-0.45139796,13.507691
274,moon__p1__s1,taboo,9,1,0,0.21869364,1.0920677,3.813465,360.8413,0.68478036,-0.4326792,14.055392
275,moon__p1__s1,taboo,10,1,0,0.35666287,1.1416391,2.6379933,357.58215,0.6777789,-0.41330895,15.25934
276,moon__p1__s1,taboo,11,1,0,0.1177575,0.5993589,2.5832746,234.23798,0.654294,-0.42334566,14.393454
277,moon__p1__s1,taboo,12,1,1,0.29071635,1.2785293,4.3723397,186.85353,0.6313365,-0.428566,14.740864
278,moon__p1__s1,taboo,13,1,0,0.28124073,1.2230928,3.620071,232.03815,0.60483783,-0.44169647,13.449815
279,moon__p1__s1,taboo,14,1,0,0.65535045,1.8512075,2.8960342,343.7418,0.5986627,-0.42711756,13.721303
280,moon__p1__s1,taboo,15,1,0,0.036017764,0.20998459,1.0158575,187.5794,0.6072614,-0.44189623,12.926364
281,moon__p1__s1,taboo,16,1,1,0.09346216,0.62431586,3.4677997,279.8673,0.6121482,-0.45310044,13.548785
282,moon__p1__s1,taboo,17,1,0,0.044830788,0.28603667,1.4673777,175.17732,0.60139537,-0.46822795,13.109163
283,moon__p1__s1,taboo,18,1,0,0.027444454,0.12998527,0.39825007,203.49231,0.5687298,-0.45060334,14.060425
284,moon__p1__s1,taboo,19,1,0,0.21183324,1.0619562,3.7715259,256.06497,0.5832425,-0.47498018,13.351942
285,moon__p1__s1,taboo,20,1,0,0.0010948146,0.010917185,0.09528384,321.80655,0.5438615,-0.43226394,15.118582
286,moon__p1__s1,taboo,21,1,0,1.5835519,2.343617,1.931454,429.9028,0.60386693,-0.4181303,13.9525795
287,moon__p1__s1,taboo,22,1,0,0.2671963,1.2193397,3.7938826,422.2718,0.6173248,-0.47255278,11.918898
288,moon__p1__s1,taboo,23,1,1,0.0003853294,0.0042644786,0.04029462,269.16797,0.5915984,-0.38753158,14.211892
289,moon__p1__s1,taboo,24,1,0,0.2570168,1.1292461,4.199366,259.99518,0.5899253,-0.4321165,14.425385
290,moon__p1__s1,taboo,25,1,0,1.0066816,1.4088794,1.225174,162.49088,0.60364705,-0.4982677,12.3124485
291,moon__p1__s1,taboo,26,1,0,0.035525937,0.16339685,0.51114476,242.06308,0.6013977,-0.5008776,12.913817
292,moon__p1__s1,taboo,27,1,0,0.018533276,0.11576125,0.5224187,264.4426,0.58106357,-0.48649123,13.256284
293,moon__p1__s1,taboo,28,1,0,0.0016540906,0.01411131,0.099633254,254.98354,0.57284516,-0.4539607,14.489134
294,moon__p1__s1,taboo,29,1,0,1.4567118,1.6472853,1.7294803,315.41418,0.5810522,-0.47636303,13.177593
295,moon__p1__s2,taboo,0,1,1,1.6612983,3.9132714,7.4302244,338.97104,0.9143751,-0.49957573,11.103175
296,moon__p1__s2,taboo,1,1,0,0.814464,2.1984327,5.6135178,316.9876,0.8519743,-0.48520845,11.289208
297,moon__p1__s2,taboo,2,1,0,0.5863885,0.7873839,0.9712998,229.43921,0.7870378,-0.38907406,12.974046
298,moon__p1__s3,taboo,0,1,1,1.7689586,3.9060066,7.0823827,416.97842,0.9279911,-0.48057166,10.702544
299,moon__p1__s3,taboo,1,1,0,1.06268,2.1743107,2.572301,292.51865,0.8732335,-0.533431,10.427569
300,moon__p1__s3,taboo,2,1,0,0.101625,0.56738436,2.67245,345.28455,0.84810066,-0.54862326,10.546925
301,moon__p1__s3,taboo,3,1,0,0.07046842,0.4139276,1.8805096,263.74713,0.78347546,-0.4531145,12.544738
302,moon__p1__s3,taboo,4,1,1,0.12194953,0.42034936,1.0423777,121.97015,0.7704029,-0.48729396,11.314295
303,moon__p1__s3,taboo,5,1,1,0.0985616,0.611673,2.8961372,300.1888,0.72188264,-0.49223363,12.708413
304,moon__p1__s3,taboo,6,1,0,0.16674362,0.6675409,1.6731658,165.59428,0.72014475,-0.50939506,11.692402
305,moon__p1__s3,taboo,7,1,0,0.031634104,0.14856753,0.4689644,200.04573,0.73436296,-0.4940596,12.748581
306,moon__p1__s3,taboo,8,1,0,0.24693568,0.9751776,2.5838723,286.724,0.727074,-0.48672256,12.270049
307,moon__p1__s3,taboo,9,1,1,1.3567107,1.2466701,2.4698071,302.26797,0.71175474,-0.4304693,13.276684
308,moon__p1__s3,taboo,10,1,0,0.8263501,1.5183063,2.646195,170.4908,0.6932001,-0.4525917,12.849589
309,moon__p1__s3,taboo,11,1,0,0.026124401,0.20736492,1.4019799,281.87082,0.64929014,-0.4378701,14.088565
310,moon__p1__s3,taboo,12,1,0,0.1792005,0.9499615,3.5986762,200.35548,0.6217894,-0.47387624,12.87187
311,moon__p1__s3,taboo,13,1,0,2.9943519,1.9606758,2.3742857,537.35345,0.6315916,-0.4780608,12.139226
312,moon__p1__s3,taboo,14,1,0,1.4212434,2.5469828,5.398706,468.76285,0.62481374,-0.46937588,12.289173
313,moon__p1__s3,taboo,15,1,0,2.3504298,3.4303517,3.8358476,377.92276,0.6344903,-0.51152194,11.987162
314,moon__p1__s3,taboo,16,1,0,0.030186914,0.19181621,0.97427666,236.37163,0.6058895,-0.49163896,12.540992
315,moon__p1__s3,taboo,17,1,0,0.012756297,0.09598249,0.59901536,292.2454,0.5903065,-0.4584421,13.765384
316,moon__p1__s3,taboo,18,1,0,1.025212,2.159997,3.0668402,205.16994,0.59771365,-0.46504492,13.591628
317,moon__p1__s3,taboo,19,1,0,0.22203219,1.1231928,4.2289495,182.167,0.5814963,-0.45598438,13.920144
318,moon__p1__s3,taboo,20,1,0,0.32207865,1.3626173,3.568202,256.21875,0.57917994,-0.45899934,14.051604
319,moon__p1__s3,taboo,21,1,0,0.24518684,0.84522045,1.938478,143.2762,0.53215253,-0.42253363,16.072289
320,moon__p1__s3,taboo,22,1,0,1.2473152,2.41425,2.2161944,433.55173,0.58665425,-0.41698316,14.539302
321,moon__p1__s3,taboo,23,1,0,0.49539018,1.1921856,2.496565,371.42108,0.607143,-0.48224297,12.307474
322,moon__p1__s3,taboo,24,1,1,0.000049828242,0.0006670655,0.007834733,257.51743,0.58599764,-0.4103172,13.772271
323,moon__p1__s3,taboo,25,1,0,0.10629761,0.43217257,1.3880045,251.97041,0.5813257,-0.4496003,13.979214
324,moon__p1__s3,taboo,26,1,0,2.3127873,0.9325757,1.4568913,161.3345,0.60487884,-0.50782627,12.545573
325,moon__p1__s3,taboo,27,1,0,0.01939055,0.10311174,0.39969587,242.8738,0.5968077,-0.50545156,13.19836
326,moon__p1__s3,taboo,28,1,0,0.04884518,0.2539339,0.88494325,257.85648,0.57547975,-0.48790035,13.673392
327,moon__p1__s3,taboo,29,1,0,0.002315699,0.017195756,0.100158855,263.9791,0.55993956,-0.45648554,14.972423
328,moon__p1__s4,taboo,0,1,1,2.177803,3.8987405,7.4128056,412.23154,0.8799903,-0.48303917,11.85559
329,moon__p1__s5,taboo,0,1,1,1.7990049,3.8526287,7.2003193,413.7495,0.9279735,-0.479489,10.709283
330,moon__p1__s5,taboo,1,1,1,1.4811777,2.2046704,2.7034793,285.3554,0.8342084,-0.52154976,10.36096
331,moon__p1__s5,taboo,2,1,1,2.492214,3.6863317,6.2399955,322.20786,0.76992714,-0.429972,11.976915
332,moon__p1__s5,taboo,3,1,1,2.2983854,3.2316663,4.958314,437.3688,0.755742,-0.40515766,12.0450325
333,moon__p1__s5,taboo,4,1,0,0.33451775,1.7639041,7.6460657,319.2455,0.73643476,-0.39984542,13.797894
334,moon__p1__s5,taboo,5,1,0,1.6617165,3.3175845,5.0136104,308.9905,0.70850366,-0.45273712,12.481295
335,moon__p1__s5,taboo,6,1,0,0.33741182,1.1877108,2.986219,315.96872,0.69435096,-0.47881845,12.609022
336,moon__p1__s5,taboo,7,1,0,1.3043274,2.3149061,2.6630864,356.89264,0.681311,-0.48449206,12.365633
337,moon__p1__s5,taboo,8,1,0,0.013799502,0.08535395,0.41580367,264.6275,0.6477171,-0.42404568,14.559384
338,moon__p1__s5,taboo,9,1,1,0.7531381,3.1586018,7.1613636,229.83807,0.6591949,-0.44135198,12.842207
339,moon__p1__s5,taboo,10,1,1,2.2464545,4.9098277,5.8847575,213.44307,0.6369761,-0.45205563,12.036255
340,moon__p1__s5,taboo,11,1,1,3.4346128,4.979226,5.6813803,236.14589,0.65537167,-0.4835662,11.688756
341,moon__p1__s5,taboo,12,1,1,0.5144199,1.8006094,4.829057,257.69604,0.6410194,-0.49088773,12.590599
342,moon__p1__s5,taboo,13,1,1,0.96986604,3.1854901,7.945481,492.25418,0.67868704,-0.5235146,11.315692
343,moon__p1__s5,taboo,14,1,1,2.0927522,4.461798,7.5206223,388.30807,0.683142,-0.5486646,10.58689
344,moon__p1__s5,taboo,15,1,1,0.40106273,1.4837327,4.6697054,289.68723,0.66070175,-0.55210894,9.593637
345,moon__p1__s5,taboo,16,1,1,1.0430951,3.3453288,8.59637,290.4235,0.54583716,-0.41069767,15.048235
346,moon__p1__s5,taboo,17,1,1,1.8946478,1.9992334,4.2431097,264.2688,0.5292211,-0.4139705,14.082315
347,moon__p1__s5,taboo,18,1,1,2.2348635,3.0096507,6.4905124,182.13966,0.55898404,-0.43935132,13.010801
348,moon__p1__s5,taboo,19,1,1,0.8066138,2.9254417,7.570411,242.78683,0.59830207,-0.49572498,11.987133
349,moon__p1__s5,taboo,20,1,1,1.5989714,3.9364395,5.7805343,103.08902,0.61063546,-0.51535654,11.9979
350,moon__p1__s5,taboo,21,1,1,2.0931947,3.373294,4.6016283,356.6904,0.590712,-0.4939804,12.6965275
351,moon__p1__s5,taboo,22,1,1,0.53045297,1.2866778,1.8206772,350.86435,0.5524554,-0.46957603,13.678917
352,moon__p1__s5,taboo,23,1,1,0.8289152,2.5865476,6.0474486,341.3399,0.5523276,-0.460079,14.229237
353,moon__p1__s5,taboo,24,1,1,0.43808144,1.4316741,2.7047737,460.53918,0.58878934,-0.37889963,14.7401495
354,moon__p1__s6,taboo,0,1,1,2.3324828,3.8536882,7.300662,399.53183,0.8797958,-0.48319054,11.891051
355,moon__p1__s6,taboo,1,1,1,1.1550539,0.82432085,2.1718578,223.70781,0.8130496,-0.40328893,12.743672
356,moon__p1__s7,taboo,0,1,1,1.6612983,3.9132714,7.4302244,338.97104,0.9143751,-0.49957573,11.103175
357,moon__p1__s7,taboo,1,1,0,0.814464,2.1984327,5.6135178,316.9876,0.8519743,-0.48520845,11.289208
358,moon__p1__s7,taboo,2,1,0,0.5863885,0.7873839,0.9712998,229.43921,0.7870378,-0.38907406,12.974046
359,moon__p2__s0,taboo,0,1,1,1.4239191,4.0620947,7.3477297,431.6753,0.92617923,-0.47797647,11.297935
360,moon__p2__s0,taboo,1,1,0,1.8167527,3.4517443,5.163538,316.04593,0.8788671,-0.5112854,11.091793
361,moon__p2__s0,taboo,2,1,0,0.15771107,0.8784851,3.811904,341.25873,0.85459405,-0.54882437,10.460891
362,moon__p2__s0,taboo,3,1,0,0.028548574,0.18487178,0.9480064,251.48253,0.78738165,-0.4509297,12.727468
363,moon__p2__s0,taboo,4,1,0,0.08735382,0.34283248,1.0090632,196.68007,0.7817237,-0.4840828,10.971344
364,moon__p2__s0,taboo,5,1,0,0.27851182,1.2493759,3.7316766,324.35974,0.7226872,-0.48303637,12.860597
365,moon__p2__s0,taboo,6,1,0,0.2265136,0.829776,1.8322989,168.4789,0.72141093,-0.48479256,12.689417
366,moon__p2__s0,taboo,7,1,0,0.024585586,0.14200506,0.623987,197.02925,0.73792154,-0.47450167,13.27408
367,moon__p2__s0,taboo,8,1,0,0.27244112,1.0984612,3.1434274,310.3489,0.729737,-0.4711544,12.685581
368,moon__p2__s0,taboo,9,1,0,0.56777245,0.9306888,1.177206,331.0977,0.7054686,-0.45981473,13.639437
369,moon__p2__s0,taboo,10,1,0,0.15193826,0.64180106,2.0660567,183.60974,0.6898279,-0.44342718,13.655247
370,moon__p2__s0,taboo,11,1,0,0.072799094,0.41025507,1.949508,284.2917,0.6745087,-0.4933022,13.387846
371,moon__p2__s0,taboo,12,1,0,0.33071756,1.0637828,2.2351434,191.33069,0.6359257,-0.47905335,12.928011
372,moon__p2__s0,taboo,13,1,0,1.0559983,1.8617822,2.0904446,315.80124,0.6185353,-0.4251805,14.778393
373,moon__p2__s0,taboo,14,1,0,0.111650795,0.48301733,1.4413383,244.55928,0.6208436,-0.46723408,12.729636
374,moon__p2__s0,taboo,15,1,0,0.69386387,1.576159,1.5629838,220.32626,0.6191925,-0.458144,13.389002
375,moon__p2__s0,taboo,16,1,0,0.24758622,0.9400221,2.5151768,275.60007,0.6081316,-0.4367977,14.0455065
376,moon__p2__s0,taboo,17,1,0,0.27796182,1.187722,3.7497478,281.92422,0.6262084,-0.45688263,13.141893
377,moon__p2__s0,taboo,18,1,0,0.5902589,1.5212482,3.095107,231.28967,0.57758266,-0.39987862,15.292569
378,moon__p2__s0,taboo,19,1,0,0.8415362,1.6713027,2.240287,260.5776,0.5318537,-0.38713634,16.52168
379,moon__p2__s0,taboo,20,1,0,1.5775195,2.502412,2.4360793,435.08936,0.609336,-0.41974336,14.331759
380,moon__p2__s0,taboo,21,1,0,0.2349414,0.9741232,2.842331,392.70374,0.6293783,-0.47582948,12.409087
381,moon__p2__s0,taboo,22,1,0,0.0002849888,0.0031864904,0.030343749,243.80269,0.6063515,-0.41098604,13.988955
382,moon__p2__s0,taboo,23,1,0,0.066681035,0.30746856,1.1099629,254.47089,0.6008969,-0.44729844,14.184341
383,moon__p2__s0,taboo,24,1,0,1.0194,1.2973943,0.7528129,163.53763,0.62195134,-0.51044714,12.331596
384,moon__p2__s0,taboo,25,1,0,0.017066404,0.09214017,0.35703474,219.46127,0.6124137,-0.5053023,13.184879
385,moon__p2__s0,taboo,26,1,0,0.039380565,0.21317416,0.78548336,260.78983,0.59050673,-0.4831374,13.643004
386,moon__p2__s0,taboo,27,1,0,0.0016356435,0.013321287,0.08694999,244.27106,0.59303445,-0.45797682,14.73462
387,moon__p2__s0,taboo,28,1,0,0.57588303,1.3938262,1.6597352,285.5614,0.61221236,-0.4720412,12.9338455
388,moon__p2__s0,taboo,29,1,0,0.03038526,0.17539372,0.8310784,134.81128,0.5728491,-0.43707353,14.913158
389,moon__p2__s1,taboo,0,1,1,1.4628993,4.198633,7.7096233,430.7614,0.92939126,-0.4773252,11.244648
390,moon__p2__s1,taboo,1,1,1,2.2437377,3.475915,4.90019,310.21548,0.86096275,-0.5067787,11.511742
391,moon__p2__s1,taboo,2,1,1,1.5379449,3.9944537,7.003505,199.88254,0.8124437,-0.5977348,9.446046
392,moon__p2__s1,taboo,3,1,1,2.756794,4.142809,5.7118454,293.92075,0.74137455,-0.5468355,10.491524
393,moon__p2__s1,taboo,4,1,1,1.1717427,2.315127,3.9945936,188.4772,0.7072578,-0.52634126,11.251476
394,moon__p2__s1,taboo,5,1,1,0.6694364,1.6545438,3.5804656,258.92297,0.7038807,-0.51388323,12.08802
395,moon__p2__s1,taboo,6,1,1,2.1130989,2.8185425,7.817833,483.4756,0.7278256,-0.5386566,10.943957
396,moon__p2__s1,taboo,7,1,1,1.6408303,4.928726,8.216869,478.97586,0.6959555,-0.5445939,11.165396
397,moon__p2__s1,taboo,8,1,1,2.6025302,5.260213,7.6615286,203.77623,0.6964581,-0.5597603,10.168501
398,moon__p2__s1,taboo,9,1,1,1.9976778,4.514181,5.872163,175.12564,0.66360915,-0.55342484,10.937542
399,moon__p2__s1,taboo,10,1,1,2.6504407,4.54142,6.148544,273.43808,0.61840117,-0.5085461,12.464661
400,moon__p2__s1,taboo,11,1,1,0.959771,1.1819625,1.2686386,274.2268,0.6076222,-0.4432958,14.0612755
401,moon__p2__s1,taboo,12,1,1,0.36648127,1.9443337,7.7325263,216.38675,0.620302,-0.4562286,12.94018
402,moon__p2__s1,taboo,13,1,1,1.929593,3.1474876,5.7695227,250.74251,0.605267,-0.47505298,13.380719
403,moon__p2__s1,taboo,14,1,1,1.860287,3.927853,4.5875306,248.67514,0.5911881,-0.47459298,12.93278
404,moon__p2__s1,taboo,15,1,1,3.268704,4.033493,4.360509,334.66586,0.6167856,-0.5088846,11.6768265
405,moon__p2__s1,taboo,16,1,1,0.0018992259,0.0194055,0.17698687,312.24097,0.57254046,-0.4814849,13.093893
406,moon__p2__s1,taboo,17,1,1,1.7201757,3.8587873,5.0005355,267.1666,0.5862241,-0.49902853,12.665001
407,moon__p2__s1,taboo,18,1,1,2.1771712,3.1959982,6.437423,262.3974,0.5896352,-0.5013844,12.483626
408,moon__p2__s1,taboo,19,1,1,2.3565097,4.1226134,5.91971,162.71477,0.59218407,-0.49984542,12.558766
409,moon__p2__s1,taboo,20,1,1,3.2172523,4.255175,5.264859,170.63281,0.59452707,-0.508888,13.143832
410,moon__p2__s1,taboo,21,1,1,2.223662,4.534154,5.7424865,362.99533,0.5601547,-0.4606588,13.911722
411,moon__p2__s1,taboo,22,1,1,1.4792373,1.72015,2.1695879,465.46106,0.6201021,-0.3684056,15.252201
412,moon__p2__s2,taboo,0,1,0,2.3145335,4.233422,7.7102313,382.8784,0.9154351,-0.4351452,12.932737
413,moon__p2__s2,taboo,1,1,1,1.6150347,1.3948193,2.4405756,242.826,0.834243,-0.4109499,12.784183
414,moon__p2__s2,taboo,2,1,1,0.77823687,2.181168,3.9338543,441.17477,0.80785024,-0.41924772,12.168514
415,moon__p2__s2,taboo,3,1,0,1.3570682,1.5045997,3.3939352,198.92946,0.78877425,-0.44843185,12.767574
416,moon__p2__s2,taboo,4,1,0,0.004028777,0.040701043,0.35955828,324.26877,0.7401664,-0.44514847,13.390201
417,moon__p2__s2,taboo,5,1,1,0.32212815,1.276831,3.9777405,310.69052,0.71619165,-0.44067392,12.617295
418,moon__p2__s2,taboo,6,1,1,2.2659774,4.0527616,6.452579,272.661,0.6995687,-0.4755455,12.45246
419,moon__p2__s2,taboo,7,1,1,0.0028880814,0.029316718,0.26093635,283.60245,0.7167852,-0.49082282,12.149344
420,moon__p2__s2,taboo,8,1,1,2.2486465,4.6088486,8.00047,204.83194,0.6966602,-0.51378435,11.285739
421,moon__p2__s2,taboo,9,1,1,1.4273567,4.6639595,7.2986593,190.10127,0.70392317,-0.561958,10.344738
422,moon__p2__s2,taboo,10,1,1,0.64328396,1.8988796,4.44378,324.8634,0.6484765,-0.5228926,12.075592
423,moon__p2__s2,taboo,11,1,1,0.71145344,1.8142495,2.895458,296.33698,0.6095413,-0.4874022,12.3591385
424,moon__p2__s2,taboo,12,1,1,2.5023894,3.8174372,4.1180425,293.11487,0.6476641,-0.54971606,10.890566
425,moon__p2__s2,taboo,13,1,1,0.6968248,2.112041,4.963006,265.41843,0.62707126,-0.5279182,11.944985
426,moon__p2__s2,taboo,14,1,1,0.7211483,2.4503136,4.92664,253.70335,0.6324847,-0.5440097,11.344754
427,moon__p2__s2,taboo,15,1,1,0.40356255,1.0526145,1.9591423,192.465,0.60191435,-0.5154114,12.645756
428,moon__p2__s2,taboo,16,1,1,1.529082,2.0590289,2.418169,245.5276,0.6234061,-0.5392756,11.571297
429,moon__p2__s2,taboo,17,1,1,1.8523413,1.0506352,1.8359693,298.28406,0.55694485,-0.4489388,14.74366
430,moon__p2__s2,taboo,18,1,1,2.2791677,1.1999577,2.0823553,324.2785,0.53862804,-0.44411638,13.613065
431,moon__p2__s2,taboo,19,1,1,1.0560052,2.3818543,4.662625,235.2122,0.57574666,-0.48697752,12.487965
432,moon__p2__s2,taboo,20,1,1,1.2321906,1.5437679,3.6008673,214.98811,0.5928456,-0.504104,12.224554
433,moon__p2__s2,taboo,21,1,1,0.8743315,2.7777147,5.287498,241.84357,0.595206,-0.50738305,12.2452965
434,moon__p2__s2,taboo,22,1,1,1.9181867,2.0796387,3.0972672,327.00308,0.611767,-0.51688457,11.889061
435,moon__p2__s2,taboo,23,1,1,0.09266601,0.39714774,1.0788596,323.50626,0.5739687,-0.4927767,12.834656
436,moon__p2__s2,taboo,24,1,1,0.59055334,1.7839328,3.8593245,336.85446,0.5992026,-0.50599915,12.823066
437,moon__p2__s2,taboo,25,1,1,2.7386262,0.8176297,1.6055689,263.96848,0.57673955,-0.48997933,13.189592
438,moon__p2__s2,taboo,26,1,1,0.06016653,0.30545738,1.0787948,306.04834,0.5344102,-0.40523598,16.125767
439,moon__p2__s2,taboo,27,1,1,0.013954454,0.103959516,0.63258123,409.92813,0.61374,-0.37770924,14.535429
440,moon__p2__s3,taboo,0,1,1,1.4239191,4.0620947,7.3477297,431.6753,0.92617923,-0.47797647,11.297935
441,moon__p2__s3,taboo,1,1,0,2.5042527,3.4517443,5.163538,306.4064,0.8720787,-0.52240646,10.490068
442,moon__p2__s3,taboo,2,1,0,0.15207374,1.0151645,5.3960943,384.05832,0.8506678,-0.5451565,10.424384
443,moon__p2__s3,taboo,3,1,0,0.10828953,0.56511223,2.168737,257.27737,0.781271,-0.448571,12.766305
444,moon__p2__s3,taboo,4,1,0,0.054486148,0.24910109,0.91447896,181.95622,0.77793276,-0.48901302,11.002354
445,moon__p2__s3,taboo,5,1,0,0.27137488,1.2063274,3.6145551,344.1055,0.7231911,-0.48108998,12.937144
446,moon__p2__s3,taboo,6,1,0,0.14217585,0.6490467,2.0289867,171.14369,0.71819913,-0.4857135,12.603573
447,moon__p2__s3,taboo,7,1,0,0.21257836,0.5505178,0.7736976,209.56573,0.73514384,-0.48085332,12.5385
448,moon__p2__s3,taboo,8,1,0,0.33350947,1.2244648,3.0785565,319.45554,0.7259689,-0.46131995,12.851128
449,moon__p2__s3,taboo,9,1,0,0.7148203,1.1574359,2.0456843,343.76144,0.69868964,-0.4526254,13.753481
450,moon__p2__s3,taboo,10,1,0,0.13823353,0.60280955,1.9994133,185.02614,0.68541485,-0.4411593,13.674373
451,moon__p2__s3,taboo,11,1,0,0.088621914,0.5011804,2.3945603,281.3753,0.66558224,-0.48500994,13.597926
452,moon__p2__s3,taboo,12,1,0,0.29515633,1.052093,2.4397516,184.18889,0.6330718,-0.47316438,12.964197
453,moon__p2__s3,taboo,13,1,0,2.814627,2.0011399,2.1184602,404.12088,0.66050726,-0.4503851,13.295569
454,moon__p2__s3,taboo,14,1,0,0.30067143,1.0026672,2.4783578,370.38324,0.65747017,-0.49100766,12.04151
455,moon__p2__s3,taboo,15,1,0,0.00018428058,0.0021586865,0.021712033,251.26013,0.63795173,-0.42134434,13.710094
456,moon__p2__s3,taboo,16,1,0,0.10651336,0.43070677,1.3566813,257.75885,0.6203883,-0.45636785,13.915533
457,moon__p2__s3,taboo,17,1,0,1.2545016,1.3768067,0.8960357,167.9291,0.64445966,-0.5211827,11.97006
458,moon__p2__s3,taboo,18,1,0,0.016575718,0.08767116,0.3235502,238.7452,0.6321023,-0.5170645,12.796396
459,moon__p2__s3,taboo,19,1,0,0.025930785,0.15202543,0.62480986,265.52563,0.6121612,-0.4945442,13.277413
460,moon__p2__s3,taboo,20,1,0,0.0011021974,0.009616834,0.068341985,253.90358,0.6103743,-0.46611562,14.230677
461,moon__p2__s3,taboo,21,1,0,0.603734,1.399231,1.6208178,297.20782,0.62332183,-0.47225574,13.109785
462,moon__p2__s3,taboo,22,1,0,0.011943967,0.07047665,0.3168137,119.15295,0.59712255,-0.4510851,14.47218
463,moon__p2__s3,taboo,23,1,0,0.008983669,0.07427665,0.50009453,265.18945,0.6097246,-0.4419941,14.353346
464,moon__p2__s3,taboo,24,1,0,1.0135021,1.1489508,1.6913012,329.38208,0.61665034,-0.46715108,14.362633
465,moon__p2__s3,taboo,25,1,0,1.7134748,1.6547403,1.4643195,270.32007,0.6044158,-0.44484943,13.870912
466,moon__p2__s3,taboo,26,1,1,0.34394792,0.94647825,1.5836295,305.02463,0.57217574,-0.42702466,15.800532
467,moon__p2__s3,taboo,27,1,0,1.0096619,1.6589197,2.3981192,307.73758,0.52910715,-0.42368206,15.179749
468,moon__p2__s3,taboo,28,1,0,0.0038921095,0.02926897,0.1791626,249.52968,0.56258404,-0.45929122,14.374087
469,moon__p2__s3,taboo,29,1,0,3.2729647,0.67794704,2.007399,268.7141,0.54289156,-0.44745028,15.162273
470,moon__p2__s4,taboo,0,1,1,1.4628993,4.198633,7.7096233,430.7614,0.92939126,-0.4773252,11.244648
471,moon__p2__s4,taboo,1,1,1,2.2437377,3.475915,4.90019,310.21548,0.86096275,-0.5067787,11.511742
472,moon__p2__s4,taboo,2,1,1,2.1004448,3.9944537,7.003505,251.24342,0.8115123,-0.53612846,10.7668495
473,moon__p2__s4,taboo,3,1,0,1.6941764,4.449793,8.415443,291.51453,0.7665426,-0.5190422,10.73387
474,moon__p2__s4,taboo,4,1,1,0.41514534,1.9193779,6.2681413,281.17148,0.7272124,-0.5190673,11.341309
475,moon__p2__s4,taboo,5,1,1,3.3750138,4.855034,5.5881405,283.2223,0.70748436,-0.55532885,9.871064
476,moon__p2__s4,taboo,6,1,1,0.7767612,3.2101793,8.208146,151.03432,0.701995,-0.5511986,10.543967
477,moon__p2__s4,taboo,7,1,1,1.2950349,3.8168557,6.668002,256.35898,0.6868148,-0.5212223,11.464148
478,moon__p2__s4,taboo,8,1,1,0.0015141225,0.015909087,0.14790934,270.56445,0.6633752,-0.5054538,11.999915
479,moon__p2__s4,taboo,9,1,1,3.6141124,5.3522873,6.5314684,313.85883,0.65907365,-0.5396286,10.568224
480,moon__p2__s4,taboo,10,1,1,1.6283482,1.6915368,1.9608129,304.24957,0.5759306,-0.4689003,12.274133
481,moon__p2__s4,taboo,11,1,1,2.8522568,3.9136043,7.7389135,270.3917,0.59748733,-0.47638765,11.8882065
482,moon__p2__s4,taboo,12,1,1,0.98199457,2.2252312,4.7407255,253.72923,0.59937435,-0.49342215,11.839758
483,moon__p2__s4,taboo,13,1,1,1.4266518,3.1935835,5.695956,119.121445,0.6160323,-0.51471084,11.852673
484,moon__p2__s4,taboo,14,1,1,1.604954,2.8874211,3.6412067,375.73465,0.59978133,-0.49480274,12.749927
485,moon__p2__s4,taboo,15,1,1,2.5782912,1.8833399,1.6782446,373.85474,0.5604476,-0.47306457,13.031127
486,moon__p2__s4,taboo,16,1,1,1.4112185,4.0467634,6.925586,209.25085,0.5801418,-0.49384585,12.378753
487,moon__p2__s4,taboo,17,1,1,0.2220131,1.018012,3.471308,296.99316,0.5845495,-0.5027327,13.312516
488,moon__p2__s4,taboo,18,1,1,1.0709734,2.1074781,3.3558655,230.10872,0.5876011,-0.5066765,12.828619
489,moon__p2__s4,taboo,19,1,1,0.2563898,1.1284018,3.9487004,203.04248,0.5758779,-0.50196075,13.214116
490,moon__p2__s4,taboo,20,1,1,0.31838515,1.1903045,3.2597883,274.21207,0.5702522,-0.48785177,13.70515
491,moon__p2__s4,taboo,21,1,1,0.40386787,0.7493372,0.83260214,203.75244,0.53871197,-0.4374154,15.505625
492,moon__p2__s4,taboo,22,1,1,0.04498055,0.29521823,1.5857651,395.5772,0.62902594,-0.3852559,15.04431
493,moon__p2__s5,taboo,0,1,1,1.4373996,4.2221622,7.8032885,431.34976,0.92780006,-0.47892952,11.2949705
494,moon__p2__s5,taboo,1,1,1,2.1523716,3.5095537,4.978408,292.41245,0.82608145,-0.58339584,9.158365
495,moon__p2__s5,taboo,2,1,1,2.157161,4.2083564,6.1925526,204.72899,0.73846465,-0.5385594,10.601654
496,moon__p2__s5,taboo,3,1,1,0.7231473,3.2313414,8.763771,166.83049,0.71616286,-0.5181538,11.229689
497,moon__p2__s5,taboo,4,1,1,1.0551294,2.608932,5.5840445,340.44165,0.68965673,-0.5323836,10.662713
498,moon__p2__s5,taboo,5,1,1,1.8520944,2.2410533,4.092882,294.53394,0.67176676,-0.52730906,10.500688
499,moon__p2__s5,taboo,6,1,1,0.12861134,0.64675975,2.244742,321.49753,0.6378048,-0.49131525,12.007978
500,moon__p2__s5,taboo,7,1,1,0.11646366,0.5357243,1.7599237,313.56857,0.6462048,-0.446492,13.473595
501,moon__p2__s5,taboo,8,1,1,1.7254027,2.9136698,5.688997,217.13622,0.6461959,-0.4864913,10.634962
502,moon__p2__s5,taboo,9,1,1,1.7518421,2.3789842,4.1058426,223.95412,0.6118648,-0.50102705,11.030799
503,moon__p2__s5,taboo,10,1,1,0.9199207,2.2235856,3.633937,239.16283,0.61523443,-0.5180288,11.361887
504,moon__p2__s5,taboo,11,1,1,0.055947542,0.32078186,1.4008119,185.16052,0.6050284,-0.50598097,12.575828
505,moon__p2__s5,taboo,12,1,1,0.02978432,0.19813643,1.1500353,327.5425,0.577565,-0.45859584,12.615982
506,moon__p2__s5,taboo,13,1,1,0.14791311,0.82755876,3.5344386,369.7414,0.6234834,-0.39005628,15.099876
507,moon__p2__s6,taboo,0,1,1,1.5038869,4.1890664,7.424591,437.87726,0.9280584,-0.47733045,11.317183
508,moon__p2__s6,taboo,1,1,0,1.7521493,3.4112456,4.894829,323.55005,0.8805242,-0.5119619,11.072481
509,moon__p2__s6,taboo,2,1,0,0.26662695,1.2858849,4.8502455,349.6997,0.8547456,-0.5497812,10.438458
510,moon__p2__s6,taboo,3,1,0,0.027260257,0.1801688,0.94348747,251.69273,0.78685397,-0.45020851,12.737944
511,moon__p2__s6,taboo,4,1,0,0.08745846,0.3440879,1.0224977,202.16797,0.7811248,-0.48437867,10.990758
512,moon__p2__s6,taboo,5,1,0,0.2732803,1.2366675,3.7343755,331.16055,0.72227395,-0.48269588,12.833054
513,moon__p2__s6,taboo,6,1,0,0.24015632,0.8667871,1.874934,172.08778,0.72313195,-0.48468852,12.659375
514,moon__p2__s6,taboo,7,1,0,0.023142714,0.13849476,0.6426186,196.19774,0.7377576,-0.47431454,13.226974
515,moon__p2__s6,taboo,8,1,0,0.24108458,1.0022125,2.9755814,306.57382,0.7306599,-0.47141808,12.720131
516,moon__p2__s6,taboo,9,1,0,0.6160824,0.9216972,1.1058433,331.37207,0.7033116,-0.46033055,13.629536
517,moon__p2__s6,taboo,10,1,0,0.14050862,0.605945,1.9712844,182.8845,0.68932486,-0.44383776,13.664009
518,moon__p2__s6,taboo,11,1,0,0.06474888,0.3750539,1.8380075,281.95206,0.6740401,-0.49341616,13.430114
519,moon__p2__s6,taboo,12,1,0,0.32712448,1.0661008,2.3089788,191.86682,0.6367692,-0.4795126,12.908217
520,moon__p2__s6,taboo,13,1,0,1.2372828,2.0543573,2.0437741,423.0419,0.64896595,-0.43867826,13.980308
521,moon__p2__s6,taboo,14,1,0,0.13588135,0.7081231,2.7663038,403.945,0.65873563,-0.4871549,12.107719
522,moon__p2__s6,taboo,15,1,0,0.00012385078,0.001490874,0.0154072475,264.62778,0.64025855,-0.41918772,13.604489
523,moon__p2__s6,taboo,16,1,0,0.14730917,0.59873706,2.0456924,270.79083,0.6234494,-0.45639354,13.905956
524,moon__p2__s6,taboo,17,1,0,1.0155232,1.2848561,0.7432711,171.95316,0.6491125,-0.52189016,11.86686
525,moon__p2__s6,taboo,18,1,0,0.009256424,0.05644224,0.25868273,239.10591,0.6366077,-0.5172496,12.757926
526,moon__p2__s6,taboo,19,1,0,0.021696359,0.1308509,0.5584315,258.7741,0.6173035,-0.49737626,13.096597
527,moon__p2__s6,taboo,20,1,0,0.0009639384,0.00847879,0.060492862,250.839,0.61024743,-0.46555528,14.194347
528,moon__p2__s6,taboo,21,1,0,0.7202527,1.4522748,1.5999016,294.2903,0.6259656,-0.46940798,13.128114
529,moon__p2__s6,taboo,22,1,0,0.013163568,0.074478306,0.31161514,118.29558,0.6015094,-0.44955403,14.513591
530,moon__p2__s6,taboo,23,1,0,0.009025845,0.074620575,0.5011391,258.80038,0.61209035,-0.4396844,14.348677
531,moon__p2__s6,taboo,24,1,0,0.6874873,1.1162224,1.4860613,324.0276,0.61977357,-0.4681633,14.185188
532,moon__p2__s6,taboo,25,1,0,0.8668054,1.7231498,1.4856639,306.60052,0.55463314,-0.43590486,14.831366
533,moon__p2__s6,taboo,26,1,0,0.059927072,0.31253248,1.2007468,155.11063,0.562518,-0.4466979,14.672365
534,moon__p2__s6,taboo,27,1,0,0.014038151,0.11409083,0.7553621,140.4237,0.56919444,-0.42774847,15.232457
535,moon__p2__s6,taboo,28,1,0,0.07119651,0.41429475,1.7893726,258.53424,0.5875597,-0.44515666,14.574682
536,moon__p2__s6,taboo,29,1,0,0.526853,1.1981535,1.3991208,130.86867,0.5583641,-0.40873292,16.443104
537,moon__p2__s7,taboo,0,1,1,1.4239191,4.0620947,7.3477297,431.6753,0.92617923,-0.47797647,11.297935
538,moon__p2__s7,taboo,1,1,0,1.8167527,3.4517443,5.163538,316.04593,0.8788671,-0.5112854,11.091793
539,moon__p2__s7,taboo,2,1,0,0.15771107,0.8784851,3.811904,341.25873,0.85459405,-0.54882437,10.460891
540,moon__p2__s7,taboo,3,1,0,0.028548574,0.18487178,0.9480064,251.48253,0.78738165,-0.4509297,12.727468
541,moon__p2__s7,taboo,4,1,0,0.08735382,0.34283248,1.0090632,196.68007,0.7817237,-0.4840828,10.971344
542,moon__p2__s7,taboo,5,1,0,0.27851182,1.2493759,3.7316766,324.35974,0.7226872,-0.48303637,12.860597
543,moon__p2__s7,taboo,6,1,0,0.2265136,0.829776,1.8322989,168.4789,0.72141093,-0.48479256,12.689417
544,moon__p2__s7,taboo,7,1,0,0.024585586,0.14200506,0.623987,197.02925,0.73792154,-0.47450167,13.27408
545,moon__p2__s7,taboo,8,1,0,0.27244112,1.0984612,3.1434274,310.3489,0.729737,-0.4711544,12.685581
546,moon__p2__s7,taboo,9,1,0,0.56777245,0.9306888,1.177206,331.0977,0.7054686,-0.45981473,13.639437
547,moon__p2__s7,taboo,10,1,0,0.15193826,0.64180106,2.0660567,183.60974,0.6898279,-0.44342718,13.655247
548,moon__p2__s7,taboo,11,1,0,0.072799094,0.41025507,1.949508,284.2917,0.6745087,-0.4933022,13.387846
549,moon__p2__s7,taboo,12,1,0,0.33071756,1.0637828,2.2351434,191.33069,0.6359257,-0.47905335,12.928011
550,moon__p2__s7,taboo,13,1,0,1.0559983,1.8617822,2.0904446,315.80124,0.6185353,-0.4251805,14.778393
551,moon__p2__s7,taboo,14,1,0,0.111650795,0.48301733,1.4413383,244.55928,0.6208436,-0.46723408,12.729636
552,moon__p2__s7,taboo,15,1,0,0.69386387,1.576159,1.5629838,220.32626,0.6191925,-0.458144,13.389002
553,moon__p2__s7,taboo,16,1,0,0.24758622,0.9400221,2.5151768,275.60007,0.6081316,-0.4367977,14.0455065
554,moon__p2__s7,taboo,17,1,0,0.27796182,1.187722,3.7497478,281.92422,0.6262084,-0.45688263,13.141893
555,moon__p2__s7,taboo,18,1,0,0.5902589,1.5212482,3.095107,231.28967,0.57758266,-0.39987862,15.292569
556,moon__p2__s7,taboo,19,1,0,0.8415362,1.6713027,2.240287,260.5776,0.5318537,-0.38713634,16.52168
557,moon__p2__s7,taboo,20,1,0,1.5775195,2.502412,2.4360793,435.08936,0.609336,-0.41974336,14.331759
558,moon__p2__s7,taboo,21,1,0,0.2349414,0.9741232,2.842331,392.70374,0.6293783,-0.47582948,12.409087
559,moon__p2__s7,taboo,22,1,0,0.0002849888,0.0031864904,0.030343749,243.80269,0.6063515,-0.41098604,13.988955
560,moon__p2__s7,taboo,23,1,0,0.066681035,0.30746856,1.1099629,254.47089,0.6008969,-0.44729844,14.184341
561,moon__p2__s7,taboo,24,1,0,1.0194,1.2973943,0.7528129,163.53763,0.62195134,-0.51044714,12.331596
562,moon__p2__s7,taboo,25,1,0,0.017066404,0.09214017,0.35703474,219.46127,0.6124137,-0.5053023,13.184879
563,moon__p2__s7,taboo,26,1,0,0.039380565,0.21317416,0.78548336,260.78983,0.59050673,-0.4831374,13.643004
564,moon__p2__s7,taboo,27,1,0,0.0016356435,0.013321287,0.08694999,244.27106,0.59303445,-0.45797682,14.73462
565,moon__p2__s7,taboo,28,1,0,0.57588303,1.3938262,1.6597352,285.5614,0.61221236,-0.4720412,12.9338455
566,moon__p2__s7,taboo,29,1,0,0.03038526,0.17539372,0.8310784,134.81128,0.5728491,-0.43707353,14.913158
567,moon__p3__s0,taboo,0,1,1,0.6868495,2.443493,5.23543,485.49747,0.90112317,-0.528174,10.242673
568,moon__p3__s0,taboo,1,1,1,0.277908,0.9824241,2.7620883,254.13316,0.83559096,-0.54717106,10.80921
569,moon__p3__s0,taboo,2,1,1,0.50927263,2.1168752,5.6373734,245.40805,0.78384376,-0.5623187,9.81282
570,moon__p3__s0,taboo,3,1,1,1.0678436,3.8255248,7.0535893,181.66034,0.7723042,-0.57971317,10.346607
571,moon__p3__s0,taboo,4,1,1,0.9375185,3.011715,5.441847,255.79305,0.7369838,-0.55952144,10.6265545
572,moon__p3__s0,taboo,5,1,1,0.0017636949,0.017497852,0.15466973,258.5893,0.72443706,-0.54214615,11.596145
573,moon__p3__s0,taboo,6,1,1,1.8465939,4.4603863,6.8173623,365.1813,0.77645576,-0.6464688,8.163513
574,moon__p3__s0,taboo,7,1,1,0.0805224,0.28716016,0.63120633,217.19446,0.72673935,-0.6126369,9.586431
575,moon__p3__s0,taboo,8,1,1,0.00020060911,0.0023652986,0.024507148,431.38193,0.64464355,-0.5202862,11.828459
576,moon__p3__s0,taboo,9,1,1,0.7493648,1.403903,2.080009,349.74796,0.60820425,-0.4862712,12.403291
577,moon__p3__s0,taboo,10,1,1,1.751744,4.513015,7.3480644,264.09528,0.63502926,-0.49768132,11.67577
578,moon__p3__s0,taboo,11,1,1,0.9173699,2.2822433,5.074727,248.03378,0.6326072,-0.51458067,11.382832
579,moon__p3__s0,taboo,12,1,1,0.8680776,2.5947928,5.9032083,125.586395,0.63283926,-0.52621967,11.669684
580,moon__p3__s0,taboo,13,1,1,1.7125957,3.161252,3.5292563,383.51117,0.61427176,-0.5093623,12.522896
581,moon__p3__s0,taboo,14,1,1,0.57845324,1.6217227,2.0607347,368.91156,0.5844108,-0.4951168,12.681152
582,moon__p3__s0,taboo,15,1,1,1.049619,2.7658625,4.490177,363.5392,0.58403844,-0.4805315,14.076537
583,moon__p3__s0,taboo,16,1,1,1.5787406,1.6584702,1.8191533,290.60144,0.620699,-0.5335731,11.778687
584,moon__p3__s0,taboo,17,1,1,0.23772916,0.7612064,1.3806589,322.4366,0.5985913,-0.45826057,14.709346
585,moon__p3__s0,taboo,18,1,1,0.017188746,0.12436086,0.72315216,390.4242,0.66056734,-0.42097005,14.19455
586,moon__p3__s1,taboo,0,1,1,0.7291876,2.5214016,5.188983,482.06415,0.9018566,-0.5282234,10.297326
587,moon__p3__s1,taboo,1,1,1,0.24668524,0.896857,2.5338087,253.72101,0.8360093,-0.54694104,10.835812
588,moon__p3__s1,taboo,2,1,1,0.533761,2.1441312,5.5074625,249.0333,0.7868667,-0.5615217,9.842258
589,moon__p3__s1,taboo,3,1,1,1.2316729,4.0774236,6.6339765,183.5347,0.7741088,-0.58030105,10.3664875
590,moon__p3__s1,taboo,4,1,1,1.0239878,3.1917083,5.4987397,252.05809,0.7378808,-0.5599582,10.619639
591,moon__p3__s1,taboo,5,1,1,0.0014760324,0.015205912,0.1403186,244.35364,0.72436607,-0.54225147,11.609733
592,moon__p3__s1,taboo,6,1,1,1.6271539,4.325764,7.0459166,357.49042,0.7766065,-0.6464675,8.170553
593,moon__p3__s1,taboo,7,1,1,0.090912774,0.31315422,0.6642716,218.18996,0.72641265,-0.61250156,9.594877
594,moon__p3__s1,taboo,8,1,1,0.0001975103,0.0023130574,0.023763511,423.1668,0.6437627,-0.52006143,11.780492
595,moon__p3__s1,taboo,9,1,1,0.62639266,1.2515701,1.6794009,342.5599,0.6065979,-0.48621854,12.371832
596,moon__p3__s1,taboo,10,1,1,1.5632408,4.24942,7.5690103,256.48386,0.6339242,-0.497083,11.631814
597,moon__p3__s1,taboo,11,1,1,0.90195584,2.1058054,4.3541217,244.61383,0.6318794,-0.5144674,11.382421
598,moon__p3__s1,taboo,12,1,1,0.8236806,2.4439688,5.6850758,123.77857,0.6326764,-0.52607936,11.6484995
599,moon__p3__s1,taboo,13,1,1,2.148625,3.0876775,3.5101762,368.61926,0.631861,-0.5221864,12.006877
600,moon__p3__s1,taboo,14,1,1,1.311192,0.98326606,1.27806,338.2017,0.5835152,-0.4601365,13.4025135
601,moon__p3__s1,taboo,15,1,1,0.6188264,2.016326,3.8601375,365.17313,0.61487645,-0.52989453,12.205847
602,moon__p3__s1,taboo,16,1,1,0.0052564037,0.036194228,0.19542451,269.91324,0.5691119,-0.47261328,14.116484
603,moon__p3__s1,taboo,17,1,1,0.010281338,0.09590802,0.7619174,201.43573,0.5522397,-0.47878703,13.620491
604,moon__p3__s1,taboo,18,1,1,1.9364468,3.1878269,4.258342,363.5547,0.5611064,-0.4702936,13.869705
605,moon__p3__s1,taboo,19,1,1,0.44825917,1.3327584,2.3443718,454.85007,0.64819413,-0.41659173,14.42789
606,moon__p3__s2,taboo,0,1,1,0.68861973,2.4399896,5.2132177,473.5606,0.9010415,-0.5284129,10.285128
607,moon__p3__s2,taboo,1,1,1,0.20613223,0.760417,2.1542475,248.10742,0.8368956,-0.54752946,10.801224
608,moon__p3__s2,taboo,2,1,1,0.54998016,2.2179856,5.663346,246.54837,0.78444034,-0.562178,9.834277
609,moon__p3__s2,taboo,3,1,1,1.1812556,4.038196,6.898303,183.28851,0.7737747,-0.5804733,10.366066
610,moon__p3__s2,taboo,4,1,1,2.9133925,3.2238638,5.491692,299.92072,0.74397796,-0.58930016,9.798616
611,moon__p3__s2,taboo,5,1,1,0.073416054,0.40129098,1.6377469,325.2617,0.6986854,-0.56409925,10.771826
612,moon__p3__s2,taboo,6,1,1,0.9613036,3.9046664,8.970566,148.44098,0.69042367,-0.56106913,11.052593
613,moon__p3__s2,taboo,7,1,1,1.6066732,4.6341796,6.839798,371.79614,0.7653641,-0.64599514,8.557266
614,moon__p3__s2,taboo,8,1,1,0.7607571,0.72499937,0.33371624,324.96436,0.676278,-0.57296526,10.539995
615,moon__p3__s2,taboo,9,1,1,0.84505206,2.1157475,3.559637,366.92032,0.60993963,-0.49690998,12.859511
616,moon__p3__s2,taboo,10,1,1,0.95116746,1.6571891,1.7986647,406.38818,0.57858735,-0.448092,13.585141
617,moon__p3__s2,taboo,11,1,1,1.1289437,2.4239933,5.1035223,236.05627,0.6147837,-0.47789544,11.341953
618,moon__p3__s2,taboo,12,1,1,0.9805933,2.4605603,5.0674915,211.3332,0.59284014,-0.47768903,12.015352
619,moon__p3__s2,taboo,13,1,1,0.072908595,0.41150117,1.7935119,372.22537,0.54772425,-0.44971445,12.950717
620,moon__p3__s2,taboo,14,1,1,0.006567087,0.058472406,0.4467075,295.38403,0.5175339,-0.41340324,14.115379
621,moon__p3__s2,taboo,15,1,1,0.1998202,1.0249504,4.261413,251.49231,0.5523979,-0.45383242,14.250246
622,moon__p3__s2,taboo,16,1,1,2.1190796,2.7097244,3.793312,271.69278,0.55757403,-0.4667938,12.882137
623,moon__p3__s2,taboo,17,1,1,0.81026286,2.3277543,4.8378463,238.96605,0.563813,-0.48122954,12.620359
624,moon__p3__s2,taboo,18,1,1,1.6903723,2.546155,3.4623842,153.85483,0.56927365,-0.49035588,12.583777
625,moon__p3__s2,taboo,19,1,1,0.90298986,1.8398468,1.9746091,306.19766,0.5397361,-0.4534883,14.0218525
626,moon__p3__s2,taboo,20,1,1,0.060783144,0.31465107,1.2113329,330.77927,0.51470035,-0.44231334,14.273731
627,moon__p3__s2,taboo,21,1,1,0.89145833,2.2681823,3.7241416,353.97787,0.5381522,-0.44834852,14.298889
628,moon__p3__s2,taboo,22,1,1,0.3683691,1.4256835,3.2297142,429.82925,0.60494405,-0.40062192,14.5853815
629,moon__p3__s3,taboo,0,1,1,0.68861973,2.4399896,5.2132177,473.5606,0.9010415,-0.5284129,10.285128
630,moon__p3__s3,taboo,1,1,1,0.20613223,0.760417,2.1542475,248.10742,0.8368956,-0.54752946,10.801224
631,moon__p3__s3,taboo,2,1,1,0.54998016,2.2179856,5.663346,246.54837,0.78444034,-0.562178,9.834277
632,moon__p3__s3,taboo,3,1,1,1.1812556,4.038196,6.898303,183.28851,0.7737747,-0.5804733,10.366066
633,moon__p3__s3,taboo,4,1,1,2.5383925,3.2238638,5.491692,265.65054,0.7427341,-0.56894624,10.571259
634,moon__p3__s3,taboo,5,1,1,0.88678867,1.6228753,1.9541501,292.53073,0.72417444,-0.554372,10.826765
635,moon__p3__s3,taboo,6,1,1,2.8031976,4.5482244,5.793481,324.33536,0.6842437,-0.5429747,10.628712
636,moon__p3__s3,taboo,7,1,1,0.43560404,1.4403421,2.8100874,255.83829,0.68020743,-0.5314498,11.044409
637,moon__p3__s3,taboo,8,1,1,0.25983608,0.60151565,0.8578943,512.85144,0.6946076,-0.5457965,10.858935
638,moon__p3__s3,taboo,9,1,1,0.83362377,3.4653444,8.9179735,505.3762,0.72437024,-0.5885423,9.536026
639,moon__p3__s3,taboo,10,1,1,0.077686116,0.370058,1.2212224,228.32173,0.68252105,-0.57306236,10.734769
640,moon__p3__s3,taboo,11,1,1,0.009565473,0.09026684,0.7316802,233.97226,0.6568365,-0.54818344,12.108949
641,moon__p3__s3,taboo,12,1,1,0.08459887,0.5774577,3.1444104,168.88745,0.66921306,-0.57006425,10.976486
642,moon__p3__s3,taboo,13,1,1,2.0784354,2.8452392,4.429454,186.0794,0.57058066,-0.4823699,12.706748
643,moon__p3__s3,taboo,14,1,1,0.47211716,1.0407556,1.134487,269.05124,0.5525493,-0.4262002,15.547496
644,moon__p3__s3,taboo,15,1,1,1.2953544,1.1574097,1.3975594,274.857,0.54976785,-0.44101486,13.861936
645,moon__p3__s3,taboo,16,1,1,0.10776672,0.6322866,2.9612796,492.972,0.55639833,-0.46069252,12.690439
646,moon__p3__s3,taboo,17,1,1,2.4917252,4.9329305,6.338065,461.64078,0.56578165,-0.4768458,12.114211
647,moon__p3__s3,taboo,18,1,1,1.3219137,4.3463235,7.688219,288.0782,0.6226918,-0.53701943,10.429422
648,moon__p3__s3,taboo,19,1,1,1.839725,2.4165711,5.690656,189.73184,0.5813491,-0.50898623,10.889303
649,moon__p3__s3,taboo,20,1,1,0.39089373,2.1066844,8.723478,238.67212,0.5922678,-0.5289717,11.383775
650,moon__p3__s3,taboo,21,1,1,0.6932684,0.976612,1.2313766,190.74629,0.534425,-0.4590649,12.869777
651,moon__p3__s3,taboo,22,1,1,0.9830451,2.5806017,4.049259,457.30487,0.629686,-0.40736482,14.863551
652,moon__p3__s4,taboo,0,1,1,0.6666181,2.4066052,5.2437286,471.10065,0.90196186,-0.5281057,10.278213
653,moon__p3__s4,taboo,1,1,1,0.20418395,0.75207424,2.1360435,246.13095,0.8368355,-0.54729146,10.829798
654,moon__p3__s4,taboo,2,1,1,0.5357611,2.169466,5.604876,249.33958,0.78495884,-0.56146115,9.862242
655,moon__p3__s4,taboo,3,1,1,1.1810665,4.0368156,6.8400044,181.40823,0.77260655,-0.5799715,10.346076
656,moon__p3__s4,taboo,4,1,1,2.472755,3.134462,5.6506696,260.74478,0.7429145,-0.56873167,10.560463
657,moon__p3__s4,taboo,5,1,1,0.8527325,1.5949767,1.9333327,290.175,0.7262652,-0.5548075,10.903281
658,moon__p3__s4,taboo,6,1,1,2.7379818,4.560362,5.47422,153.32251,0.6948283,-0.54230833,11.39994
659,moon__p3__s4,taboo,7,1,1,0.82255137,2.9306974,7.121816,326.45792,0.66819465,-0.5281917,10.629272
660,moon__p3__s4,taboo,8,1,1,0.35185394,0.7957427,1.0908659,533.8068,0.67875385,-0.5388503,10.4279585
661,moon__p3__s4,taboo,9,1,1,2.2005029,3.6949747,9.109009,427.2103,0.74485654,-0.4965241,11.912115
662,moon__p3__s4,taboo,10,1,0,18.11243,0.09703049,0.37205544,322.5011,0.7107964,-0.46776637,13.209456
663,moon__p3__s4,taboo,11,1,0,0.20842625,1.312419,7.859963,345.57724,0.65905505,-0.3928199,14.613537
664,moon__p3__s4,taboo,12,1,1,28.843784,0.00042005963,0.004486093,344.4197,0.6065246,-0.3982769,14.911521
665,moon__p3__s4,taboo,13,1,1,0.078010455,0.5007877,3.11385,299.7713,0.5738043,-0.39747545,14.773504
666,moon__p3__s4,taboo,14,1,1,3.5590415,5.3198805,8.507162,399.11746,0.5823783,-0.421666,12.394484
667,moon__p3__s4,taboo,15,1,1,1.1468245,4.5795736,9.934092,307.56,0.6095355,-0.5006616,11.165488
668,moon__p3__s4,taboo,16,1,1,4.5843477,6.3610635,8.740996,308.7211,0.6263803,-0.52355784,11.394666
669,moon__p3__s4,taboo,17,1,1,0.09020947,0.687248,4.7037964,232.43044,0.57687825,-0.48184118,12.946313
670,moon__p3__s4,taboo,18,1,1,3.743636,4.850073,4.767501,233.79428,0.57962865,-0.48127705,12.593894
671,moon__p3__s4,taboo,19,1,1,1.5595354,3.5937452,5.4143095,306.83267,0.6070776,-0.52239084,11.521157
672,moon__p3__s4,taboo,20,1,1,0.09718718,0.580505,2.5908153,185.02855,0.5603907,-0.47245947,13.548342
673,moon__p3__s4,taboo,21,1,1,1.3122466,1.4928111,2.0896783,270.84476,0.56967235,-0.48469955,12.859884
674,moon__p3__s4,taboo,22,1,1,0.035110526,0.28334188,1.9688721,340.64056,0.55430996,-0.475587,13.847162
675,moon__p3__s4,taboo,23,1,1,0.36671022,1.3458085,3.3123302,281.8896,0.50542116,-0.42299148,13.932074
676,moon__p3__s4,taboo,24,1,1,0.28390935,1.0606872,3.3895884,247.47945,0.5198317,-0.4345731,13.44376
677,moon__p3__s4,taboo,25,1,1,0.7504872,2.6651921,6.5361834,289.27167,0.54991007,-0.47041348,13.65876
678,moon__p3__s4,taboo,26,1,1,1.202629,2.9783816,4.829218,259.3038,0.53995544,-0.46671885,12.965925
679,moon__p3__s4,taboo,27,1,1,2.2184207,3.584663,4.4461308,157.19716,0.5780343,-0.5137343,12.005195
680,moon__p3__s4,taboo,28,1,0,2.317524,3.37671,4.4432116,344.35837,0.5749204,-0.43342245,13.0298815
681,moon__p3__s4,taboo,29,1,0,0.002862525,0.02958436,0.27899095,277.62384,0.51647586,-0.36063522,16.407759
682,moon__p3__s5,taboo,0,1,1,0.6868495,2.443493,5.23543,485.49747,0.90112317,-0.528174,10.242673
683,moon__p3__s5,taboo,1,1,1,0.277908,0.9824241,2.7620883,254.13316,0.83559096,-0.54717106,10.80921
684,moon__p3__s5,taboo,2,1,1,0.50927263,2.1168752,5.6373734,245.40805,0.78384376,-0.5623187,9.81282
685,moon__p3__s5,taboo,3,1,1,1.0678436,3.8255248,7.0535893,181.66034,0.7723042,-0.57971317,10.346607
686,moon__p3__s5,taboo,4,1,1,2.4375186,3.011715,5.441847,260.58493,0.74271894,-0.5689597,10.572007
687,moon__p3__s5,taboo,5,1,1,0.8697485,1.5584184,1.7876899,291.20563,0.724241,-0.5547528,10.823928
688,moon__p3__s5,taboo,6,1,1,2.1515775,4.5786285,5.7375603,400.21127,0.73436075,-0.579081,9.999576
689,moon__p3__s5,taboo,7,1,1,0.010180923,0.05976534,0.25969762,248.45569,0.7452318,-0.62242174,9.568855
690,moon__p3__s5,taboo,8,1,1,0.0008540082,0.0071548363,0.047893528,402.3768,0.6622731,-0.5314888,11.775594
691,moon__p3__s5,taboo,9,1,1,0.9896395,1.9146348,2.373612,334.69342,0.6045055,-0.47402704,12.692808
692,moon__p3__s5,taboo,10,1,1,1.8682854,3.9855657,6.7577047,240.25613,0.6346437,-0.48793167,11.913078
693,moon__p3__s5,taboo,11,1,1,0.81928205,2.2019148,5.506647,249.78522,0.63940185,-0.5159256,11.384802
694,moon__p3__s5,taboo,12,1,1,1.327347,3.5053978,6.3148904,129.39305,0.6360361,-0.52695477,11.773149
695,moon__p3__s5,taboo,13,1,1,1.7601256,3.3803227,4.0522757,366.71603,0.6264412,-0.5146475,12.176464
696,moon__p3__s5,taboo,14,1,1,0.28672105,1.0092182,2.0857317,341.50366,0.57921803,-0.48234683,13.421249
697,moon__p3__s5,taboo,15,1,1,0.20484747,1.0086448,3.7774646,341.06577,0.57575333,-0.47154987,13.812619
698,moon__p3__s5,taboo,16,1,1,0.6287968,1.6112163,2.1441348,456.49088,0.65457755,-0.41868177,14.287797
699,moon__p3__s6,taboo,0,1,1,0.6868495,2.4434931,5.23543,485.49747,0.90112317,-0.528174,10.242673
700,moon__p3__s6,taboo,1,1,1,1.902908,0.9824242,2.7620883,256.94946,0.82679164,-0.57175434,10.2857065
701,moon__p3__s6,taboo,2,1,1,1.4789252,3.127534,5.249264,255.82692,0.7787924,-0.56769484,10.343165
702,moon__p3__s6,taboo,3,1,1,1.1862209,1.9761853,4.504447,242.72487,0.7554649,-0.5811268,10.08622
703,moon__p3__s6,taboo,4,1,1,2.1590877,3.9659104,4.6699543,263.13907,0.7133354,-0.57065624,10.509456
704,moon__p3__s6,taboo,5,1,1,0.49677986,1.7588689,4.0276093,304.31638,0.7058032,-0.5746809,10.706709
705,moon__p3__s6,taboo,6,1,1,0.0005563142,0.005930487,0.05540035,271.89148,0.6853161,-0.5547139,11.643978
706,moon__p3__s6,taboo,7,1,1,0.76031566,2.398075,5.3342047,129.0553,0.685179,-0.56094885,10.909201
707,moon__p3__s6,taboo,8,1,1,2.0962868,2.9474058,4.4759746,369.78073,0.66500694,-0.5457546,11.280832
708,moon__p3__s6,taboo,9,1,1,0.6140121,0.90449053,0.9806977,351.36472,0.6039356,-0.4871913,12.55851
709,moon__p3__s6,taboo,10,1,1,1.1706814,3.2238812,5.4420652,349.24673,0.6184881,-0.5118551,13.148265
710,moon__p3__s6,taboo,11,1,1,1.8152325,2.153172,2.3969607,296.53452,0.63920194,-0.5486713,11.636564
711,moon__p3__s6,taboo,12,1,1,1.1016273,1.5749683,1.3956895,176.17227,0.63427883,-0.5391069,11.719127
712,moon__p3__s6,taboo,13,1,1,0.0064403596,0.04898423,0.30215976,340.79694,0.61099017,-0.5038879,13.854617
713,moon__p3__s6,taboo,14,1,1,1.473505,1.628057,1.4895949,486.6781,0.64694643,-0.41975468,14.451703
714,moon__p3__s7,taboo,0,1,1,0.6868495,2.443493,5.23543,485.49747,0.90112317,-0.528174,10.242673
715,moon__p3__s7,taboo,1,1,1,1.902908,0.9824241,2.7620883,256.94946,0.82679164,-0.57175434,10.2857065
716,moon__p3__s7,taboo,2,1,1,1.2289252,3.127534,5.249264,269.44147,0.77253336,-0.5684743,9.957938
717,moon__p3__s7,taboo,3,1,1,1.5828344,3.8918056,5.042303,154.56949,0.7525152,-0.572759,10.3728895
718,moon__p3__s7,taboo,4,1,1,1.163199,3.2266722,4.7317677,255.80151,0.72527486,-0.5533837,10.679612
719,moon__p3__s7,taboo,5,1,1,0.0020574608,0.018748756,0.14906669,272.8456,0.70930636,-0.54571235,11.487566
720,moon__p3__s7,taboo,6,1,1,2.2525964,4.6809425,6.0827923,373.50494,0.7683685,-0.64203054,8.369932
721,moon__p3__s7,taboo,7,1,1,0.18225662,0.47411743,0.62693006,223.28741,0.715534,-0.59960526,10.07808
722,moon__p3__s7,taboo,8,1,1,0.0013247294,0.011794899,0.089541726,433.64706,0.6412772,-0.5223536,11.945596
723,moon__p3__s7,taboo,9,1,1,0.6008568,1.2028939,1.4239793,340.48007,0.5963206,-0.48002928,12.685017
724,moon__p3__s7,taboo,10,1,1,1.4065144,4.1967454,7.824393,250.11543,0.62776953,-0.4960672,11.853129
725,moon__p3__s7,taboo,11,1,1,0.72375053,2.1322615,5.1280756,239.26924,0.62920207,-0.5143344,11.614273
726,moon__p3__s7,taboo,12,1,1,0.7791241,2.3588424,5.499734,123.605194,0.6330718,-0.52802527,11.697834
727,moon__p3__s7,taboo,13,1,1,1.9585257,3.031797,3.3093069,378.58853,0.62272096,-0.51861894,12.402783
728,moon__p3__s7,taboo,14,1,1,0.28601605,1.05166,2.1556766,361.78024,0.58632356,-0.49251565,12.982539
729,moon__p3__s7,taboo,15,1,1,0.25308996,1.1144067,3.6855743,358.06763,0.5813484,-0.475485,14.305011
730,moon__p3__s7,taboo,16,1,1,1.3903497,1.8174312,1.8381525,299.21796,0.6197352,-0.53502274,11.873896
731,moon__p3__s7,taboo,17,1,1,0.31817445,0.7474596,0.9238725,319.05093,0.6035992,-0.45807925,14.890412
732,moon__p3__s7,taboo,18,1,1,0.023136891,0.16179036,0.8982929,391.92368,0.66327995,-0.41980883,14.373364
733,ship__p0__s0,taboo,0,1,0,0.44465077,2.4950516,9.897237,448.85535,0.9222935,-0.48116317,10.730023
734,ship__p0__s0,taboo,1,1,0,1.1389074,1.9358029,2.1767921,270.4215,0.8665232,-0.5227604,10.7546625
735,ship__p0__s0,taboo,2,1,0,0.080855936,0.47059435,2.2988148,329.7451,0.8470915,-0.5505257,10.405499
736,ship__p0__s0,taboo,3,1,0,0.04256703,0.2600212,1.2442875,249.22394,0.77696854,-0.45498565,12.534541
737,ship__p0__s0,taboo,4,1,0,0.06677694,0.27187717,0.78745544,134.97913,0.7662838,-0.46962768,11.703657
738,ship__p0__s0,taboo,5,1,0,0.055362903,0.36199027,1.8315104,290.32376,0.71646285,-0.47974327,12.970096
739,ship__p0__s0,taboo,6,1,0,0.1267824,0.53954536,1.4799433,162.9043,0.72192955,-0.5043257,11.876972
740,ship__p0__s0,taboo,7,1,0,0.014693616,0.07941446,0.30039215,214.53139,0.7352513,-0.4872953,12.917025
741,ship__p0__s0,taboo,8,1,0,0.14242513,0.6540274,2.1197968,318.32697,0.72133166,-0.47023267,12.691761
742,ship__p0__s0,taboo,9,1,0,0.59890044,0.8477736,0.9435159,318.6306,0.69801444,-0.46186197,13.227138
743,ship__p0__s0,taboo,10,1,0,0.02562838,0.14947829,0.73028576,181.95508,0.68855757,-0.42576128,14.470942
744,ship__p0__s0,taboo,11,1,0,0.030235145,0.19459835,1.0636935,250.44876,0.6460989,-0.4460038,14.766385
745,ship__p0__s0,taboo,12,1,0,0.1425402,0.7252,2.4827569,185.83974,0.63235706,-0.4707127,13.137213
746,ship__p0__s0,taboo,13,1,0,1.4518722,2.1826231,1.8773006,333.45407,0.63897324,-0.48400885,11.414711
747,ship__p0__s0,taboo,14,1,0,0.7698689,1.6558417,1.711633,201.1272,0.62064815,-0.4667345,12.968512
748,ship__p0__s0,taboo,15,1,0,0.43907857,1.4582361,3.108748,281.7998,0.6111597,-0.45049095,13.725779
749,ship__p0__s0,taboo,16,1,0,0.25514874,1.3801768,5.435645,278.99533,0.6433738,-0.4905428,12.066477
750,ship__p0__s0,taboo,17,1,0,1.0577624,2.605398,3.7949336,282.32797,0.58487874,-0.41428912,14.580379
751,ship__p0__s0,taboo,18,1,0,0.64902383,1.692311,2.8711715,263.86874,0.5286254,-0.39198118,16.465002
752,ship__p0__s0,taboo,19,1,0,1.4876834,2.7700965,3.031249,431.7181,0.5969827,-0.41659322,14.34365
753,ship__p0__s0,taboo,20,1,0,0.36213994,1.3388288,3.3649004,381.363,0.6229552,-0.4816636,12.314785
754,ship__p0__s0,taboo,21,1,0,0.000115864714,0.0014601052,0.016006853,259.9528,0.60686934,-0.42692792,13.312346
755,ship__p0__s0,taboo,22,1,0,0.10890659,0.48182395,1.6850349,256.56354,0.59185493,-0.45199317,13.8200445
756,ship__p0__s0,taboo,23,1,0,1.1575137,1.4242101,0.915864,154.96829,0.6152822,-0.5096659,12.150382
757,ship__p0__s0,taboo,24,1,0,0.027598465,0.13401613,0.45317742,237.10785,0.6079715,-0.50724,12.912024
758,ship__p0__s0,taboo,25,1,0,0.10121839,0.4430846,1.1955249,252.3258,0.5850387,-0.48531574,13.4827585
759,ship__p0__s0,taboo,26,1,0,0.0019820346,0.015551761,0.09738858,238.63493,0.58961564,-0.46903348,14.230564
760,ship__p0__s0,taboo,27,1,0,0.5502176,1.4016958,1.8212681,281.31012,0.60033274,-0.47551006,13.127235
761,ship__p0__s0,taboo,28,1,0,0.014440905,0.08680109,0.41390553,124.378784,0.57491916,-0.45110425,14.647227
762,ship__p0__s0,taboo,29,1,0,0.042697027,0.2973858,1.7102827,286.93704,0.5951332,-0.44718674,14.312333
763,ship__p0__s1,taboo,0,1,0,0.41318786,2.3714786,9.73466,449.10242,0.9227549,-0.4808368,10.754686
764,ship__p0__s1,taboo,1,1,0,1.1357687,1.9403865,2.2654717,201.8783,0.8551746,-0.51900905,10.476996
765,ship__p0__s1,taboo,2,1,0,0.13274026,0.41645747,0.7971538,206.7049,0.82898253,-0.5092032,11.080501
766,ship__p0__s1,taboo,3,1,0,0.14272894,0.6633029,2.1473017,330.67316,0.77859074,-0.48826182,11.705279
767,ship__p0__s1,taboo,4,1,0,0.6171309,0.91554487,1.0150145,311.75964,0.73555064,-0.45467156,13.188817
768,ship__p0__s1,taboo,5,1,0,0.058072366,0.2800445,1.1292074,229.84207,0.71393496,-0.4262711,14.395698
769,ship__p0__s1,taboo,6,1,0,0.06503678,0.4021558,2.017146,207.92616,0.6726371,-0.43730047,14.681599
770,ship__p0__s1,taboo,7,1,0,0.13335337,0.57535285,1.7942783,184.41562,0.6771242,-0.48286214,12.447892
771,ship__p0__s1,taboo,8,1,0,0.25589883,1.0088283,2.4488702,338.51935,0.67601776,-0.4394425,13.610297
772,ship__p0__s1,taboo,9,1,0,0.49842358,0.8000387,0.6942589,215.23885,0.6770381,-0.47510353,11.411901
773,ship__p0__s1,taboo,10,1,0,0.05162532,0.33105657,1.7337772,245.82323,0.64795786,-0.4690203,12.85488
774,ship__p0__s1,taboo,11,1,0,1.0772271,1.3395861,0.8199343,271.68442,0.6441411,-0.47120008,13.217528
775,ship__p0__s1,taboo,12,1,0,0.08664319,0.4314521,1.5731835,247.8191,0.663774,-0.5251379,11.741974
776,ship__p0__s1,taboo,13,1,0,0.00018451895,0.0023643533,0.026804525,262.1771,0.64045626,-0.48633584,12.945267
777,ship__p0__s1,taboo,14,1,0,0.93002623,1.7356429,1.6221775,192.4199,0.62731403,-0.47663572,13.156332
778,ship__p0__s1,taboo,15,1,0,0.157313,0.75430393,2.7785711,139.56584,0.6317536,-0.4693346,13.409766
779,ship__p0__s1,taboo,16,1,0,0.17605604,0.8673533,2.851183,243.06052,0.6204267,-0.46870694,13.47202
780,ship__p0__s1,taboo,17,1,0,0.19620925,0.7928226,2.0094173,133.80188,0.5783559,-0.4317172,15.576042
781,ship__p0__s1,taboo,18,1,0,0.6790358,1.5217224,2.0578194,452.5719,0.61422735,-0.40954039,14.595923
782,ship__p0__s1,taboo,19,1,0,0.54959965,1.841811,4.0497675,435.39145,0.64237314,-0.50354725,11.6222515
783,ship__p0__s1,taboo,20,1,0,0.0029755624,0.029544488,0.25599924,213.61575,0.62947565,-0.5043211,12.400948
784,ship__p0__s1,taboo,21,1,0,0.0015925594,0.013448048,0.095030546,241.14929,0.6027718,-0.49365905,12.8892975
785,ship__p0__s1,taboo,22,1,0,0.19589315,0.73239505,1.5714064,281.07846,0.6085419,-0.47396663,13.360731
786,ship__p0__s1,taboo,23,1,0,1.212278,1.2576301,1.5917011,320.01984,0.6124852,-0.49096087,13.511243
787,ship__p0__s1,taboo,24,1,0,1.2735121,1.2321672,0.94489336,246.5924,0.59327835,-0.45362195,13.826559
788,ship__p0__s1,taboo,25,1,0,2.1086044,1.4322188,2.1342356,316.22153,0.62391025,-0.47486505,13.710211
789,ship__p0__s1,taboo,26,1,1,1.7114019,4.0046196,4.7371216,343.93564,0.6447494,-0.52573025,12.393425
790,ship__p0__s1,taboo,27,1,0,0.916697,1.5941073,1.152204,300.60703,0.53822887,-0.44804895,14.085612
791,ship__p0__s1,taboo,28,1,1,1.4743114,3.5459762,4.038052,348.19812,0.58286446,-0.47645143,13.993905
792,ship__p0__s1,taboo,29,1,0,0.10592785,0.46445215,1.4400136,483.0656,0.54464066,-0.38325995,16.457499
793,ship__p0__s2,taboo,0,1,0,0.44465077,2.4950516,9.897237,448.85535,0.9222935,-0.48116317,10.730023
794,ship__p0__s2,taboo,1,1,0,1.1389074,1.9358029,2.1767921,270.4215,0.8665232,-0.5227604,10.7546625
795,ship__p0__s2,taboo,2,1,0,0.080855936,0.47059435,2.2988148,329.7451,0.8470915,-0.5505257,10.405499
796,ship__p0__s2,taboo,3,1,0,0.04256703,0.2600212,1.2442875,249.22394,0.77696854,-0.45498565,12.534541
797,ship__p0__s2,taboo,4,1,0,0.06677694,0.27187717,0.78745544,134.97913,0.7662838,-0.46962768,11.703657
798,ship__p0__s2,taboo,5,1,0,0.055362903,0.36199027,1.8315104,290.32376,0.71646285,-0.47974327,12.970096
799,ship__p0__s2,taboo,6,1,0,0.1267824,0.53954536,1.4799433,162.9043,0.72192955,-0.5043257,11.876972
800,ship__p0__s2,taboo,7,1,0,0.014693616,0.07941446,0.30039215,214.53139,0.7352513,-0.4872953,12.917025
801,ship__p0__s2,taboo,8,1,0,0.14242513,0.6540274,2.1197968,318.32697,0.72133166,-0.47023267,12.691761
802,ship__p0__s2,taboo,9,1,0,0.59890044,0.8477736,0.9435159,318.6306,0.69801444,-0.46186197,13.227138
803,ship__p0__s2,taboo,10,1,0,0.02562838,0.14947829,0.73028576,181.95508,0.68855757,-0.42576128,14.470942
804,ship__p0__s2,taboo,11,1,0,0.030235145,0.19459835,1.0636935,250.44876,0.6460989,-0.4460038,14.766385
805,ship__p0__s2,taboo,12,1,0,0.1425402,0.7252,2.4827569,185.83974,0.63235706,-0.4707127,13.137213
806,ship__p0__s2,taboo,13,1,0,1.8268722,2.1826231,1.8773006,530.74915,0.63175684,-0.47369158,12.245657
807,ship__p0__s2,taboo,14,1,0,1.8472251,3.0732653,5.471494,437.61252,0.66150784,-0.5303782,11.041086
808,ship__p0__s2,taboo,15,1,0,0.00083173485,0.007879803,0.06302397,255.54614,0.62638927,-0.48811582,12.777201
809,ship__p0__s2,taboo,16,1,0,0.14178881,0.6173288,2.008952,246.84285,0.62742233,-0.45593348,13.660194
810,ship__p0__s2,taboo,17,1,0,1.1476195,1.2754904,1.9223154,335.90298,0.60253084,-0.46750438,13.551993
811,ship__p0__s2,taboo,18,1,0,0.07149854,0.33920634,1.127782,285.66382,0.5640896,-0.45995903,13.204963
812,ship__p0__s2,taboo,19,1,0,1.115267,2.4543715,3.4309418,279.11243,0.5684752,-0.44628266,13.427838
813,ship__p0__s2,taboo,20,1,0,0.803765,1.9989488,3.3329222,302.70343,0.5990549,-0.45661116,13.698323
814,ship__p0__s2,taboo,21,1,0,0.2978021,0.906335,1.9245236,156.95045,0.53692305,-0.41661936,15.834085
815,ship__p0__s2,taboo,22,1,0,1.2855562,2.1996286,2.1654654,133.65814,0.5422228,-0.43283504,14.937878
816,ship__p0__s2,taboo,23,1,0,0.1260712,0.5956627,1.882915,425.37494,0.59741116,-0.41042292,14.420838
817,ship__p0__s2,taboo,24,1,0,0.28950962,0.9398951,2.3461556,374.10904,0.60700727,-0.4733085,12.468277
818,ship__p0__s2,taboo,25,1,0,0.000076291035,0.0010011063,0.0115655195,258.55524,0.5937702,-0.42056766,13.681957
819,ship__p0__s2,taboo,26,1,0,0.2837216,0.8794083,2.2842283,254.85738,0.5894119,-0.4474079,13.917731
820,ship__p0__s2,taboo,27,1,0,0.7020451,1.294277,1.0057666,235.02573,0.5727171,-0.45449594,14.377258
821,ship__p0__s2,taboo,28,1,0,0.39114055,1.2404262,2.2819319,271.1917,0.59863526,-0.47380003,12.60714
822,ship__p0__s2,taboo,29,1,0,0.02923431,0.19093959,1.0405276,140.6119,0.57358265,-0.44889262,14.291218
823,ship__p0__s3,taboo,0,1,0,0.44465077,2.4950516,9.897237,448.85535,0.9222935,-0.48116317,10.730023
824,ship__p0__s3,taboo,1,1,0,1.1389074,1.9358029,2.1767921,270.4215,0.8665232,-0.5227604,10.7546625
825,ship__p0__s3,taboo,2,1,0,0.080855936,0.47059435,2.2988148,329.7451,0.8470915,-0.5505257,10.405499
826,ship__p0__s3,taboo,3,1,0,0.04256703,0.2600212,1.2442875,249.22394,0.77696854,-0.45498565,12.534541
827,ship__p0__s3,taboo,4,1,0,0.06677694,0.27187717,0.78745544,134.97913,0.7662838,-0.46962768,11.703657
828,ship__p0__s3,taboo,5,1,0,0.055362903,0.36199027,1.8315104,290.32376,0.71646285,-0.47974327,12.970096
829,ship__p0__s3,taboo,6,1,0,0.1267824,0.53954536,1.4799433,162.9043,0.72192955,-0.5043257,11.876972
830,ship__p0__s3,taboo,7,1,0,0.014693616,0.07941446,0.30039215,214.53139,0.7352513,-0.4872953,12.917025
831,ship__p0__s3,taboo,8,1,0,0.14242513,0.6540274,2.1197968,318.32697,0.72133166,-0.47023267,12.691761
832,ship__p0__s3,taboo,9,1,0,0.59890044,0.8477736,0.9435159,318.6306,0.69801444,-0.46186197,13.227138
833,ship__p0__s3,taboo,10,1,0,0.02562838,0.14947829,0.73028576,181.95508,0.68855757,-0.42576128,14.470942
834,ship__p0__s3,taboo,11,1,0,0.030235145,0.19459835,1.0636935,250.44876,0.6460989,-0.4460038,14.766385
835,ship__p0__s3,taboo,12,1,0,0.1425402,0.7252,2.4827569,185.83974,0.63235706,-0.4707127,13.137213
836,ship__p0__s3,taboo,13,1,0,1.8268722,2.1826231,1.8773006,530.74915,0.63175684,-0.47369158,12.245657
837,ship__p0__s3,taboo,14,1,0,1.5972251,3.0732653,5.471494,469.54367,0.6194508,-0.45888218,12.816676
838,ship__p0__s3,taboo,15,1,0,2.3485823,3.4117894,3.9720044,367.40942,0.6387667,-0.50720453,12.040543
839,ship__p0__s3,taboo,16,1,0,0.010558458,0.08116106,0.51141524,236.23148,0.6129758,-0.4948941,12.48362
840,ship__p0__s3,taboo,17,1,0,0.0075254287,0.06519669,0.48287684,290.68506,0.5976752,-0.4535762,13.9616
841,ship__p0__s3,taboo,18,1,0,0.75791943,1.954526,3.499802,295.36505,0.58810484,-0.45040822,14.071522
842,ship__p0__s3,taboo,19,1,0,0.23980543,1.0582701,3.5140753,235.34172,0.56182605,-0.4433685,14.390798
843,ship__p0__s3,taboo,20,1,0,1.7171195,2.03687,2.2146575,243.27814,0.61506903,-0.5121937,12.475055
844,ship__p0__s3,taboo,21,1,0,0.011375685,0.08633159,0.5335054,364.73492,0.5554007,-0.43571833,15.187136
845,ship__p0__s3,taboo,22,1,0,0.7268176,1.8842835,2.2949238,435.5252,0.6108344,-0.42264917,13.9735775
846,ship__p0__s3,taboo,23,1,0,0.37030008,1.0241277,2.2592092,376.53992,0.61971307,-0.48089373,12.297832
847,ship__p0__s3,taboo,24,1,0,0.00016675988,0.0020111627,0.020909056,268.71906,0.60650826,-0.42227185,13.636595
848,ship__p0__s3,taboo,25,1,0,0.24301638,0.76295877,1.9996517,250.18547,0.5872988,-0.44356948,13.921715
849,ship__p0__s3,taboo,26,1,0,1.2600625,1.4028127,0.8752493,158.58408,0.6149401,-0.50780916,12.246056
850,ship__p0__s3,taboo,27,1,0,0.044040572,0.18548927,0.4919024,238.255,0.60850775,-0.5088884,12.891947
851,ship__p0__s3,taboo,28,1,0,0.066867925,0.32295406,1.0149329,251.72873,0.5863872,-0.48759526,13.41313
852,ship__p0__s3,taboo,29,1,0,0.0015722068,0.012860243,0.08527178,247.79718,0.5910201,-0.47041982,14.171591
853,ship__p0__s4,taboo,0,1,0,0.44465077,2.4950516,9.897237,448.85535,0.9222935,-0.48116317,10.730023
854,ship__p0__s4,taboo,1,1,0,1.1389074,1.9358029,2.1767921,270.4215,0.8665232,-0.5227604,10.7546625
855,ship__p0__s4,taboo,2,1,0,0.080855936,0.47059435,2.2988148,329.7451,0.8470915,-0.5505257,10.405499
856,ship__p0__s4,taboo,3,1,0,0.04256703,0.2600212,1.2442875,249.22394,0.77696854,-0.45498565,12.534541
857,ship__p0__s4,taboo,4,1,0,0.06677694,0.27187717,0.78745544,134.97913,0.7662838,-0.46962768,11.703657
858,ship__p0__s4,taboo,5,1,0,0.055362903,0.36199027,1.8315104,290.32376,0.71646285,-0.47974327,12.970096
859,ship__p0__s4,taboo,6,1,0,0.1267824,0.53954536,1.4799433,162.9043,0.72192955,-0.5043257,11.876972
860,ship__p0__s4,taboo,7,1,0,0.014693616,0.07941446,0.30039215,214.53139,0.7352513,-0.4872953,12.917025
861,ship__p0__s4,taboo,8,1,0,0.14242513,0.6540274,2.1197968,318.32697,0.72133166,-0.47023267,12.691761
862,ship__p0__s4,taboo,9,1,0,0.59890044,0.8477736,0.9435159,318.6306,0.69801444,-0.46186197,13.227138
863,ship__p0__s4,taboo,10,1,0,0.02562838,0.14947829,0.73028576,181.95508,0.68855757,-0.42576128,14.470942
864,ship__p0__s4,taboo,11,1,0,0.030235145,0.19459835,1.0636935,250.44876,0.6460989,-0.4460038,14.766385
865,ship__p0__s4,taboo,12,1,0,0.1425402,0.7252,2.4827569,185.83974,0.63235706,-0.4707127,13.137213
866,ship__p0__s4,taboo,13,1,0,1.8268722,2.1826231,1.8773006,530.74915,0.63175684,-0.47369158,12.245657
867,ship__p0__s4,taboo,14,1,0,1.8472251,3.0732653,5.471494,437.61252,0.66150784,-0.5303782,11.041086
868,ship__p0__s4,taboo,15,1,0,0.00083173485,0.007879803,0.06302397,255.54614,0.62638927,-0.48811582,12.777201
869,ship__p0__s4,taboo,16,1,0,0.14178881,0.6173288,2.008952,246.84285,0.62742233,-0.45593348,13.660194
870,ship__p0__s4,taboo,17,1,0,0.6476194,1.2754904,1.9223154,322.18872,0.6131487,-0.46820575,13.206755
871,ship__p0__s4,taboo,18,1,0,0.035848252,0.22091807,1.044171,283.4999,0.5701998,-0.47668886,12.629021
872,ship__p0__s4,taboo,19,1,0,1.3369215,2.311018,2.5393128,250.501,0.55274,-0.43900266,14.134849
873,ship__p0__s4,taboo,20,1,0,0.12574327,0.5873504,1.9530268,237.72258,0.544832,-0.43434584,15.256493
874,ship__p0__s4,taboo,21,1,0,1.35992,1.565709,1.8232836,252.9453,0.60861665,-0.5151106,12.517692
875,ship__p0__s4,taboo,22,1,0,0.0022167414,0.021119568,0.16669628,368.51205,0.54325,-0.43427587,15.352868
876,ship__p0__s4,taboo,23,1,0,0.43992597,1.2613757,2.1113176,436.65222,0.60866016,-0.421154,14.05414
877,ship__p0__s4,taboo,24,1,0,0.28899312,0.9031923,2.0296056,386.156,0.61718833,-0.4777308,12.30152
878,ship__p0__s4,taboo,25,1,0,0.00019167017,0.0022814549,0.023436878,268.22116,0.59777963,-0.42373505,13.652417
879,ship__p0__s4,taboo,26,1,0,1.7288532,0.6640214,1.4027851,163.92493,0.6111231,-0.4796174,11.570027
880,ship__p0__s4,taboo,27,1,0,0.0027050115,0.025691126,0.20794633,261.95853,0.6068078,-0.48058477,12.394056
881,ship__p0__s4,taboo,28,1,0,0.1507398,0.66968095,2.0335684,153.9992,0.5908963,-0.4999159,12.388433
882,ship__p0__s4,taboo,29,1,0,0.00030965777,0.0033882328,0.03173179,249.58655,0.58180743,-0.4815511,13.181276
883,ship__p0__s5,taboo,0,1,0,0.44465077,2.4950516,9.897237,448.85535,0.9222935,-0.48116317,10.730023
884,ship__p0__s5,taboo,1,1,0,1.1389074,1.9358029,2.1767921,207.8375,0.8576022,-0.51937914,10.515577
885,ship__p0__s5,taboo,2,1,0,0.121508874,0.4131954,0.9509382,201.70093,0.82820255,-0.5095075,11.098995
886,ship__p0__s5,taboo,3,1,0,0.085047446,0.44777805,1.6962242,320.83136,0.7784474,-0.4878849,11.732298
887,ship__p0__s5,taboo,4,1,0,0.61548126,0.9065804,0.97471666,314.0445,0.734531,-0.45438346,13.196456
888,ship__p0__s5,taboo,5,1,0,0.05761299,0.27588558,1.0974176,229.94719,0.7141662,-0.42648372,14.393878
889,ship__p0__s5,taboo,6,1,0,0.11951986,0.6707523,3.059035,211.83844,0.6727752,-0.43802267,14.688492
890,ship__p0__s5,taboo,7,1,0,0.16933642,0.72912127,2.2584672,192.33932,0.6788619,-0.48351932,12.481592
891,ship__p0__s5,taboo,8,1,0,0.33994684,1.2454331,2.6473253,350.14786,0.6762903,-0.43928403,13.584458
892,ship__p0__s5,taboo,9,1,0,1.0083015,0.8546168,0.970996,263.32828,0.655893,-0.4807349,12.1253605
893,ship__p0__s5,taboo,10,1,0,0.87098145,1.7106881,1.4642674,258.68225,0.6507048,-0.47021204,12.667862
894,ship__p0__s5,taboo,11,1,0,0.49584645,1.3560884,2.7139525,272.4513,0.6359134,-0.45515642,13.245461
895,ship__p0__s5,taboo,12,1,0,0.15769072,0.9364768,4.2392545,287.51013,0.65029234,-0.4613334,12.861812
896,ship__p0__s5,taboo,13,1,0,0.7068647,2.1465673,4.1918254,273.43832,0.5846617,-0.42279452,15.026203
897,ship__p0__s5,taboo,14,1,0,0.40995723,1.6106994,4.043526,209.33688,0.54840785,-0.39895213,15.108407
898,ship__p0__s5,taboo,15,1,0,1.0403104,2.0519166,3.1346703,430.88882,0.61472166,-0.41519505,14.015603
899,ship__p0__s5,taboo,16,1,0,0.6362627,1.4062896,2.6348407,394.8847,0.64425004,-0.4798943,11.881879
900,ship__p0__s5,taboo,17,1,0,0.00029333105,0.003313831,0.032076046,266.64706,0.62132645,-0.41613582,13.489521
901,ship__p0__s5,taboo,18,1,0,0.13215184,0.63765556,2.546879,268.6548,0.6024126,-0.4345738,13.746471
902,ship__p0__s5,taboo,19,1,0,1.3040493,1.4234474,1.104407,156.94916,0.6276561,-0.50479233,11.763417
903,ship__p0__s5,taboo,20,1,0,0.050300665,0.20783724,0.5486605,235.85558,0.6190033,-0.5039699,12.533568
904,ship__p0__s5,taboo,21,1,0,0.02036262,0.12484284,0.5551206,265.9206,0.59877,-0.48493785,13.112398
905,ship__p0__s5,taboo,22,1,0,0.0014546062,0.012560965,0.08970206,257.27386,0.5991573,-0.4645278,14.081673
906,ship__p0__s5,taboo,23,1,0,1.5593734,1.4312663,2.0198102,208.79568,0.5812626,-0.45395255,14.19178
907,ship__p0__s5,taboo,24,1,0,0.03412689,0.23878488,1.349032,145.25378,0.5902748,-0.4507011,14.16965
908,ship__p0__s5,taboo,25,1,0,0.1444645,0.76996624,2.8327866,241.69507,0.59550667,-0.45778584,13.999896
909,ship__p0__s5,taboo,26,1,0,0.4302082,1.0688373,1.4987047,159.58044,0.5488484,-0.42505962,15.885419
910,ship__p0__s5,taboo,27,1,0,0.30830613,1.2223306,2.8902905,303.11383,0.57211185,-0.45072436,13.247837
911,ship__p0__s5,taboo,28,1,0,1.104568,2.457557,3.4728982,249.39192,0.56145567,-0.44675392,14.804645
912,ship__p0__s5,taboo,29,1,0,0.04002914,0.24460977,1.2420213,109.497795,0.5756976,-0.45773807,14.771806
913,ship__p0__s6,taboo,0,1,0,0.5675163,2.9837074,10.525774,458.02322,0.92290455,-0.4813829,10.7206955
914,ship__p0__s6,taboo,1,1,0,1.0610895,1.9067255,2.2025852,267.20526,0.86557907,-0.5219866,10.753464
915,ship__p0__s6,taboo,2,1,0,0.0886673,0.5275242,2.6621995,334.57416,0.8481557,-0.55059916,10.436429
916,ship__p0__s6,taboo,3,1,0,0.07619707,0.42006063,1.7631154,251.48465,0.7771897,-0.4546505,12.564158
917,ship__p0__s6,taboo,4,1,0,0.06678798,0.2720151,0.7890775,134.27556,0.7662831,-0.46960172,11.684501
918,ship__p0__s6,taboo,5,1,0,0.05608832,0.36326668,1.8197072,290.74765,0.7155973,-0.47949553,12.999261
919,ship__p0__s6,taboo,6,1,0,0.1206331,0.5227067,1.4843066,163.60507,0.7227483,-0.50450754,11.85924
920,ship__p0__s6,taboo,7,1,0,0.016634928,0.08778246,0.32158598,217.942,0.7355888,-0.48687986,12.926014
921,ship__p0__s6,taboo,8,1,0,0.15609792,0.69515085,2.1697633,319.18134,0.72160167,-0.47020188,12.71546
922,ship__p0__s6,taboo,9,1,0,0.6003622,0.85724646,0.9928377,321.68112,0.69794744,-0.46158054,13.246991
923,ship__p0__s6,taboo,10,1,0,0.025794638,0.1513035,0.747463,181.14795,0.6878677,-0.4262657,14.418805
924,ship__p0__s6,taboo,11,1,0,0.024210053,0.15509687,0.83714247,249.82552,0.646946,-0.44603962,14.765299
925,ship__p0__s6,taboo,12,1,0,0.16498336,0.82485175,2.7531748,184.87636,0.63269913,-0.47089857,13.090005
926,ship__p0__s6,taboo,13,1,0,1.6478204,2.2201872,2.1296015,534.1096,0.6313512,-0.47359318,12.20759
927,ship__p0__s6,taboo,14,1,0,1.6763742,3.1079144,5.566853,457.46887,0.6195077,-0.4579717,12.866089
928,ship__p0__s6,taboo,15,1,0,1.6678667,3.436625,4.126549,400.3115,0.6404124,-0.5102323,11.9928665
929,ship__p0__s6,taboo,16,1,0,0.017158631,0.11793519,0.64706075,261.60944,0.60641414,-0.4807342,13.18846
930,ship__p0__s6,taboo,17,1,0,0.004462997,0.043064665,0.35660645,288.54398,0.604839,-0.45240793,13.679898
931,ship__p0__s6,taboo,18,1,0,1.2426437,2.6088514,3.3841505,213.84763,0.614856,-0.46335214,13.43092
932,ship__p0__s6,taboo,19,1,0,0.25334492,1.2825364,4.871725,195.37378,0.60052526,-0.45663813,13.605137
933,ship__p0__s6,taboo,20,1,0,0.2771325,1.188624,3.344386,244.41377,0.6022044,-0.46643552,13.752277
934,ship__p0__s6,taboo,21,1,0,0.23256955,0.7537145,1.6851959,166.87076,0.54217494,-0.42695662,15.8609495
935,ship__p0__s6,taboo,22,1,0,1.2168603,2.183271,1.7906264,434.90387,0.586619,-0.40839735,14.684175
936,ship__p0__s6,taboo,23,1,0,0.40993682,1.3355515,3.0417101,383.19916,0.602795,-0.47036618,12.563897
937,ship__p0__s6,taboo,24,1,0,0.00009142935,0.0011675451,0.012974383,263.87167,0.59166837,-0.41919798,13.776231
938,ship__p0__s6,taboo,25,1,0,2.159351,0.6059469,1.8784153,162.8098,0.59907025,-0.47418416,11.767794
939,ship__p0__s6,taboo,26,1,0,0.0060426644,0.05302501,0.39370546,263.44662,0.59103423,-0.47341514,12.941964
940,ship__p0__s6,taboo,27,1,0,0.20508821,0.879468,2.5053744,143.54343,0.58961725,-0.49874908,12.533306
941,ship__p0__s6,taboo,28,1,0,0.0005069878,0.0054211793,0.04960326,252.12297,0.5709443,-0.47638667,13.486862
942,ship__p0__s6,taboo,29,1,0,0.9437407,1.3073668,0.91715854,283.0368,0.5774998,-0.44853908,14.433954
943,ship__p0__s7,taboo,0,1,0,0.44465077,2.4950516,9.897237,448.85535,0.9222935,-0.48116317,10.730023
944,ship__p0__s7,taboo,1,1,0,1.1389074,1.9358029,2.1767921,207.8375,0.8576022,-0.51937914,10.515577
945,ship__p0__s7,taboo,2,1,0,0.121508874,0.4131954,0.9509382,201.70093,0.82820255,-0.5095075,11.098995
946,ship__p0__s7,taboo,3,1,0,0.085047446,0.44777805,1.6962242,320.83136,0.7784474,-0.4878849,11.732298
947,ship__p0__s7,taboo,4,1,0,0.61548126,0.9065804,0.97471666,314.0445,0.734531,-0.45438346,13.196456
948,ship__p0__s7,taboo,5,1,0,0.05761299,0.27588558,1.0974176,229.94719,0.7141662,-0.42648372,14.393878
949,ship__p0__s7,taboo,6,1,0,0.11951986,0.6707523,3.059035,211.83844,0.6727752,-0.43802267,14.688492
950,ship__p0__s7,taboo,7,1,0,0.16933642,0.72912127,2.2584672,192.33932,0.6788619,-0.48351932,12.481592
951,ship__p0__s7,taboo,8,1,0,0.33994684,1.2454331,2.6473253,350.14786,0.6762903,-0.43928403,13.584458
952,ship__p0__s7,taboo,9,1,0,1.0083015,0.8546168,0.970996,263.32828,0.655893,-0.4807349,12.1253605
953,ship__p0__s7,taboo,10,1,0,0.87098145,1.7106881,1.4642674,258.68225,0.6507048,-0.47021204,12.667862
954,ship__p0__s7,taboo,11,1,0,0.49584645,1.3560884,2.7139525,272.4513,0.6359134,-0.45515642,13.245461
955,ship__p0__s7,taboo,12,1,0,0.15769072,0.9364768,4.2392545,287.51013,0.65029234,-0.4613334,12.861812
956,ship__p0__s7,taboo,13,1,0,0.7068647,2.1465673,4.1918254,273.43832,0.5846617,-0.42279452,15.026203
957,ship__p0__s7,taboo,14,1,0,0.40995723,1.6106994,4.043526,209.33688,0.54840785,-0.39895213,15.108407
958,ship__p0__s7,taboo,15,1,0,1.0403104,2.0519166,3.1346703,430.88882,0.61472166,-0.41519505,14.015603
959,ship__p0__s7,taboo,16,1,0,0.6362627,1.4062896,2.6348407,394.8847,0.64425004,-0.4798943,11.881879
960,ship__p0__s7,taboo,17,1,0,0.00029333105,0.003313831,0.032076046,266.64706,0.62132645,-0.41613582,13.489521
961,ship__p0__s7,taboo,18,1,0,0.13215184,0.63765556,2.546879,268.6548,0.6024126,-0.4345738,13.746471
962,ship__p0__s7,taboo,19,1,0,1.3040493,1.4234474,1.104407,156.94916,0.6276561,-0.50479233,11.763417
963,ship__p0__s7,taboo,20,1,0,0.050300665,0.20783724,0.5486605,235.85558,0.6190033,-0.5039699,12.533568
964,ship__p0__s7,taboo,21,1,0,0.02036262,0.12484284,0.5551206,265.9206,0.59877,-0.48493785,13.112398
965,ship__p0__s7,taboo,22,1,0,0.0014546062,0.012560965,0.08970206,257.27386,0.5991573,-0.4645278,14.081673
966,ship__p0__s7,taboo,23,1,0,0.55937344,1.4312663,2.0198102,274.5374,0.61032414,-0.46098953,13.038398
967,ship__p0__s7,taboo,24,1,0,0.04219705,0.22236696,0.9557153,133.00455,0.5755467,-0.44442025,14.594707
968,ship__p0__s7,taboo,25,1,0,0.06551766,0.40616792,2.0109892,275.4698,0.60218877,-0.44454193,14.129683
969,ship__p0__s7,taboo,26,1,0,0.37195912,1.4799964,4.6362934,143.15073,0.6030784,-0.46542382,13.518453
970,ship__p0__s7,taboo,27,1,0,0.28324503,0.7580074,1.7195183,316.435,0.59566694,-0.45888823,14.336995
971,ship__p0__s7,taboo,28,1,0,1.0511217,1.7201049,1.7836428,323.7142,0.5217422,-0.4193793,15.32068
972,ship__p0__s7,taboo,29,1,0,1.610831,1.90137,2.3996282,254.41684,0.56957924,-0.45445278,13.356909
973,ship__p1__s0,taboo,0,1,0,0.7247268,3.742051,12.181277,438.5829,0.9261321,-0.48142165,10.694139
974,ship__p1__s0,taboo,1,1,0,1.1968191,2.228711,2.4526978,286.75644,0.86939085,-0.5249018,10.735064
975,ship__p1__s0,taboo,2,1,0,0.19864371,0.96956545,4.016185,337.6508,0.8453761,-0.5503636,10.511925
976,ship__p1__s0,taboo,3,1,0,0.06340302,0.37176657,1.6584549,258.04248,0.780608,-0.4516368,12.525643
977,ship__p1__s0,taboo,4,1,0,0.17343472,0.6285995,1.995527,135.9747,0.7694722,-0.4824086,11.327204
978,ship__p1__s0,taboo,5,1,0,0.15886359,0.8841159,3.6490664,300.57703,0.7182518,-0.48473924,12.975065
979,ship__p1__s0,taboo,6,1,0,0.29288492,0.9576264,1.818943,166.02068,0.7207833,-0.50475526,11.857502
980,ship__p1__s0,taboo,7,1,0,0.01671336,0.095657915,0.41117796,221.54044,0.73307794,-0.4867031,12.933812
981,ship__p1__s0,taboo,8,1,0,0.24806976,1.0270357,2.9583414,292.33212,0.7264649,-0.4831508,12.300425
982,ship__p1__s0,taboo,9,1,0,0.5525335,1.3022798,2.7947955,312.40445,0.6996713,-0.4596671,13.216346
983,ship__p1__s0,taboo,10,1,0,0.07855016,0.3825388,1.6677134,175.12927,0.6955517,-0.4610168,13.042883
984,ship__p1__s0,taboo,11,1,0,0.04349835,0.28946376,1.6929407,296.5024,0.66076046,-0.476172,13.563219
985,ship__p1__s0,taboo,12,1,0,0.14135215,0.7235114,2.5665703,185.3364,0.62346953,-0.4778829,12.918086
986,ship__p1__s0,taboo,13,1,0,0.992891,1.8361814,2.0502732,413.36124,0.6310321,-0.4411202,13.999811
987,ship__p1__s0,taboo,14,1,0,0.14934814,0.77326727,2.868206,405.3943,0.64763737,-0.49799687,11.767588
988,ship__p1__s0,taboo,15,1,0,0.00039796063,0.0043607885,0.040438645,255.84048,0.61763436,-0.42954478,13.355496
989,ship__p1__s0,taboo,16,1,0,0.080416806,0.37159654,1.3577244,256.859,0.6052917,-0.46019617,13.690167
990,ship__p1__s0,taboo,17,1,0,0.7969659,1.2415342,0.76404536,170.26607,0.63818794,-0.52770007,11.610308
991,ship__p1__s0,taboo,18,1,0,0.00897918,0.053600907,0.2341902,238.45567,0.6273183,-0.5236181,12.504505
992,ship__p1__s0,taboo,19,1,0,0.014424221,0.09278157,0.43391,265.9504,0.6124753,-0.5089061,12.785623
993,ship__p1__s0,taboo,20,1,0,0.0010630201,0.009223595,0.064852685,242.84204,0.59844065,-0.4811656,13.801506
994,ship__p1__s0,taboo,21,1,0,0.6614676,1.4422951,1.704689,290.17035,0.61371416,-0.4875133,12.690905
995,ship__p1__s0,taboo,22,1,0,0.016747827,0.08965782,0.3446099,118.19838,0.585158,-0.46337542,14.237086
996,ship__p1__s0,taboo,23,1,0,0.018497935,0.12929095,0.73179996,291.49725,0.5950441,-0.44998893,14.152915
997,ship__p1__s0,taboo,24,1,0,1.1968455,1.2249799,2.182713,336.87686,0.606777,-0.48470387,13.801762
998,ship__p1__s0,taboo,25,1,0,0.82685,1.4589497,1.4455969,250.84259,0.58109623,-0.45002455,13.77732
999,ship__p1__s0,taboo,26,1,0,0.38016945,0.9663302,1.3148926,287.08603,0.55170935,-0.42561263,15.735018
1000,ship__p1__s0,taboo,27,1,0,0.74438924,1.516732,2.0302215,467.38068,0.5674437,-0.40594694,15.606136
1001,ship__p1__s0,taboo,28,1,0,0.5679748,1.413193,2.295116,438.46448,0.59710056,-0.4948595,12.340006
1002,ship__p1__s0,taboo,29,1,0,0.0011468508,0.011676222,0.1026162,219.48613,0.5947292,-0.4991156,12.851164
1003,ship__p1__s1,taboo,0,1,0,0.69204324,3.6476417,12.229477,444.31857,0.9268588,-0.4799629,10.726225
1004,ship__p1__s1,taboo,1,1,0,1.9409363,2.1972947,2.5600793,236.56532,0.8562169,-0.514109,10.511801
1005,ship__p1__s1,taboo,2,1,0,0.12789987,0.5094372,1.5530512,196.97491,0.8312843,-0.5099303,10.997267
1006,ship__p1__s1,taboo,3,1,0,0.24019486,1.0285951,3.0789678,309.81567,0.7842065,-0.49490732,11.484873
1007,ship__p1__s1,taboo,4,1,0,0.48054403,1.2790465,2.7385583,309.81235,0.73560876,-0.46199736,12.980829
1008,ship__p1__s1,taboo,5,1,0,0.15873207,0.65436053,2.3748696,182.96307,0.7207802,-0.46976915,12.798956
1009,ship__p1__s1,taboo,6,1,0,0.05639574,0.40722075,2.4689093,291.5586,0.6814822,-0.45862985,13.581083
1010,ship__p1__s1,taboo,7,1,0,0.10300206,0.50476944,1.8642969,180.9297,0.66490155,-0.48595548,12.379484
1011,ship__p1__s1,taboo,8,1,0,3.1567836,1.0266222,2.3336644,418.019,0.69460016,-0.47463098,12.286718
1012,ship__p1__s1,taboo,9,1,0,0.5868476,1.0621433,1.9177806,398.88065,0.6845121,-0.5080288,11.19627
1013,ship__p1__s1,taboo,10,1,0,0.0006418552,0.006716845,0.059347034,265.0771,0.64749277,-0.4267904,13.223705
1014,ship__p1__s1,taboo,11,1,0,0.1331115,0.61364776,2.196322,266.3286,0.6340326,-0.46025127,13.320606
1015,ship__p1__s1,taboo,12,1,0,1.0318177,1.3590071,1.0233154,165.84993,0.65707594,-0.5265004,11.299866
1016,ship__p1__s1,taboo,13,1,0,0.021722605,0.111724414,0.4099535,254.09608,0.6526537,-0.5288067,11.917278
1017,ship__p1__s1,taboo,14,1,0,0.014982552,0.093471676,0.42394996,255.3765,0.629268,-0.51116514,12.412959
1018,ship__p1__s1,taboo,15,1,0,0.0010509926,0.009346775,0.068229005,241.7516,0.6142442,-0.4797464,13.486951
1019,ship__p1__s1,taboo,16,1,0,1.258051,1.4277749,1.9757712,209.2725,0.60024226,-0.47088647,13.569647
1020,ship__p1__s1,taboo,17,1,0,0.02804738,0.20022088,1.154246,143.88425,0.60403997,-0.46697462,13.534878
1021,ship__p1__s1,taboo,18,1,0,0.10966075,0.6165253,2.4520454,242.66023,0.5989585,-0.46638954,13.600959
1022,ship__p1__s1,taboo,19,1,0,0.24076895,0.8208259,1.6760682,158.22003,0.5578247,-0.42994422,15.641838
1023,ship__p1__s1,taboo,20,1,0,0.45524573,1.4773965,2.5884035,306.37714,0.5881445,-0.46498165,13.011476
1024,ship__p1__s1,taboo,21,1,0,1.3043029,2.4095726,3.5127301,250.81866,0.57162416,-0.46172523,14.401444
1025,ship__p1__s1,taboo,22,1,0,0.033409797,0.19502601,0.9226832,101.24036,0.5801546,-0.47133172,14.464088
1026,ship__p1__s1,taboo,23,1,0,0.18222812,0.8268835,2.7716475,230.53479,0.59189844,-0.4625701,14.265368
1027,ship__p1__s1,taboo,24,1,0,0.56803596,1.4084793,3.0217288,359.39597,0.5890108,-0.4757272,14.6960945
1028,ship__p1__s1,taboo,25,1,0,1.2147279,1.75402,2.265552,441.43906,0.55628836,-0.39892942,15.820587
1029,ship__p1__s1,taboo,26,1,0,0.33277774,1.1251683,2.6835132,438.6153,0.6012154,-0.50187725,12.19156
1030,ship__p1__s1,taboo,27,1,0,0.0011705459,0.011756792,0.10290017,211.30338,0.5921406,-0.49850708,12.940545
1031,ship__p1__s1,taboo,28,1,0,0.0024624523,0.020150702,0.13339978,261.22006,0.5690684,-0.48581633,13.084969
1032,ship__p1__s1,taboo,29,1,0,1.2902682,1.3878402,1.2491491,259.96808,0.53834236,-0.4465344,14.151744
1033,ship__p1__s2,taboo,0,1,0,0.74248606,3.7635038,11.903854,440.044,0.92572325,-0.4807421,10.7062025
1034,ship__p1__s2,taboo,1,1,0,1.1797645,2.218588,2.48578,280.97015,0.8685217,-0.52505267,10.745214
1035,ship__p1__s2,taboo,2,1,0,0.17059694,0.841291,3.5082345,338.0502,0.84550077,-0.55124646,10.484496
1036,ship__p1__s2,taboo,3,1,0,0.062209383,0.36164656,1.5864959,255.73587,0.7815785,-0.45164496,12.482056
1037,ship__p1__s2,taboo,4,1,0,0.17904323,0.668426,2.2480822,131.75781,0.7695368,-0.48132768,11.356794
1038,ship__p1__s2,taboo,5,1,0,0.2087837,1.1138884,4.3607564,298.12445,0.71809494,-0.484609,12.976063
1039,ship__p1__s2,taboo,6,1,0,0.27946934,0.9267998,1.8034878,164.91614,0.72095513,-0.50559604,11.844614
1040,ship__p1__s2,taboo,7,1,0,0.01633005,0.09234721,0.38498467,216.51468,0.7347584,-0.48697925,12.964142
1041,ship__p1__s2,taboo,8,1,0,0.25420508,1.0574981,3.04803,295.959,0.72652096,-0.48250845,12.363327
1042,ship__p1__s2,taboo,9,1,0,0.53576016,1.2264514,2.5499392,314.45422,0.6990008,-0.45930475,13.222264
1043,ship__p1__s2,taboo,10,1,0,0.07975539,0.39223006,1.7295651,176.57166,0.6949324,-0.4606077,13.047886
1044,ship__p1__s2,taboo,11,1,0,0.04583117,0.30181268,1.75044,296.23007,0.65953785,-0.4745202,13.569782
1045,ship__p1__s2,taboo,12,1,0,0.14637809,0.7425228,2.5847223,187.11678,0.62547153,-0.47800392,12.94893
1046,ship__p1__s2,taboo,13,1,0,1.1380775,2.0232816,1.9694587,417.8274,0.63174635,-0.440104,14.026707
1047,ship__p1__s2,taboo,14,1,0,0.12139644,0.6514498,2.510244,406.91223,0.646802,-0.4973151,11.796063
1048,ship__p1__s2,taboo,15,1,0,0.00021479207,0.0024889903,0.024612386,265.96805,0.6196047,-0.4292497,13.402195
1049,ship__p1__s2,taboo,16,1,0,0.1282723,0.57277036,2.1035223,268.79407,0.60553,-0.45986193,13.730676
1050,ship__p1__s2,taboo,17,1,0,0.8658955,1.2549046,0.7075374,169.8305,0.6381679,-0.5280541,11.587241
1051,ship__p1__s2,taboo,18,1,0,0.009010369,0.053939424,0.23734975,231.15425,0.62758696,-0.5236449,12.516278
1052,ship__p1__s2,taboo,19,1,0,0.013057089,0.08540561,0.40788525,260.00165,0.6111193,-0.50821674,12.80621
1053,ship__p1__s2,taboo,20,1,0,0.0010649253,0.009251599,0.06523773,238.85977,0.5983596,-0.48147777,13.811352
1054,ship__p1__s2,taboo,21,1,0,0.6396974,1.3992846,1.7122056,289.40295,0.6138866,-0.48826838,12.635872
1055,ship__p1__s2,taboo,22,1,0,0.021595102,0.11064322,0.40448022,116.71179,0.58524317,-0.46345878,14.213376
1056,ship__p1__s2,taboo,23,1,0,0.01866714,0.13030764,0.73524123,289.38892,0.5950791,-0.45013916,14.135704
1057,ship__p1__s2,taboo,24,1,0,1.2784312,1.1802586,2.057791,338.44595,0.60497576,-0.48420423,13.777526
1058,ship__p1__s2,taboo,25,1,0,2.3178139,1.4267619,1.3821667,240.02042,0.54082775,-0.45074707,14.008608
1059,ship__p1__s2,taboo,26,1,0,0.003399904,0.025652189,0.15566033,245.53821,0.548538,-0.458515,14.302376
1060,ship__p1__s2,taboo,27,1,0,0.11854865,0.55983055,1.701184,128.20477,0.564598,-0.49659166,13.855168
1061,ship__p1__s2,taboo,28,1,0,0.0006724719,0.0066435942,0.054628916,254.73384,0.529232,-0.44888225,15.3993025
1062,ship__p1__s2,taboo,29,1,0,1.8294606,1.1986209,1.1913966,429.71814,0.56299406,-0.40440902,15.792912
1063,ship__p1__s3,taboo,0,1,0,0.6622545,3.4758759,11.845172,438.891,0.9260356,-0.4805178,10.734923
1064,ship__p1__s3,taboo,1,1,1,1.7988424,2.2432802,2.5113587,330.95108,0.8335243,-0.5415485,10.370777
1065,ship__p1__s3,taboo,2,1,0,2.3337953,4.309175,7.469675,363.09402,0.7779379,-0.51639456,11.024136
1066,ship__p1__s3,taboo,3,1,0,0.38892588,1.2379978,2.6520772,270.91324,0.7576712,-0.5181085,11.75656
1067,ship__p1__s3,taboo,4,1,0,0.13327241,0.8291621,4.0253677,309.52026,0.75199026,-0.5334522,11.560842
1068,ship__p1__s3,taboo,5,1,0,0.054907694,0.28647768,1.1161606,273.7204,0.73294914,-0.46633673,12.888992
1069,ship__p1__s3,taboo,6,1,0,0.8707898,3.17913,6.420625,279.58047,0.7075178,-0.5141716,10.763134
1070,ship__p1__s3,taboo,7,1,0,0.7732457,1.759691,3.32229,239.16582,0.6705301,-0.46328753,12.985565
1071,ship__p1__s3,taboo,8,1,0,0.026345847,0.19997263,1.2498657,313.9022,0.6752694,-0.44711196,13.661702
1072,ship__p1__s3,taboo,9,1,0,0.24406525,1.2166024,4.179393,358.3938,0.6808647,-0.43301073,14.115661
1073,ship__p1__s3,taboo,10,1,0,0.3777162,0.93482506,1.6717776,376.0939,0.6732897,-0.4114404,15.161281
1074,ship__p1__s3,taboo,11,1,0,0.12193222,0.5693075,2.4420578,243.4639,0.6646115,-0.4384154,14.188781
1075,ship__p1__s3,taboo,12,1,0,2.796445,1.390393,4.9740343,286.21082,0.6088786,-0.44203418,13.376785
1076,ship__p1__s3,taboo,13,1,0,2.3975558,2.1097875,2.9675074,560.83527,0.62606347,-0.44739112,12.428001
1077,ship__p1__s3,taboo,14,1,0,1.9772675,4.6673627,8.209253,469.92978,0.61425024,-0.457863,11.949406
1078,ship__p1__s3,taboo,15,1,0,0.7748697,2.102961,4.808227,372.5219,0.62582123,-0.4971768,11.811389
1079,ship__p1__s3,taboo,16,1,0,0.3257743,1.0443662,1.7853456,496.4602,0.61724275,-0.4033484,14.344611
1080,ship__p1__s3,taboo,17,1,0,0.9235271,1.8925273,4.3327093,430.52853,0.60038865,-0.4270061,13.040126
1081,ship__p1__s3,taboo,18,1,1,0.41448784,1.559493,4.3126926,252.8902,0.60899854,-0.4240603,14.59058
1082,ship__p1__s3,taboo,19,1,0,0.7570173,1.8612797,2.829383,266.66342,0.6047871,-0.44396597,13.8540745
1083,ship__p1__s3,taboo,20,1,0,1.1999582,2.9261532,3.680175,346.81384,0.6159538,-0.4624827,12.925041
1084,ship__p1__s3,taboo,21,1,0,0.02880782,0.16525894,0.8115411,111.36919,0.59407794,-0.43557346,14.665404
1085,ship__p1__s3,taboo,22,1,0,0.016085142,0.13112725,0.8916092,302.42795,0.6177201,-0.4299501,14.003501
1086,ship__p1__s3,taboo,23,1,1,2.0498695,2.3166485,4.471221,176.55693,0.6165184,-0.4772183,12.618691
1087,ship__p1__s3,taboo,24,1,0,0.20636502,0.751641,2.3600953,358.44614,0.6060534,-0.45581928,14.0968
1088,ship__p1__s3,taboo,25,1,1,0.5975584,1.6269194,2.095481,439.67426,0.61058563,-0.43756038,13.130852
1089,ship__p1__s3,taboo,26,1,1,2.4563322,3.5923672,6.744178,272.1261,0.5969309,-0.42401263,14.03753
1090,ship__p1__s3,taboo,27,1,1,0.22252786,1.3208458,6.4520946,280.81335,0.60839856,-0.4434771,14.44268
1091,ship__p1__s3,taboo,28,1,1,2.490406,3.446857,6.4518065,140.84776,0.6145526,-0.50690037,13.036639
1092,ship__p1__s3,taboo,29,1,1,2.4525812,4.5685477,5.1743956,324.01498,0.6124424,-0.5301937,12.477524
1093,ship__p1__s4,taboo,0,1,0,0.7983998,3.9866278,12.117758,441.6848,0.9266687,-0.4810491,10.687965
1094,ship__p1__s4,taboo,1,1,0,1.1950897,2.2170296,2.380608,282.36627,0.86714065,-0.52480894,10.771713
1095,ship__p1__s4,taboo,2,1,0,0.19021864,0.91765213,3.7663727,333.2322,0.8452518,-0.55073285,10.511926
1096,ship__p1__s4,taboo,3,1,0,0.0458043,0.28156686,1.3205535,253.41788,0.7813207,-0.45179343,12.5283985
1097,ship__p1__s4,taboo,4,1,0,0.13104342,0.483549,1.4071913,132.60191,0.7689522,-0.48236245,11.39052
1098,ship__p1__s4,taboo,5,1,0,0.16914962,0.93855536,3.8541102,300.651,0.71872956,-0.48483497,12.959427
1099,ship__p1__s4,taboo,6,1,0,0.26723763,0.91997164,1.90952,163.39705,0.7199686,-0.5049562,11.83508
1100,ship__p1__s4,taboo,7,1,0,0.02246619,0.11600331,0.42403027,215.21225,0.734218,-0.4871374,12.95717
1101,ship__p1__s4,taboo,8,1,0,0.2814251,1.1286743,3.1128426,297.41293,0.7265538,-0.48311025,12.327711
1102,ship__p1__s4,taboo,9,1,0,0.4937656,1.2123915,2.6244826,305.64908,0.70043933,-0.45998633,13.238282
1103,ship__p1__s4,taboo,10,1,0,0.079418294,0.38992447,1.7185389,174.6994,0.6952939,-0.46108988,13.059037
1104,ship__p1__s4,taboo,11,1,0,0.04116751,0.27753544,1.6450691,294.87253,0.66058487,-0.47625113,13.564957
1105,ship__p1__s4,taboo,12,1,0,0.14007804,0.715211,2.5226953,187.17812,0.6253119,-0.47796065,12.959759
1106,ship__p1__s4,taboo,13,1,0,1.2435176,2.0084379,2.0037756,342.6772,0.6027495,-0.42468536,14.71633
1107,ship__p1__s4,taboo,14,1,0,0.106248625,0.50000215,1.6497337,240.46114,0.61626357,-0.47388297,12.637736
1108,ship__p1__s4,taboo,15,1,0,1.6951299,1.5865332,1.6217115,261.80307,0.59741855,-0.44958335,13.806577
1109,ship__p1__s4,taboo,16,1,0,0.5135916,1.6508694,3.7331932,288.1559,0.59998524,-0.44726723,14.172688
1110,ship__p1__s4,taboo,17,1,0,1.9552015,2.2390723,2.0341282,183.95448,0.578167,-0.42358425,15.096613
1111,ship__p1__s4,taboo,18,1,0,1.9071975,2.0109289,2.9261868,219.47034,0.53121406,-0.39871806,16.361393
1112,ship__p1__s4,taboo,19,1,0,1.5049276,2.3885388,2.1458983,449.5278,0.59384096,-0.43023425,14.781576
1113,ship__p1__s4,taboo,20,1,0,0.35212883,1.295533,3.126142,410.50565,0.6174277,-0.486158,12.0774145
1114,ship__p1__s4,taboo,21,1,0,0.00055750564,0.005814536,0.05091054,260.7712,0.5861519,-0.41903222,13.689303
1115,ship__p1__s4,taboo,22,1,0,0.101049125,0.47912925,1.8824856,263.37393,0.5825173,-0.4503413,14.025006
1116,ship__p1__s4,taboo,23,1,0,0.9208154,1.3185287,0.8534201,164.94118,0.6153588,-0.5160155,12.038775
1117,ship__p1__s4,taboo,24,1,0,0.014802505,0.08103192,0.31746095,239.08675,0.6026479,-0.50991535,12.877753
1118,ship__p1__s4,taboo,25,1,0,0.026294293,0.15413919,0.6374364,260.8305,0.58455217,-0.49283007,13.272952
1119,ship__p1__s4,taboo,26,1,0,0.0020879153,0.016450504,0.103091575,240.29778,0.5728727,-0.4683119,14.380011
1120,ship__p1__s4,taboo,27,1,0,0.6902929,1.5056106,1.5895169,292.75558,0.5933935,-0.4768092,13.158985
1121,ship__p1__s4,taboo,28,1,0,0.035419855,0.16331173,0.5228499,115.05097,0.5686836,-0.4558688,14.598518
1122,ship__p1__s4,taboo,29,1,0,0.022967277,0.15965769,0.90094244,295.02496,0.5796836,-0.44601798,14.475543
1123,ship__p1__s5,taboo,0,1,0,0.74491477,3.791231,12.050485,437.06604,0.9260821,-0.48029152,10.720298
1124,ship__p1__s5,taboo,1,1,0,2.416121,2.2042143,2.4453259,265.77417,0.8494058,-0.5087783,10.962816
1125,ship__p1__s5,taboo,2,1,0,0.24318333,0.9512323,2.432349,299.21964,0.7948706,-0.49675205,11.370462
1126,ship__p1__s5,taboo,3,1,0,0.5767767,1.3943233,2.9344707,315.3191,0.7433775,-0.4633987,12.958184
1127,ship__p1__s5,taboo,4,1,0,0.22219753,0.892519,3.1719916,177.1719,0.7282493,-0.47476244,12.513592
1128,ship__p1__s5,taboo,5,1,0,0.05248083,0.37552238,2.2809799,314.64975,0.6891347,-0.4630512,13.474832
1129,ship__p1__s5,taboo,6,1,0,0.11700708,0.5699634,2.0184615,177.79121,0.67366433,-0.49105245,12.251587
1130,ship__p1__s5,taboo,7,1,0,0.3781277,1.0431312,1.8849452,314.24936,0.6638174,-0.44240478,13.543645
1131,ship__p1__s5,taboo,8,1,0,0.549297,0.82998383,0.75319856,200.92932,0.67125,-0.47822034,11.56487
1132,ship__p1__s5,taboo,9,1,0,0.11455835,0.6910049,3.4524372,258.5288,0.6362174,-0.46138525,13.142069
1133,ship__p1__s5,taboo,10,1,0,0.9098691,1.6826756,1.6729026,241.71353,0.6361628,-0.4819816,12.724804
1134,ship__p1__s5,taboo,11,1,0,1.9900278,1.8930261,2.4799385,230.57889,0.63946,-0.4777072,12.806853
1135,ship__p1__s5,taboo,12,1,0,0.087498985,0.49201953,2.2022252,152.20126,0.630679,-0.4763873,12.971754
1136,ship__p1__s5,taboo,13,1,0,0.26109284,1.1283,3.2375383,230.62878,0.6140945,-0.47635832,12.969378
1137,ship__p1__s5,taboo,14,1,0,0.08844952,0.43575203,1.5008392,161.97485,0.5737426,-0.43189716,15.410777
1138,ship__p1__s5,taboo,15,1,0,1.2250574,1.5521498,1.973665,457.45422,0.61576796,-0.4176746,14.271702
1139,ship__p1__s5,taboo,16,1,0,0.41034964,1.663003,4.594622,420.84256,0.638473,-0.50673336,11.549007
1140,ship__p1__s5,taboo,17,1,0,0.0017408468,0.016932532,0.14001793,211.79309,0.62916785,-0.5121519,12.19548
1141,ship__p1__s5,taboo,18,1,0,0.0029289701,0.022710584,0.1452631,240.59326,0.60060483,-0.49883527,12.692295
1142,ship__p1__s5,taboo,19,1,0,0.16847649,0.6476863,1.465338,274.71164,0.59888023,-0.48114935,13.152035
1143,ship__p1__s5,taboo,20,1,0,0.714638,1.2722371,1.6604584,333.97305,0.6097154,-0.49295878,13.428061
1144,ship__p1__s5,taboo,21,1,0,0.9782511,1.3089482,1.0954009,245.1124,0.58267576,-0.4661273,13.40864
1145,ship__p1__s5,taboo,22,1,1,0.6831275,1.6281208,1.871416,321.1967,0.6010926,-0.44408667,13.921444
1146,ship__p1__s5,taboo,23,1,0,0.09500151,0.6558352,3.6954541,378.75507,0.5462172,-0.4108383,16.38092
1147,ship__p1__s5,taboo,24,1,0,1.8987604,1.5529802,1.8594432,145.54321,0.54830176,-0.4125492,15.01721
1148,ship__p1__s5,taboo,25,1,0,2.8069181,1.9316851,3.3735344,314.1826,0.5685506,-0.45811206,14.096487
1149,ship__p1__s5,taboo,26,1,0,2.9070907,4.3719873,4.7060504,381.8094,0.57220286,-0.46696466,14.136375
1150,ship__p1__s5,taboo,27,1,0,0.5316101,1.2290968,1.8175511,451.67325,0.5308324,-0.38443407,16.473967
1151,ship__p1__s6,taboo,0,1,0,0.74248606,3.7635038,11.903854,440.044,0.92572325,-0.4807421,10.7062025
1152,ship__p1__s6,taboo,1,1,0,1.1797645,2.218588,2.48578,280.97015,0.8685217,-0.52505267,10.745214
1153,ship__p1__s6,taboo,2,1,0,0.17059694,0.841291,3.5082345,339.753,0.84557897,-0.55072683,10.499615
1154,ship__p1__s6,taboo,3,1,0,0.09595459,0.52247036,2.1239777,260.4935,0.78118813,-0.45154345,12.506514
1155,ship__p1__s6,taboo,4,1,0,0.16927755,0.5987108,1.8049915,134.45174,0.7696223,-0.48171076,11.368692
1156,ship__p1__s6,taboo,5,1,0,0.16176906,0.9012948,3.7207255,296.75754,0.7178378,-0.4848324,12.9443865
1157,ship__p1__s6,taboo,6,1,0,0.25397995,0.8791837,1.8142445,162.293,0.7193674,-0.50531244,11.845415
1158,ship__p1__s6,taboo,7,1,0,0.020240432,0.10764269,0.40881476,214.10959,0.73415005,-0.48695904,12.933276
1159,ship__p1__s6,taboo,8,1,0,0.2787333,1.1151409,3.0669105,297.51523,0.72642463,-0.48259425,12.338811
1160,ship__p1__s6,taboo,9,1,0,0.49434227,1.2072842,2.576425,315.34482,0.6994482,-0.4590154,13.234955
1161,ship__p1__s6,taboo,10,1,0,0.07987459,0.39316416,1.7347178,176.32657,0.6947119,-0.46014342,13.061411
1162,ship__p1__s6,taboo,11,1,0,0.045205377,0.29663575,1.7120465,290.50815,0.65997463,-0.4742574,13.5974455
1163,ship__p1__s6,taboo,12,1,0,0.11570154,0.62305284,2.3653085,187.26613,0.6252659,-0.4777101,12.965846
1164,ship__p1__s6,taboo,13,1,0,1.2187326,2.053838,1.9774079,343.4188,0.601748,-0.42341277,14.757746
1165,ship__p1__s6,taboo,14,1,0,0.07275996,0.36889127,1.3294663,235.96321,0.6142479,-0.4729997,12.654126
1166,ship__p1__s6,taboo,15,1,0,0.6410594,1.5066322,1.5881348,212.00536,0.6112292,-0.45939857,13.639721
1167,ship__p1__s6,taboo,16,1,0,0.3535696,1.1764452,2.6040711,273.48068,0.5996786,-0.44625247,13.89726
1168,ship__p1__s6,taboo,17,1,0,0.23974998,1.1417933,4.0600634,286.88007,0.6273149,-0.47110024,12.658466
1169,ship__p1__s6,taboo,18,1,0,0.90452605,2.1493514,4.010064,306.67618,0.5621427,-0.41945598,15.335001
1170,ship__p1__s6,taboo,19,1,0,0.2803503,1.2368222,3.7527747,213.34799,0.5349479,-0.39622036,15.649857
1171,ship__p1__s6,taboo,20,1,0,1.0684905,1.8876274,3.2331867,437.92734,0.5858371,-0.42039493,14.613972
1172,ship__p1__s6,taboo,21,1,0,0.36587363,1.295775,2.955731,398.0443,0.6118645,-0.4797017,12.255936
1173,ship__p1__s6,taboo,22,1,0,0.00017188503,0.0020317081,0.020751014,238.43987,0.5886677,-0.4141936,13.826955
1174,ship__p1__s6,taboo,23,1,0,0.07824121,0.35680228,1.2795715,250.91908,0.5775953,-0.44478542,14.037264
1175,ship__p1__s6,taboo,24,1,0,0.70468503,1.2176557,0.7807573,159.75284,0.60848355,-0.5104118,12.17116
1176,ship__p1__s6,taboo,25,1,0,0.030494535,0.14041212,0.4230266,232.73695,0.5988198,-0.50454116,12.950248
1177,ship__p1__s6,taboo,26,1,0,0.016470306,0.10510537,0.48760104,269.44977,0.5817566,-0.48786548,13.344305
1178,ship__p1__s6,taboo,27,1,0,0.0022484993,0.017854122,0.11330247,248.17882,0.57423633,-0.46727338,14.413982
1179,ship__p1__s6,taboo,28,1,0,1.8523355,1.2992151,1.8631947,200.61462,0.55759645,-0.45446545,14.363653
1180,ship__p1__s6,taboo,29,1,0,0.027396204,0.20447701,1.2358459,146.65077,0.56764245,-0.45457065,14.401465
1181,ship__p1__s7,taboo,0,1,0,0.60833585,3.3104649,11.931461,432.44257,0.9265478,-0.48143303,10.678047
1182,ship__p1__s7,taboo,1,1,1,1.6919931,2.2212481,2.4514158,326.69806,0.8345658,-0.54216933,10.360134
1183,ship__p1__s7,taboo,2,1,1,2.0706885,4.2321105,7.0041513,288.8828,0.74362487,-0.5002525,11.218458
1184,ship__p1__s7,taboo,3,1,1,2.1481109,4.8431435,9.612054,276.15173,0.72180974,-0.4788285,12.206601
1185,ship__p1__s7,taboo,4,1,1,1.8036213,3.801777,6.941508,267.35626,0.6913428,-0.48619324,12.344753
1186,ship__p1__s7,taboo,5,1,0,2.3689413,4.603868,7.963011,338.41193,0.6889895,-0.5298993,11.430518
1187,ship__p1__s7,taboo,6,1,1,1.3522245,1.687521,4.001759,314.5041,0.632807,-0.4736523,12.974555
1188,ship__p1__s7,taboo,7,1,1,1.1637814,4.047693,8.862156,166.1753,0.6030718,-0.4804385,12.67778
1189,ship__p1__s7,taboo,8,1,1,1.3376498,3.5145483,6.353668,367.37213,0.61366385,-0.487379,12.894181
1190,ship__p1__s7,taboo,9,1,1,0.5552558,1.7691386,3.616173,303.0524,0.6263923,-0.43512657,13.84551
1191,ship__p1__s7,taboo,10,1,1,1.3653253,4.0969176,7.3332233,143.87842,0.6047881,-0.49076784,11.455912
1192,ship__p1__s7,taboo,11,1,1,3.08942,5.843835,4.446383,274.21387,0.608462,-0.5066821,12.084204
1193,ship__p1__s7,taboo,12,1,1,1.9190346,4.247222,6.116971,258.289,0.61728895,-0.5292015,11.392664
1194,ship__p1__s7,taboo,13,1,1,0.51125973,1.7161709,3.6234999,281.96063,0.5566127,-0.4720427,13.226033
1195,ship__p1__s7,taboo,14,1,1,2.6028879,5.6876335,5.660056,308.2902,0.5680013,-0.49350303,13.037117
1196,ship__p1__s7,taboo,15,1,1,0.5220723,1.8754148,3.9188275,275.16855,0.5730586,-0.5039198,12.64061
1197,ship__p1__s7,taboo,16,1,1,0.8136898,2.2264605,4.4427433,153.90816,0.6163928,-0.5381876,12.021413
1198,ship__p1__s7,taboo,17,1,1,1.0335166,2.1596441,3.4503033,318.16028,0.5448094,-0.45187896,14.555331
1199,ship__p1__s7,taboo,18,1,1,0.091880746,0.56571555,2.6565108,465.7671,0.6487656,-0.40360233,14.080825
1200,ship__p2__s0,taboo,0,1,0,1.3765001,4.3306675,8.214169,442.46512,0.929552,-0.4671855,11.615087
1201,ship__p2__s0,taboo,1,1,0,1.2725598,2.8705063,4.6528463,314.7168,0.8757141,-0.5072502,11.196644
1202,ship__p2__s0,taboo,2,1,0,0.22702672,1.1837463,4.7172613,338.54852,0.8551124,-0.55251116,10.376388
1203,ship__p2__s0,taboo,3,1,0,0.02611871,0.17583698,0.9321425,256.00858,0.7862059,-0.44666618,12.772461
1204,ship__p2__s0,taboo,4,1,0,0.122131966,0.48043716,1.5373024,210.9282,0.7827373,-0.49028358,10.867046
1205,ship__p2__s0,taboo,5,1,0,0.3046688,1.3469499,3.957764,332.9973,0.7173521,-0.47494543,13.039282
1206,ship__p2__s0,taboo,6,1,0,0.32614347,0.99644965,1.7207096,169.54424,0.71705306,-0.4784847,12.844671
1207,ship__p2__s0,taboo,7,1,0,0.018279428,0.11158764,0.52155524,205.07161,0.7354358,-0.46812776,13.387535
1208,ship__p2__s0,taboo,8,1,0,0.19705282,0.89693713,3.0291092,312.412,0.7299323,-0.46647125,12.702692
1209,ship__p2__s0,taboo,9,1,0,0.6725958,0.9359416,1.1953354,331.45822,0.70149946,-0.4503332,13.754787
1210,ship__p2__s0,taboo,10,1,0,0.12836508,0.54860944,1.7992471,178.00813,0.69317657,-0.44316286,13.530623
1211,ship__p2__s0,taboo,11,1,0,0.06903467,0.4230712,2.1926315,263.3995,0.65959305,-0.4539276,14.434396
1212,ship__p2__s0,taboo,12,1,0,0.20411155,0.9340225,2.8255205,185.12355,0.63476783,-0.46806315,13.112552
1213,ship__p2__s0,taboo,13,1,0,1.1169329,2.0247016,2.0516407,421.35486,0.6448856,-0.42975825,14.081833
1214,ship__p2__s0,taboo,14,1,0,0.14295402,0.7314232,2.7343516,417.55994,0.65703255,-0.48074818,12.274434
1215,ship__p2__s0,taboo,15,1,0,0.00026544384,0.0030150558,0.029174209,258.0687,0.6396948,-0.41670027,13.722883
1216,ship__p2__s0,taboo,16,1,0,0.10104104,0.44053525,1.5382106,269.0218,0.6180765,-0.44651067,14.05249
1217,ship__p2__s0,taboo,17,1,0,0.96930313,1.2688956,0.8014258,165.36597,0.644143,-0.5152418,11.930029
1218,ship__p2__s0,taboo,18,1,0,0.011737924,0.06802594,0.29008496,234.39983,0.63554084,-0.5139128,12.771158
1219,ship__p2__s0,taboo,19,1,0,0.016108839,0.10121122,0.4596889,248.66908,0.616248,-0.49510792,13.093293
1220,ship__p2__s0,taboo,20,1,0,0.00088735775,0.007969518,0.058587022,248.84619,0.6134899,-0.46265134,14.180999
1221,ship__p2__s0,taboo,21,1,0,0.6562415,1.4679775,1.6957995,304.78592,0.62726533,-0.4713743,13.02661
1222,ship__p2__s0,taboo,22,1,0,0.015179709,0.08487362,0.35203242,115.080956,0.60256135,-0.4497626,14.52853
1223,ship__p2__s0,taboo,23,1,0,0.014869454,0.11636409,0.74700093,279.87247,0.6134319,-0.43645716,14.536393
1224,ship__p2__s0,taboo,24,1,0,0.79666877,1.2362175,1.6751254,331.91925,0.6223309,-0.46957135,14.130162
1225,ship__p2__s0,taboo,25,1,0,1.4317268,1.9340608,1.4950984,269.48465,0.6042763,-0.44221744,13.877082
1226,ship__p2__s0,taboo,26,1,0,0.3733923,0.96526235,1.3466139,281.31213,0.57179314,-0.42079598,15.809698
1227,ship__p2__s0,taboo,27,1,0,0.67299825,1.422488,1.9295735,460.97614,0.5824937,-0.39275,15.745594
1228,ship__p2__s0,taboo,28,1,0,0.52924126,1.3582467,2.4503856,440.6003,0.6019123,-0.47987878,12.736914
1229,ship__p2__s0,taboo,29,1,0,0.005965168,0.052385878,0.41497067,219.8189,0.60129535,-0.4829923,13.406393
1230,ship__p2__s1,taboo,0,1,0,1.3803521,4.3554897,8.233711,436.71448,0.92944026,-0.46725357,11.565424
1231,ship__p2__s1,taboo,1,1,0,1.3129231,2.796794,4.5994754,314.802,0.87690514,-0.5079229,11.178014
1232,ship__p2__s1,taboo,2,1,0,0.25163525,1.2997001,5.1260357,343.9079,0.8551352,-0.55280656,10.384056
1233,ship__p2__s1,taboo,3,1,0,0.033837207,0.21802813,1.0945077,255.83585,0.78332365,-0.44707304,12.743112
1234,ship__p2__s1,taboo,4,1,0,0.09757056,0.35912213,0.8980931,203.45908,0.78199655,-0.48979986,10.883066
1235,ship__p2__s1,taboo,5,1,0,0.3266659,1.4022955,4.0016365,339.57263,0.7178382,-0.47604814,13.048876
1236,ship__p2__s1,taboo,6,1,0,0.34353262,1.0384479,1.7552371,174.15546,0.7196645,-0.47843087,12.829854
1237,ship__p2__s1,taboo,7,1,0,0.019414635,0.121805415,0.59880686,203.79823,0.73494196,-0.4689664,13.356892
1238,ship__p2__s1,taboo,8,1,0,0.18672541,0.8517313,2.9064791,307.23413,0.72870076,-0.46646684,12.707583
1239,ship__p2__s1,taboo,9,1,0,0.6067999,0.8788675,0.97983134,328.4984,0.7014567,-0.45022225,13.766964
1240,ship__p2__s1,taboo,10,1,0,0.11403369,0.50405157,1.7173264,180.50786,0.6943769,-0.442944,13.532904
1241,ship__p2__s1,taboo,11,1,0,0.086432956,0.5248108,2.6768675,275.87573,0.66041875,-0.4547456,14.364151
1242,ship__p2__s1,taboo,12,1,0,0.28793833,1.2214886,3.3324263,186.24704,0.6341468,-0.4686304,13.09514
1243,ship__p2__s1,taboo,13,1,0,0.9416497,1.8406391,2.0960999,412.50424,0.64603186,-0.4300635,14.12208
1244,ship__p2__s1,taboo,14,1,0,0.15023771,0.7643876,2.8738077,407.10352,0.6576436,-0.4807941,12.238058
1245,ship__p2__s1,taboo,15,1,0,0.0004774384,0.005069933,0.04533136,264.01566,0.63993,-0.4167282,13.70922
1246,ship__p2__s1,taboo,16,1,0,0.101267084,0.44223726,1.5478594,269.21436,0.618033,-0.4466634,14.058196
1247,ship__p2__s1,taboo,17,1,0,0.9702095,1.2712924,0.80040336,171.08302,0.6464628,-0.5151374,11.933479
1248,ship__p2__s1,taboo,18,1,0,0.013236273,0.07481281,0.30836728,247.07108,0.6356776,-0.5143035,12.748714
1249,ship__p2__s1,taboo,19,1,0,0.01648297,0.10339384,0.4682199,250.76839,0.6155055,-0.49462205,13.083658
1250,ship__p2__s1,taboo,20,1,0,0.0007613383,0.0069380407,0.05192994,249.02486,0.6120369,-0.4616411,14.221489
1251,ship__p2__s1,taboo,21,1,0,0.69851375,1.4884727,1.6704662,301.35858,0.62776184,-0.47110313,13.0177
1252,ship__p2__s1,taboo,22,1,0,0.013341557,0.07604127,0.32179177,118.42033,0.60289645,-0.4494287,14.5007715
1253,ship__p2__s1,taboo,23,1,0,0.016531397,0.12809244,0.8163715,277.01343,0.61270154,-0.43563515,14.507858
1254,ship__p2__s1,taboo,24,1,0,0.59754133,1.1832641,1.6737461,328.73456,0.6227095,-0.4697081,14.105384
1255,ship__p2__s1,taboo,25,1,0,1.3493897,1.903681,1.460336,266.19778,0.6059991,-0.44309124,13.92744
1256,ship__p2__s1,taboo,26,1,0,0.33733025,0.91883487,1.359967,278.90323,0.5714394,-0.4207745,15.8076515
1257,ship__p2__s1,taboo,27,1,0,1.16156,1.4036307,1.9748925,295.59497,0.5304561,-0.42237407,15.187261
1258,ship__p2__s1,taboo,28,1,0,0.0034538398,0.027744574,0.18415047,260.24512,0.5629687,-0.45250678,14.436557
1259,ship__p2__s1,taboo,29,1,0,0.10353618,0.53443533,1.8671259,129.52309,0.57431555,-0.49150866,14.040068
1260,ship__p2__s2,taboo,0,1,0,1.3803521,4.3554897,8.233711,436.71448,0.92944026,-0.46725357,11.565424
1261,ship__p2__s2,taboo,1,1,0,1.3129231,2.796794,4.5994754,314.802,0.87690514,-0.5079229,11.178014
1262,ship__p2__s2,taboo,2,1,0,0.25163525,1.2997001,5.1260357,343.9079,0.8551352,-0.55280656,10.384056
1263,ship__p2__s2,taboo,3,1,0,0.033837207,0.21802813,1.0945077,255.83585,0.78332365,-0.44707304,12.743112
1264,ship__p2__s2,taboo,4,1,0,0.09757056,0.35912213,0.8980931,203.45908,0.78199655,-0.48979986,10.883066
1265,ship__p2__s2,taboo,5,1,0,0.3266659,1.4022955,4.0016365,339.57263,0.7178382,-0.47604814,13.048876
1266,ship__p2__s2,taboo,6,1,0,0.34353262,1.0384479,1.7552371,174.15546,0.7196645,-0.47843087,12.829854
1267,ship__p2__s2,taboo,7,1,0,0.019414635,0.121805415,0.59880686,203.79823,0.73494196,-0.4689664,13.356892
1268,ship__p2__s2,taboo,8,1,0,0.18672541,0.8517313,2.9064791,307.23413,0.72870076,-0.46646684,12.707583
1269,ship__p2__s2,taboo,9,1,0,0.6067999,0.8788675,0.97983134,328.4984,0.7014567,-0.45022225,13.766964
1270,ship__p2__s2,taboo,10,1,0,0.11403369,0.50405157,1.7173264,180.50786,0.6943769,-0.442944,13.532904
1271,ship__p2__s2,taboo,11,1,0,0.086432956,0.5248108,2.6768675,275.87573,0.66041875,-0.4547456,14.364151
1272,ship__p2__s2,taboo,12,1,0,0.28793833,1.2214886,3.3324263,186.24704,0.6341468,-0.4686304,13.09514
1273,ship__p2__s2,taboo,13,1,0,2.4416497,1.8406391,2.0960999,542.6337,0.63587725,-0.46360448,12.430248
1274,ship__p2__s2,taboo,14,1,0,1.2242104,3.1666183,6.6091576,467.3235,0.61797816,-0.45098,13.173632
1275,ship__p2__s2,taboo,15,1,0,2.224823,3.6310763,3.9233217,393.2401,0.639054,-0.50206935,12.149158
1276,ship__p2__s2,taboo,16,1,0,0.0038943656,0.032853518,0.22949794,259.60898,0.61656886,-0.4716781,12.865739
1277,ship__p2__s2,taboo,17,1,0,0.0144104725,0.107706636,0.688444,272.0054,0.6058159,-0.44840378,13.797407
1278,ship__p2__s2,taboo,18,1,0,1.3543422,2.1775708,3.7014613,284.794,0.59450644,-0.45019078,14.035752
1279,ship__p2__s2,taboo,19,1,0,0.6365187,1.376694,2.5712762,259.48138,0.5729118,-0.4388315,14.475535
1280,ship__p2__s2,taboo,20,1,0,1.9495089,2.069664,3.9273565,298.4666,0.57392097,-0.4330636,15.170833
1281,ship__p2__s2,taboo,21,1,0,1.0184851,2.3370779,2.1284387,437.48776,0.6124667,-0.406741,14.360051
1282,ship__p2__s2,taboo,22,1,0,0.26735696,0.8548947,2.1362374,378.76898,0.6251297,-0.47401112,12.67114
1283,ship__p2__s2,taboo,23,1,0,0.000101203565,0.0012670696,0.013783036,259.15573,0.61209774,-0.41154927,13.869998
1284,ship__p2__s2,taboo,24,1,0,0.16642007,0.568244,1.477111,252.11516,0.5945201,-0.43713886,14.280558
1285,ship__p2__s2,taboo,25,1,0,1.068783,1.3500713,0.92321026,161.61794,0.61771697,-0.50169796,12.492924
1286,ship__p2__s2,taboo,26,1,0,0.0500035,0.2054953,0.53449273,241.28111,0.6110844,-0.50196475,13.252585
1287,ship__p2__s2,taboo,27,1,0,0.07385638,0.34667856,1.0490637,257.05695,0.5912594,-0.48053423,13.662247
1288,ship__p2__s2,taboo,28,1,0,0.002159765,0.016986813,0.10586464,260.2037,0.59290344,-0.4545838,14.747034
1289,ship__p2__s2,taboo,29,1,0,0.5914375,1.4101138,1.9578643,284.8031,0.6186101,-0.47831908,12.743027
1290,ship__p2__s3,taboo,0,1,0,1.3060578,4.2778063,8.366355,438.4772,0.9303169,-0.4674621,11.596243
1291,ship__p2__s3,taboo,1,1,0,1.2458155,2.7732801,4.464159,316.1631,0.8768281,-0.5073968,11.227335
1292,ship__p2__s3,taboo,2,1,0,0.26301837,1.3261681,5.043208,336.7869,0.85469246,-0.5528975,10.359337
1293,ship__p2__s3,taboo,3,1,0,0.028296094,0.18754087,0.9827392,253.06775,0.7861602,-0.44701037,12.7499695
1294,ship__p2__s3,taboo,4,1,0,0.10734332,0.43176627,1.3827662,207.48578,0.78367376,-0.4884275,10.909083
1295,ship__p2__s3,taboo,5,1,0,0.2993291,1.3238945,3.8782334,350.90924,0.7204988,-0.47599292,13.036908
1296,ship__p2__s3,taboo,6,1,0,0.32226393,1.0277333,1.9656315,173.35448,0.7187658,-0.47820345,12.842816
1297,ship__p2__s3,taboo,7,1,0,0.019215506,0.11715397,0.5481735,203.5439,0.73496675,-0.4682332,13.39333
1298,ship__p2__s3,taboo,8,1,0,0.16539498,0.7790192,2.7699509,305.2933,0.7294127,-0.46615946,12.725489
1299,ship__p2__s3,taboo,9,1,0,0.66630584,0.89924824,1.0165291,328.24466,0.7017215,-0.45033795,13.756442
1300,ship__p2__s3,taboo,10,1,0,0.11105987,0.49354598,1.6903828,182.13426,0.6949182,-0.44290954,13.551135
1301,ship__p2__s3,taboo,11,1,0,0.0849985,0.5104537,2.5632145,268.816,0.6594646,-0.45442644,14.396958
1302,ship__p2__s3,taboo,12,1,0,0.22862472,1.0107104,2.9071012,183.45973,0.63483316,-0.4685986,13.126871
1303,ship__p2__s3,taboo,13,1,0,2.2283244,1.9974941,2.0421565,532.8842,0.63714164,-0.46421695,12.440093
1304,ship__p2__s3,taboo,14,1,0,2.4021244,3.098916,6.633707,436.01456,0.6615004,-0.5239524,11.29495
1305,ship__p2__s3,taboo,15,1,0,0.00066127366,0.006376362,0.052608546,252.13454,0.6271425,-0.48305917,12.953482
1306,ship__p2__s3,taboo,16,1,0,0.10213403,0.46462828,1.587536,249.64868,0.62969667,-0.4552968,13.659195
1307,ship__p2__s3,taboo,17,1,0,0.84251577,1.2558556,1.8208344,324.54214,0.61410844,-0.46741083,13.454087
1308,ship__p2__s3,taboo,18,1,0,0.035995685,0.22806445,1.1189711,285.77704,0.5772212,-0.47282332,12.710695
1309,ship__p2__s3,taboo,19,1,0,2.256712,2.4660754,2.8621006,247.75626,0.5812978,-0.4547075,14.272163
1310,ship__p2__s3,taboo,20,1,0,0.15341018,0.46217602,0.7483599,144.30185,0.60201687,-0.4191248,15.85955
1311,ship__p2__s3,taboo,21,1,0,0.00020907124,0.0024127886,0.024244472,184.51173,0.55050516,-0.4186094,15.832065
1312,ship__p2__s3,taboo,22,1,0,0.7227448,1.8427982,2.030961,156.92667,0.55894107,-0.41620487,15.513564
1313,ship__p2__s3,taboo,23,1,0,0.11633781,0.5029043,1.5132656,412.54495,0.6131253,-0.40351728,14.609003
1314,ship__p2__s3,taboo,24,1,0,1.3168455,1.1181314,2.522272,392.41574,0.5965694,-0.4411061,13.29722
1315,ship__p2__s3,taboo,25,1,0,0.56018114,1.5380759,3.0178924,241.93642,0.6026659,-0.4457318,14.383374
1316,ship__p2__s3,taboo,26,1,0,0.6591219,1.2472311,1.0877199,221.38774,0.5883115,-0.4488137,14.746577
1317,ship__p2__s3,taboo,27,1,0,0.43153226,1.3909149,2.775177,286.2763,0.62417454,-0.46825784,13.15855
1318,ship__p2__s3,taboo,28,1,0,0.015153172,0.092556596,0.44761586,108.80568,0.59882045,-0.44750318,14.562806
1319,ship__p2__s3,taboo,29,1,0,0.029935429,0.21186431,1.1879301,270.48074,0.6160067,-0.44176733,14.490755
1320,ship__p2__s4,taboo,0,1,0,1.3021044,4.2588477,8.318911,439.07938,0.9311459,-0.4679362,11.575759
1321,ship__p2__s4,taboo,1,1,1,1.7114147,2.763717,4.474984,290.9181,0.8255084,-0.5868914,9.35575
1322,ship__p2__s4,taboo,2,1,1,2.757339,4.5085135,6.640235,238.33827,0.72728467,-0.5542888,10.075582
1323,ship__p2__s4,taboo,3,1,1,2.190034,4.427972,8.014328,146.27478,0.682435,-0.51307,11.134952
1324,ship__p2__s4,taboo,4,1,1,2.7524881,4.615404,8.511095,274.03552,0.6762151,-0.55308497,11.03129
1325,ship__p2__s4,taboo,5,1,1,2.5654626,3.7603364,5.169709,228.05852,0.6706082,-0.5679564,10.930081
1326,ship__p2__s4,taboo,6,1,1,1.0231298,2.021403,3.0800958,292.3832,0.65427244,-0.49709433,11.510952
1327,ship__p2__s4,taboo,7,1,1,2.146635,4.691734,7.7794504,198.04874,0.58849406,-0.47995502,11.412302
1328,ship__p2__s4,taboo,8,1,1,2.685934,4.442793,6.522558,126.49382,0.59536797,-0.49883288,11.135533
1329,ship__p2__s4,taboo,9,1,1,0.93907994,3.3974814,7.824849,155.71883,0.58731043,-0.47814566,12.417199
1330,ship__p2__s4,taboo,10,1,1,2.6974306,4.481905,5.4730377,278.47717,0.59959394,-0.49255037,12.024177
1331,ship__p2__s4,taboo,11,1,1,2.377515,5.228042,5.110683,267.57834,0.60048723,-0.5143385,11.278528
1332,ship__p2__s4,taboo,12,1,1,0.19902499,1.1242242,4.561112,214.5462,0.60092574,-0.5222723,11.213122
1333,ship__p2__s4,taboo,13,1,1,0.960588,3.2402768,6.9820204,162.0854,0.589124,-0.5150185,12.281133
1334,ship__p2__s4,taboo,14,1,1,0.37576473,1.9170575,7.3589764,319.8839,0.545856,-0.4664325,14.137109
1335,ship__p2__s4,taboo,15,1,1,1.4077424,2.1553273,3.439334,299.46478,0.5455073,-0.4213127,14.001337
1336,ship__p2__s4,taboo,16,1,1,0.76656413,3.4730048,9.126074,228.16873,0.60465306,-0.45613778,11.566746
1337,ship__p2__s4,taboo,17,1,1,2.5714812,3.4574466,5.290245,200.78159,0.5282753,-0.44548404,12.454847
1338,ship__p2__s4,taboo,18,1,1,2.7383318,4.351262,5.417274,205.32095,0.52284455,-0.43899983,12.79325
1339,ship__p2__s4,taboo,19,1,1,3.3952165,4.612867,5.797746,229.78738,0.55156463,-0.47183812,13.493204
1340,ship__p2__s4,taboo,20,1,1,1.4699318,2.5884929,4.4482603,225.90561,0.5159215,-0.44492033,14.010839
1341,ship__p2__s4,taboo,21,1,1,2.275114,3.2548587,5.820569,297.53632,0.52862954,-0.44606912,14.30989
1342,ship__p2__s4,taboo,22,1,1,0.32207996,1.3491063,4.296481,464.99414,0.58477324,-0.383059,15.166552
1343,ship__p2__s5,taboo,0,1,0,1.3767453,4.346588,8.256019,437.11688,0.93077165,-0.46750417,11.599292
1344,ship__p2__s5,taboo,1,1,1,1.6983532,2.815821,4.5454636,290.22446,0.8250844,-0.5873537,9.352671
1345,ship__p2__s5,taboo,2,1,1,2.4863753,4.390878,6.507651,259.0307,0.73470044,-0.5081198,11.411164
1346,ship__p2__s5,taboo,3,1,1,2.5111763,4.197213,8.156716,316.71005,0.6987475,-0.5489244,10.595523
1347,ship__p2__s5,taboo,4,1,1,0.56516296,2.3187788,6.082488,273.17673,0.67591137,-0.48886514,11.421235
1348,ship__p2__s5,taboo,5,1,1,2.9294152,5.0762086,6.380764,225.70647,0.6466292,-0.4829913,10.798539
1349,ship__p2__s5,taboo,6,1,1,1.3809761,3.9373336,7.010976,230.99637,0.6367528,-0.49312186,10.558474
1350,ship__p2__s5,taboo,7,1,1,2.2992473,4.660941,6.514431,285.13135,0.6291413,-0.5047695,10.945303
1351,ship__p2__s5,taboo,8,1,1,1.2033916,4.255653,7.0612473,283.8528,0.5698628,-0.4693425,11.783397
1352,ship__p2__s5,taboo,9,1,1,0.023271536,0.15395322,0.9021509,283.10376,0.53685457,-0.4355884,12.721012
1353,ship__p2__s5,taboo,10,1,1,2.068914,4.2999,4.557393,259.13425,0.5879771,-0.49027896,11.863115
1354,ship__p2__s5,taboo,11,1,1,1.6125313,1.7329707,2.1165442,218.06355,0.5792853,-0.47216213,12.698502
1355,ship__p2__s5,taboo,12,1,1,0.7418509,2.0930324,3.0284243,233.0125,0.5834062,-0.47998127,12.727076
1356,ship__p2__s5,taboo,13,1,1,1.3529814,2.8576908,3.4441714,164.45723,0.6100152,-0.4869026,12.712109
1357,ship__p2__s5,taboo,14,1,1,0.90144354,2.465228,4.4374332,306.8213,0.5810279,-0.46939072,12.974938
1358,ship__p2__s5,taboo,15,1,1,2.4714587,2.6668448,3.1715596,291.6322,0.6050456,-0.49979043,12.089113
1359,ship__p2__s5,taboo,16,1,1,0.85208255,2.1431286,4.8865557,352.33133,0.5869864,-0.46953934,13.069551
1360,ship__p2__s5,taboo,17,1,1,2.2946053,1.8101261,2.1369944,525.97797,0.5992593,-0.43014538,13.090398
1361,ship__p2__s5,taboo,18,1,1,0.767413,3.3447573,8.712699,449.88007,0.5692042,-0.47878462,11.412724
1362,ship__p2__s5,taboo,19,1,1,2.9153452,4.75282,5.2191486,240.02594,0.5457132,-0.4736814,12.416505
1363,ship__p2__s5,taboo,20,1,1,2.3121912,3.921103,5.682903,198.22527,0.58998656,-0.51331705,11.875485
1364,ship__p2__s5,taboo,21,1,1,0.53696066,1.5220186,3.0002103,306.03162,0.5651485,-0.48528364,13.124042
1365,ship__p2__s5,taboo,22,1,1,0.1358907,0.6945562,2.6373866,238.73198,0.49686673,-0.41349158,14.828503
1366,ship__p2__s5,taboo,23,1,1,0.4928376,1.424705,3.3171983,231.58957,0.4933977,-0.43299475,14.219049
1367,ship__p2__s5,taboo,24,1,1,0.38776,1.7738991,5.3597045,235.40915,0.49411678,-0.4383226,14.655939
1368,ship__p2__s5,taboo,25,1,1,2.6834579,4.790489,5.6088343,219.79758,0.5662528,-0.50187415,12.950649
1369,ship__p2__s5,taboo,26,1,0,1.0172176,2.7089314,5.125242,312.47528,0.5453283,-0.45350587,14.637193
1370,ship__p2__s5,taboo,27,1,1,0.40336218,1.7249763,4.829488,442.5028,0.5934319,-0.38040835,15.262034
1371,ship__p2__s6,taboo,0,1,0,2.3244395,4.309721,8.341691,385.3063,0.9132634,-0.43394756,12.90851
1372,ship__p2__s6,taboo,1,1,0,0.9097777,1.3156893,2.165759,246.55838,0.83476645,-0.39643896,13.191168
1373,ship__p2__s7,taboo,0,1,0,2.2517452,4.346588,8.256019,384.40363,0.9138689,-0.43323806,12.93671
1374,ship__p2__s7,taboo,1,1,0,0.9675385,1.3225884,2.3035872,351.89014,0.8263979,-0.4071359,13.110162
1375,ship__p2__s7,taboo,2,1,0,0.3560299,1.3173339,3.996804,318.32224,0.7915967,-0.43923035,12.880453
1376,ship__p2__s7,taboo,3,1,0,0.13908148,0.7095572,2.6141255,206.13007,0.75642437,-0.4108731,14.100336
1377,ship__p2__s7,taboo,4,1,0,1.6633568,2.5965104,2.933387,446.3567,0.7541068,-0.38893014,14.107302
1378,ship__p2__s7,taboo,5,1,0,1.0661478,2.6750374,3.6809385,451.81107,0.77090836,-0.40618187,12.614432
1379,ship__p2__s7,taboo,6,1,0,0.47249225,1.4170301,3.584828,347.20395,0.7526742,-0.43382016,13.284122
1380,ship__p2__s7,taboo,7,1,0,0.8229606,2.4632635,4.630699,269.55515,0.7149746,-0.46068466,11.986438
1381,ship__p2__s7,taboo,8,1,1,2.3582504,4.744895,6.6031256,233.9739,0.7296983,-0.530724,11.577441
1382,ship__p2__s7,taboo,9,1,1,1.7812492,3.9251585,5.707935,254.42947,0.694013,-0.5176407,11.935736
1383,ship__p2__s7,taboo,10,1,1,0.00084686175,0.00996102,0.10558434,257.6002,0.6945006,-0.5121161,12.191753
1384,ship__p2__s7,taboo,11,1,1,3.1824052,5.304673,6.1161013,221.65176,0.7138359,-0.5753629,10.320114
1385,ship__p2__s7,taboo,12,1,1,0.6139323,1.8509617,4.6740355,332.64066,0.66136545,-0.54017645,11.429724
1386,ship__p2__s7,taboo,13,1,1,1.5458622,1.4791884,2.1639931,321.47153,0.64969665,-0.5459207,11.319357
1387,ship__p2__s7,taboo,14,1,1,1.5379078,2.01818,3.0635214,205.85376,0.67937136,-0.57409424,10.44924
1388,ship__p2__s7,taboo,15,1,1,0.14865549,0.85234225,3.7710383,301.16556,0.68059397,-0.58315223,10.530678
1389,ship__p2__s7,taboo,16,1,1,0.000068185385,0.0008044952,0.008134706,396.38928,0.56765664,-0.46594062,14.528062
1390,ship__p2__s7,taboo,17,1,1,0.9777947,1.3832346,2.5534153,351.18265,0.55896246,-0.45363104,13.221798
1391,ship__p2__s7,taboo,18,1,1,1.37579,3.2358418,6.3791323,175.11133,0.5797946,-0.46002853,12.8187065
1392,ship__p2__s7,taboo,19,1,1,1.0805565,2.7138484,5.8394737,220.28056,0.5915782,-0.4901329,12.232441
1393,ship__p2__s7,taboo,20,1,1,1.3757383,2.8102045,4.1100864,298.37607,0.59380877,-0.49675828,12.216097
1394,ship__p2__s7,taboo,21,1,1,0.7972928,1.1048076,0.39180437,301.75854,0.5754762,-0.48396528,13.088951
1395,ship__p2__s7,taboo,22,1,1,1.2684295,2.470605,3.4888687,335.06052,0.59410405,-0.50391644,12.306939
1396,ship__p2__s7,taboo,23,1,1,0.4058597,0.8746318,1.059252,355.27197,0.53775024,-0.45867476,13.238098
1397,ship__p2__s7,taboo,24,1,1,0.2656415,0.89560676,2.4560778,325.56052,0.55389166,-0.4701569,13.913462
1398,ship__p2__s7,taboo,25,1,1,0.43328053,1.3149949,2.092421,242.96953,0.56543684,-0.4869038,12.751024
1399,ship__p2__s7,taboo,26,1,1,0.058738384,0.24159798,0.64841855,302.59192,0.5582218,-0.4321028,15.0592575
1400,ship__p2__s7,taboo,27,1,1,0.0060500107,0.049016364,0.3260793,444.88498,0.599284,-0.37811714,14.959327
1401,ship__p3__s0,taboo,0,1,1,0.7546489,2.7699547,5.8609037,504.6091,0.9037287,-0.50953233,10.705517
1402,ship__p3__s0,taboo,1,1,1,0.49679357,1.549756,4.2522454,232.267,0.83481586,-0.537318,11.38461
1403,ship__p3__s0,taboo,2,1,1,1.0049257,2.6195364,4.7156816,230.97253,0.78457886,-0.54679084,10.276229
1404,ship__p3__s0,taboo,3,1,1,1.2796714,3.9993327,6.8759537,202.66624,0.77286774,-0.5733115,10.591179
1405,ship__p3__s0,taboo,4,1,1,2.1811037,4.1565623,5.276037,259.1663,0.7363235,-0.55892694,10.754566
1406,ship__p3__s0,taboo,5,1,1,0.00074084965,0.0085015325,0.08862449,257.67972,0.7265881,-0.53712434,11.700445
1407,ship__p3__s0,taboo,6,1,1,2.017249,4.946932,6.2171707,189.07707,0.7426077,-0.5854939,9.981024
1408,ship__p3__s0,taboo,7,1,1,0.72367525,2.0646367,3.889834,335.17984,0.6743437,-0.54425645,11.307295
1409,ship__p3__s0,taboo,8,1,1,1.4482594,1.4468868,2.613575,333.07706,0.66911733,-0.55396634,10.898998
1410,ship__p3__s0,taboo,9,1,1,0.97489953,2.083673,3.5900476,166.46303,0.6787429,-0.57270426,10.970249
1411,ship__p3__s0,taboo,10,1,1,0.80688107,1.5490474,2.218743,143.81282,0.6770829,-0.57665414,10.619561
1412,ship__p3__s0,taboo,11,1,1,0.19788854,1.1099977,4.7325416,274.29828,0.68347436,-0.55706024,11.159541
1413,ship__p3__s0,taboo,12,1,1,0.000018358061,0.00026364805,0.003353606,396.65585,0.57644624,-0.47117308,14.5192795
1414,ship__p3__s0,taboo,13,1,1,0.48203003,1.4634941,2.925742,339.22064,0.58889365,-0.45426565,12.941212
1415,ship__p3__s0,taboo,14,1,1,1.102283,3.179126,7.799612,204.25644,0.59584993,-0.46233314,12.040499
1416,ship__p3__s0,taboo,15,1,1,1.4928389,3.1542535,5.140519,230.86867,0.595559,-0.48097008,11.8659725
1417,ship__p3__s0,taboo,16,1,1,2.1906054,5.4076715,6.0364275,277.0853,0.61767685,-0.5022117,11.741125
1418,ship__p3__s0,taboo,17,1,1,1.1317005,2.8497674,4.770073,261.97943,0.59190345,-0.49227673,12.497685
1419,ship__p3__s0,taboo,18,1,1,1.2138042,3.332315,4.577149,272.965,0.6101277,-0.50749433,12.526569
1420,ship__p3__s0,taboo,19,1,1,1.2202266,3.8798876,7.3458347,210.83966,0.598192,-0.5041837,12.239192
1421,ship__p3__s0,taboo,20,1,1,0.45316532,1.8875802,6.092267,281.34048,0.58519566,-0.4885015,12.625675
1422,ship__p3__s0,taboo,21,1,1,2.0791032,4.0597115,5.7043905,126.60099,0.5919602,-0.5026162,12.3151
1423,ship__p3__s0,taboo,22,1,1,1.7686225,3.7747896,4.5461874,210.39156,0.62891155,-0.5381145,11.61796
1424,ship__p3__s0,taboo,23,1,0,0.57133085,1.309069,1.8355737,338.49304,0.55649817,-0.46404886,14.20406
1425,ship__p3__s0,taboo,24,1,1,0.8447205,1.5966086,2.514797,351.63852,0.53955424,-0.4623387,13.14911
1426,ship__p3__s0,taboo,25,1,0,2.170509,4.090144,4.861475,343.88852,0.56425834,-0.47054204,13.734219
1427,ship__p3__s0,taboo,26,1,1,0.05584462,0.36914942,1.9328933,447.43445,0.6252201,-0.40336642,14.449168
1428,ship__p3__s1,taboo,0,1,1,0.7141658,2.6808853,5.853422,499.8459,0.9002446,-0.5089653,10.7038965
1429,ship__p3__s1,taboo,1,1,1,1.8066356,1.0926763,3.2756748,263.68182,0.8342232,-0.57120824,10.149148
1430,ship__p3__s1,taboo,2,1,1,2.020491,3.573028,5.6540294,240.80904,0.7692792,-0.5670751,9.818361
1431,ship__p3__s1,taboo,3,1,1,1.6763926,3.6270084,5.353283,182.5319,0.7501239,-0.56034136,10.827593
1432,ship__p3__s1,taboo,4,1,1,2.5973363,4.686458,4.6855297,208.89241,0.7268501,-0.5595767,10.944391
1433,ship__p3__s1,taboo,5,1,1,3.177015,3.9826689,7.3019433,294.20605,0.70473015,-0.55968654,10.916826
1434,ship__p3__s1,taboo,6,1,1,2.6007485,3.7242785,4.341489,182.67216,0.681583,-0.55658215,10.997408
1435,ship__p3__s1,taboo,7,1,1,1.1750548,3.3610673,6.6915264,367.59335,0.66043913,-0.5516114,10.769356
1436,ship__p3__s1,taboo,8,1,1,0.7507048,2.221173,3.5516326,290.13797,0.5821541,-0.4495733,13.121316
1437,ship__p3__s1,taboo,9,1,1,3.4487953,4.4174514,6.4871483,402.02527,0.65344465,-0.55148786,9.93361
1438,ship__p3__s1,taboo,10,1,1,0.0048061563,0.034969747,0.19868912,320.70154,0.6273065,-0.53876334,10.266672
1439,ship__p3__s1,taboo,11,1,1,0.40303403,2.027481,7.8611107,215.33809,0.584979,-0.4985471,12.027176
1440,ship__p3__s1,taboo,12,1,1,2.1085675,4.5808744,6.579688,318.00345,0.6016235,-0.50791776,11.992767
1441,ship__p3__s1,taboo,13,1,1,1.5619774,2.230548,2.5175288,330.27286,0.546371,-0.46214572,13.1055975
1442,ship__p3__s1,taboo,14,1,1,0.721199,1.8610462,4.701846,295.48395,0.5552809,-0.47176132,13.6503
1443,ship__p3__s1,taboo,15,1,1,0.4837132,1.8074404,3.9182363,256.4052,0.565971,-0.48903695,12.864239
1444,ship__p3__s1,taboo,16,1,1,0.96923065,2.4795537,5.0875154,161.80592,0.61394864,-0.5347051,11.715805
1445,ship__p3__s1,taboo,17,1,1,0.94986534,2.0449224,3.3965318,320.4712,0.5576115,-0.46694377,14.057991
1446,ship__p3__s1,taboo,18,1,1,2.3542252,2.3116703,3.585854,532.5428,0.5929262,-0.45698118,12.903758
1447,ship__p3__s1,taboo,19,1,1,0.32225105,1.8591272,8.109833,468.05008,0.551777,-0.46416932,12.135932
1448,ship__p3__s1,taboo,20,1,1,1.174943,3.9947166,8.19365,114.3466,0.53049845,-0.44965798,13.209208
1449,ship__p3__s1,taboo,21,1,1,2.4130604,5.5918255,6.08768,230.70444,0.5626448,-0.47977808,13.695197
1450,ship__p3__s1,taboo,22,1,1,2.1424925,4.9322023,6.810876,279.30615,0.5708757,-0.49749142,12.695223
1451,ship__p3__s1,taboo,23,1,1,1.6386507,3.1886148,3.8585453,271.9801,0.52169704,-0.44961774,14.3531065
1452,ship__p3__s1,taboo,24,1,1,3.1688128,5.9843965,5.6613035,267.32254,0.5771172,-0.5098536,12.684729
1453,ship__p3__s1,taboo,25,1,1,2.4522176,3.5945594,8.283321,432.95987,0.6378992,-0.4249993,13.969169
1454,ship__p3__s2,taboo,0,1,1,0.78089005,2.8307593,5.8519897,513.26575,0.90073246,-0.50922644,10.732796
1455,ship__p3__s2,taboo,1,1,1,1.6121676,1.6625135,4.9396896,261.47592,0.83142745,-0.5712008,10.193249
1456,ship__p3__s2,taboo,2,1,1,1.2659299,3.2017756,5.5304723,211.2885,0.7779185,-0.5618164,10.57536
1457,ship__p3__s2,taboo,3,1,1,0.6582684,2.7481408,7.466913,229.59276,0.7480704,-0.5649944,10.406806
1458,ship__p3__s2,taboo,4,1,1,1.4985323,3.6349115,5.8201313,302.68204,0.7251012,-0.565075,10.60108
1459,ship__p3__s2,taboo,5,1,1,0.5390755,1.0640123,0.9180348,308.77814,0.69767725,-0.55377364,11.291929
1460,ship__p3__s2,taboo,6,1,1,1.9013851,3.2266552,4.0439754,291.72195,0.6947878,-0.5710561,10.379595
1461,ship__p3__s2,taboo,7,1,1,0.66196525,1.382685,1.9553899,278.70267,0.6109524,-0.48263255,12.571129
1462,ship__p3__s2,taboo,8,1,1,0.3504949,1.5508707,5.064071,335.8598,0.6534864,-0.55555654,10.93086
1463,ship__p3__s2,taboo,9,1,1,0.0026145342,0.022960493,0.16637832,301.56918,0.60850656,-0.49920452,12.818738
1464,ship__p3__s2,taboo,10,1,1,0.06533532,0.44779095,2.5608668,165.29042,0.5794666,-0.4906769,12.340706
1465,ship__p3__s2,taboo,11,1,1,0.5541146,2.1604462,5.9144573,114.85248,0.5845761,-0.4919429,12.1794615
1466,ship__p3__s2,taboo,12,1,1,2.331007,4.065861,8.129333,317.4268,0.5819457,-0.49397102,12.992355
1467,ship__p3__s2,taboo,13,1,1,0.85542727,2.1238105,2.4367144,278.8182,0.6004903,-0.5074224,12.066853
1468,ship__p3__s2,taboo,14,1,1,0.20006022,0.6596899,1.4734808,354.5413,0.60033995,-0.4763866,13.611611
1469,ship__p3__s2,taboo,15,1,1,0.44601613,1.1346236,1.7639896,452.57364,0.64899415,-0.424895,14.432668
1470,ship__p3__s3,taboo,0,1,1,0.7095821,2.6853688,5.9099445,502.97504,0.9003517,-0.5091245,10.735862
1471,ship__p3__s3,taboo,1,1,1,1.8055857,1.0847368,3.2288604,263.09506,0.83308434,-0.5715955,10.184532
1472,ship__p3__s3,taboo,2,1,1,1.9659175,3.2830596,5.425789,240.34897,0.7694841,-0.56692827,9.853518
1473,ship__p3__s3,taboo,3,1,1,1.7694304,3.7288473,5.2822056,181.79146,0.74934584,-0.5602855,10.828029
1474,ship__p3__s3,taboo,4,1,1,3.325079,4.6649075,4.698225,282.82367,0.73163986,-0.5539353,11.028767
1475,ship__p3__s3,taboo,5,1,1,0.9944857,1.5918754,1.5529985,306.60602,0.71485746,-0.543764,11.3713455
1476,ship__p3__s3,taboo,6,1,0,2.325168,4.858533,5.616502,336.46548,0.68993914,-0.53889453,10.978447
1477,ship__p3__s3,taboo,7,1,1,2.5150623,2.4821658,2.0275216,314.68518,0.63051677,-0.48811698,12.71614
1478,ship__p3__s3,taboo,8,1,1,0.1887662,0.8917519,3.467864,213.33289,0.6459555,-0.50416166,12.621435
1479,ship__p3__s3,taboo,9,1,0,2.277954,4.7236867,5.8774567,329.00412,0.63566715,-0.5196185,11.353397
1480,ship__p3__s3,taboo,10,1,1,0.10157256,0.37952098,0.94353044,304.63638,0.6465263,-0.5286807,11.650039
1481,ship__p3__s3,taboo,11,1,1,1.4493297,4.015476,6.691978,358.6248,0.63917786,-0.5297631,11.3194275
1482,ship__p3__s3,taboo,12,1,1,0.6363794,1.2521031,1.580297,306.5391,0.57737035,-0.4487561,13.348589
1483,ship__p3__s3,taboo,13,1,1,1.9021991,3.992715,6.4060445,330.14444,0.6299386,-0.5413965,11.400729
1484,ship__p3__s3,taboo,14,1,1,0.011307913,0.082856,0.48708302,281.48175,0.5910901,-0.4853772,12.9951725
1485,ship__p3__s3,taboo,15,1,1,1.2325472,0.68992853,0.8475718,166.28616,0.5568953,-0.4769211,12.528709
1486,ship__p3__s3,taboo,16,1,1,0.72465074,2.826308,8.3191185,91.931465,0.5532311,-0.46749198,12.873984
1487,ship__p3__s3,taboo,17,1,1,3.2300754,4.691052,6.1611967,389.37555,0.56913906,-0.4832163,13.092094
1488,ship__p3__s3,taboo,18,1,0,1.5321767,2.7414675,2.8545437,553.37384,0.5903828,-0.4527372,12.90206
1489,ship__p3__s3,taboo,19,1,0,1.0275465,2.6363626,6.139555,462.83307,0.5986144,-0.47440436,12.858973
1490,ship__p3__s3,taboo,20,1,1,0.97511166,3.0929112,8.787717,346.1891,0.5847704,-0.49836293,12.264304
1491,ship__p3__s3,taboo,21,1,1,1.1356304,1.710702,3.179863,308.6515,0.53697675,-0.463858,13.199399
1492,ship__p3__s3,taboo,22,1,1,0.58673465,3.2528555,11.438207,270.18457,0.5760685,-0.5115513,11.906733
1493,ship__p3__s3,taboo,23,1,1,0.78384006,1.7629964,2.9941947,305.57947,0.5174075,-0.4296788,15.233031
1494,ship__p3__s3,taboo,24,1,0,0.45472574,0.7944131,0.76544136,457.2656,0.64055485,-0.4111003,14.437105
1495,ship__p3__s4,taboo,0,1,1,0.84561497,2.9605815,5.783065,508.44083,0.90234184,-0.5094243,10.7086525
1496,ship__p3__s4,taboo,1,1,1,0.4398726,1.4317029,4.070224,232.3377,0.83433837,-0.5377714,11.344169
1497,ship__p3__s4,taboo,2,1,1,1.9811245,2.5807004,4.7533364,139.93317,0.7962954,-0.58271116,10.157276
1498,ship__p3__s4,taboo,3,1,1,2.1886806,4.0031753,4.709177,284.01465,0.7643835,-0.5750325,10.56153
1499,ship__p3__s4,taboo,4,1,1,0.16831894,0.8445542,3.411389,285.57175,0.7387138,-0.55977046,11.0798235
1500,ship__p3__s4,taboo,5,1,0,2.2245698,4.3242884,5.2996182,334.2831,0.7116179,-0.5538405,10.66967
1501,ship__p3__s4,taboo,6,1,1,0.88188267,2.1806254,3.2298517,331.97473,0.68897885,-0.5365997,11.21286
1502,ship__p3__s4,taboo,7,1,1,3.0902972,4.2381926,6.386178,279.67316,0.7076172,-0.58441603,9.815811
1503,ship__p3__s4,taboo,8,1,0,0.3961229,1.3863469,3.0253096,283.94724,0.629495,-0.50660217,12.429151
1504,ship__p3__s4,taboo,9,1,1,1.1339974,1.4231161,1.9281757,360.79938,0.60488725,-0.48577482,12.234321
1505,ship__p3__s4,taboo,10,1,1,2.0489855,5.09761,6.4590273,178.23929,0.64132774,-0.53773105,11.1896925
1506,ship__p3__s4,taboo,11,1,1,0.71022695,1.7539215,3.1454768,329.91803,0.59463465,-0.48671287,13.025484
1507,ship__p3__s4,taboo,12,1,1,1.1964434,1.7978458,2.6632247,274.32162,0.59461564,-0.44864202,13.513171
1508,ship__p3__s4,taboo,13,1,1,1.186219,2.7177582,5.617732,177.92076,0.576094,-0.47336683,11.776082
1509,ship__p3__s4,taboo,14,1,1,2.2763653,4.4583464,6.42014,267.76773,0.5747546,-0.47471583,12.1761875
1510,ship__p3__s4,taboo,15,1,1,3.3015485,4.9368153,6.4845023,307.1511,0.6358139,-0.54550475,10.851061
1511,ship__p3__s4,taboo,16,1,1,1.9909558,2.021744,4.69866,250.08586,0.5777123,-0.5011775,12.432371
1512,ship__p3__s4,taboo,17,1,1,1.2748132,3.3564196,5.2387886,234.00513,0.53938013,-0.45549688,13.359218
1513,ship__p3__s4,taboo,18,1,1,1.2817817,4.0035686,8.394217,258.59775,0.6075797,-0.53878826,11.534407
1514,ship__p3__s4,taboo,19,1,1,1.3023584,2.0009003,2.1632082,258.30707,0.5359856,-0.46099952,14.488062
1515,ship__p3__s4,taboo,20,1,1,1.2517103,1.4521778,2.3578892,185.5638,0.5650258,-0.47879294,13.669162
1516,ship__p3__s4,taboo,21,1,1,0.22915372,0.9256796,2.3673866,463.76746,0.64176023,-0.4120238,14.0965395
1517,ship__p3__s5,taboo,0,1,1,0.84561497,2.9605815,5.783065,508.44083,0.90234184,-0.5094243,10.7086525
1518,ship__p3__s5,taboo,1,1,1,1.5648726,1.4317029,4.070224,259.02158,0.83096987,-0.57147896,10.208723
1519,ship__p3__s5,taboo,2,1,1,1.8675094,3.1603284,5.546076,235.74431,0.7685137,-0.56716555,9.807571
1520,ship__p3__s5,taboo,3,1,1,1.7156456,3.719311,5.4190598,188.92255,0.7503759,-0.56045014,10.829428
1521,ship__p3__s5,taboo,4,1,1,3.7647796,4.7302046,4.688561,290.60953,0.72457916,-0.581114,10.247019
1522,ship__p3__s5,taboo,5,1,1,0.03151952,0.21610513,1.161154,304.87872,0.7006221,-0.55579674,11.241149
1523,ship__p3__s5,taboo,6,1,1,3.2875075,4.6144896,6.829317,333.98322,0.70279753,-0.57503116,10.080018
1524,ship__p3__s5,taboo,7,1,1,0.8256538,1.1373682,1.275682,290.34183,0.6063948,-0.48983386,12.930382
1525,ship__p3__s5,taboo,8,1,1,1.1885154,3.2671266,7.718102,329.57172,0.62984025,-0.51994807,12.003302
1526,ship__p3__s5,taboo,9,1,1,0.17518607,0.86136925,2.9447436,279.09305,0.60586905,-0.45721677,13.454512
1527,ship__p3__s5,taboo,10,1,1,0.11518716,0.8051616,4.735787,219.73308,0.6084459,-0.47039685,12.6477165
1528,ship__p3__s5,taboo,11,1,1,1.922483,3.3106306,5.513153,190.40744,0.57514733,-0.4749042,12.2700205
1529,ship__p3__s5,taboo,12,1,1,1.1231341,3.143416,6.3610177,104.52981,0.5658415,-0.47507298,12.803532
1530,ship__p3__s5,taboo,13,1,1,1.1882167,3.6957765,8.747284,173.29604,0.5717322,-0.47380853,12.889208
1531,ship__p3__s5,taboo,14,1,1,1.9847002,2.3170745,9.250103,206.1115,0.58584034,-0.4977128,12.31674
1532,ship__p3__s5,taboo,15,1,1,0.21605827,0.81468457,2.823893,161.03719,0.60101634,-0.50997984,11.922425
1533,ship__p3__s5,taboo,16,1,1,1.9513924,4.900757,7.2312922,286.78592,0.5762125,-0.48367214,12.984414
1534,ship__p3__s5,taboo,17,1,1,1.1023883,3.3583841,5.495879,235.71735,0.5613056,-0.48897427,13.151003
1535,ship__p3__s5,taboo,18,1,1,0.5507609,1.8521011,3.827649,227.88875,0.5391936,-0.46680167,14.178509
1536,ship__p3__s5,taboo,19,1,1,0.6737223,1.0868195,1.3036015,270.33374,0.5823266,-0.5062155,12.585892
1537,ship__p3__s5,taboo,20,1,1,1.1358998,1.6050643,1.1974933,318.49255,0.5760971,-0.48351312,14.563448
1538,ship__p3__s5,taboo,21,1,1,0.12286178,0.68332297,2.7435076,403.83475,0.622422,-0.40855548,14.947174
1539,ship__p3__s6,taboo,0,1,1,0.6896153,2.631913,5.9019494,504.8932,0.90080464,-0.5094072,10.73582
1540,ship__p3__s6,taboo,1,1,1,0.40512967,1.390711,4.142908,231.31395,0.83448076,-0.53834236,11.337262
1541,ship__p3__s6,taboo,2,1,1,1.0508195,2.620222,4.6604977,234.9385,0.78380084,-0.5473505,10.230792
1542,ship__p3__s6,taboo,3,1,1,1.3058116,3.9741883,6.7035127,205.55696,0.7727132,-0.57346624,10.540801
1543,ship__p3__s6,taboo,4,1,1,2.3552747,4.262166,5.2669926,213.66292,0.7435325,-0.5675844,10.764032
1544,ship__p3__s6,taboo,5,1,1,1.1943103,3.927823,7.110469,286.77792,0.72239584,-0.5479738,11.2434
1545,ship__p3__s6,taboo,6,1,1,3.0354264,4.597479,5.6941233,169.48628,0.6965682,-0.5460261,11.3726015
1546,ship__p3__s6,taboo,7,1,1,2.3665519,5.5352316,6.57632,350.98038,0.6617849,-0.5359272,10.871052
1547,ship__p3__s6,taboo,8,1,1,0.66423726,2.4273956,5.5590267,256.9802,0.60249156,-0.46225372,12.628828
1548,ship__p3__s6,taboo,9,1,1,3.4857552,4.974928,5.469938,264.35684,0.6123668,-0.4697062,11.77412
1549,ship__p3__s6,taboo,10,1,1,1.2647952,3.2901244,6.7170587,186.90619,0.57617193,-0.46912324,11.691757
1550,ship__p3__s6,taboo,11,1,1,2.9157813,4.501733,7.8386497,239.2179,0.5695481,-0.46699113,12.755215
1551,ship__p3__s6,taboo,12,1,1,1.685359,2.3288283,6.7517495,353.64713,0.56999063,-0.4689018,13.030122
1552,ship__p3__s6,taboo,13,1,1,2.3929498,2.3381615,3.6087382,297.78348,0.55045706,-0.46338874,13.143778
1553,ship__p3__s6,taboo,14,1,1,1.339425,2.3503513,3.0141735,320.8836,0.56083745,-0.46269706,14.402252
1554,ship__p3__s6,taboo,15,1,1,1.4868462,1.8054495,2.6595757,501.7244,0.5912363,-0.46177268,12.362453
1555,ship__p3__s6,taboo,16,1,1,1.516565,3.991579,7.145279,525.37286,0.5846355,-0.49895576,12.171378
1556,ship__p3__s6,taboo,17,1,1,0.014947086,0.113534406,0.68757033,255.45125,0.55421364,-0.4522668,13.995072
1557,ship__p3__s6,taboo,18,1,1,0.9980917,1.9958045,2.9677377,224.08397,0.54952043,-0.4567945,13.723571
1558,ship__p3__s6,taboo,19,1,1,2.136084,3.883462,6.4474096,330.8255,0.56810176,-0.46917808,14.023278
1559,ship__p3__s6,taboo,20,1,1,0.5715326,1.3135998,1.4933237,487.5357,0.60623044,-0.4020882,15.011704
1560,ship__p3__s7,taboo,0,1,1,0.6896153,2.631913,5.9019494,504.8932,0.90080464,-0.5094072,10.73582
1561,ship__p3__s7,taboo,1,1,1,1.6551297,1.390711,4.142908,262.32758,0.8326842,-0.5719155,10.183196
1562,ship__p3__s7,taboo,2,1,1,1.3079717,3.276101,5.545043,212.62425,0.7787265,-0.5625185,10.584715
1563,ship__p3__s7,taboo,3,1,1,0.6323419,2.6946,7.5074835,233.03717,0.74936056,-0.5656974,10.424974
1564,ship__p3__s7,taboo,4,1,1,2.953569,3.6637797,5.871064,262.4389,0.713832,-0.5599081,10.500648
1565,ship__p3__s7,taboo,5,1,1,1.4705925,2.8243628,5.0235443,303.01883,0.7096867,-0.57837796,10.2049465
1566,ship__p3__s7,taboo,6,1,1,0.0028939056,0.023650566,0.16178042,285.74792,0.67433083,-0.54406404,11.715635
1567,ship__p3__s7,taboo,7,1,1,1.1016742,2.7029998,3.5979593,155.78499,0.6872863,-0.5701354,10.564657
1568,ship__p3__s7,taboo,8,1,1,0.16433646,0.6763155,1.9889629,289.8016,0.65120506,-0.53974545,11.414823
1569,ship__p3__s7,taboo,9,1,1,0.38549036,1.1313214,1.8273989,242.5321,0.61790335,-0.50713515,12.226151
1570,ship__p3__s7,taboo,10,1,1,0.11125592,0.49608946,1.4682426,294.2961,0.62494606,-0.5116154,12.177431
1571,ship__p3__s7,taboo,11,1,1,1.8914785,1.1126595,1.6417936,366.7376,0.6073146,-0.4615429,12.794432
1572,ship__p3__s7,taboo,12,1,1,1.4133478,3.2554338,4.637847,223.77568,0.64767075,-0.5149412,11.979042
1573,ship__p3__s7,taboo,13,1,1,1.7253968,3.944014,4.5566273,200.39354,0.6213188,-0.5099496,11.499709
1574,ship__p3__s7,taboo,14,1,1,3.3990824,4.3003526,5.2784243,286.52884,0.67192864,-0.49321404,12.906278
1575,ship__p3__s7,taboo,15,1,1,0.0027486423,0.024972321,0.19508438,156.91367,0.6107121,-0.5008313,12.40631
1576,ship__p3__s7,taboo,16,1,1,0.5050705,1.4056662,2.6371555,277.04303,0.58424354,-0.48119095,12.784501
1577,ship__p3__s7,taboo,17,1,1,1.5321245,1.7162559,2.400043,493.46515,0.65484434,-0.54568315,10.487473
1578,ship__p3__s7,taboo,18,1,1,2.0898254,3.5648284,8.64963,477.81042,0.65190756,-0.5664755,11.3059
1579,ship__p3__s7,taboo,19,1,1,0.13076073,0.8854779,4.874014,296.05856,0.6010116,-0.5172073,12.95715
1580,ship__p3__s7,taboo,20,1,1,0.5895282,0.9538477,0.90977895,459.00854,0.61764705,-0.40816015,14.919838
1581,snow__p0__s0,taboo,0,1,0,0.23304123,1.3906311,6.731927,446.2006,0.92364144,-0.49028638,10.530575
1582,snow__p0__s0,taboo,1,1,0,1.0333655,1.961059,2.0144248,264.903,0.86738724,-0.53101313,10.4585285
1583,snow__p0__s0,taboo,2,1,0,0.055251684,0.31914026,1.5806922,329.4021,0.8447602,-0.5504915,10.295349
1584,snow__p0__s0,taboo,3,1,0,0.036067553,0.22436598,1.0952255,256.08823,0.77898216,-0.46102303,12.441659
1585,snow__p0__s0,taboo,4,1,0,0.0772872,0.3159675,0.9941139,142.57648,0.76664704,-0.4741786,11.514674
1586,snow__p0__s0,taboo,5,1,0,0.033382818,0.2364542,1.3308764,271.36652,0.7192159,-0.48479968,12.788389
1587,snow__p0__s0,taboo,6,1,0,0.07338637,0.3589556,1.2121419,171.59776,0.72254044,-0.50920886,11.750451
1588,snow__p0__s0,taboo,7,1,0,0.026991904,0.12757546,0.39755088,204.11504,0.7332487,-0.49276152,12.712605
1589,snow__p0__s0,taboo,8,1,0,0.121889904,0.57166934,1.8939795,304.01855,0.71877563,-0.47863072,12.457549
1590,snow__p0__s0,taboo,9,1,0,0.48556423,0.7507308,0.6035354,292.75446,0.69731385,-0.46713936,13.161242
1591,snow__p0__s0,taboo,10,1,0,0.021672329,0.12651885,0.60803205,182.35356,0.689269,-0.4280323,14.41316
1592,snow__p0__s0,taboo,11,1,0,0.042096816,0.2694093,1.4642688,261.12866,0.64924896,-0.46233952,14.210678
1593,snow__p0__s0,taboo,12,1,0,0.15895379,0.7632893,2.4099135,182.19864,0.6327772,-0.47828475,12.91299
1594,snow__p0__s0,taboo,13,1,0,1.0186951,1.9981011,1.9827529,344.49942,0.6153616,-0.43261456,14.466511
1595,snow__p0__s0,taboo,14,1,0,0.053337984,0.29522684,1.1815383,230.38214,0.61843014,-0.4713147,12.488446
1596,snow__p0__s0,taboo,15,1,0,0.54114723,1.4285274,1.7669944,217.50467,0.6183611,-0.46017557,13.290337
1597,snow__p0__s0,taboo,16,1,0,0.32489797,1.0629997,2.3132088,289.3111,0.6059292,-0.44986597,13.617659
1598,snow__p0__s0,taboo,17,1,0,0.1393671,0.76344246,3.297975,304.17877,0.6452518,-0.45818174,12.920266
1599,snow__p0__s0,taboo,18,1,0,0.2911025,1.5579994,6.282188,353.63272,0.5681206,-0.42021206,15.136231
1600,snow__p0__s0,taboo,19,1,0,0.29089558,1.2244229,3.4964337,207.14214,0.5409943,-0.40000424,15.388512
1601,snow__p0__s0,taboo,20,1,0,1.16167,2.1215754,3.2286558,430.1685,0.5866801,-0.41412076,14.6268015
1602,snow__p0__s0,taboo,21,1,0,0.334101,1.2728099,3.1004806,379.07602,0.62138593,-0.4810873,12.160203
1603,snow__p0__s0,taboo,22,1,1,0.00012230125,0.0014996635,0.015945956,260.7337,0.6044501,-0.42133194,13.611935
1604,snow__p0__s0,taboo,23,1,0,0.10029415,0.4299377,1.4468257,249.54637,0.5893746,-0.44461286,13.888793
1605,snow__p0__s0,taboo,24,1,0,1.0032471,1.3312907,0.71695435,162.45578,0.61699843,-0.50971335,12.070977
1606,snow__p0__s0,taboo,25,1,0,0.015076731,0.083668485,0.3387413,234.24751,0.60197896,-0.5022025,12.940663
1607,snow__p0__s0,taboo,26,1,0,0.020739716,0.12658794,0.5514814,269.81845,0.5858851,-0.48606905,13.343201
1608,snow__p0__s0,taboo,27,1,0,0.0022244728,0.017950123,0.11776586,224.84785,0.5919356,-0.4733901,14.203575
1609,snow__p0__s0,taboo,28,1,0,0.6132424,1.3910717,1.480686,246.18428,0.5970985,-0.456332,13.284854
1610,snow__p0__s0,taboo,29,1,0,0.28511095,0.91837406,2.6335418,163.79802,0.5582032,-0.43932152,14.78794
1611,snow__p0__s1,taboo,0,1,0,0.21617025,1.2942741,6.356999,447.6496,0.9234882,-0.49010605,10.558501
1612,snow__p0__s1,taboo,1,1,0,1.0464251,1.9687679,1.9615192,264.17596,0.8656622,-0.53031695,10.4399185
1613,snow__p0__s1,taboo,2,1,0,0.04948209,0.29252136,1.4780531,331.67108,0.84658015,-0.55091995,10.329739
1614,snow__p0__s1,taboo,3,1,0,0.053867333,0.30917943,1.3449831,256.70395,0.7785589,-0.46124104,12.445652
1615,snow__p0__s1,taboo,4,1,0,0.06819255,0.2867203,0.9243755,141.70059,0.76731396,-0.47366798,11.555693
1616,snow__p0__s1,taboo,5,1,0,0.037667,0.26009303,1.4191375,271.4286,0.71853024,-0.48462823,12.776742
1617,snow__p0__s1,taboo,6,1,0,0.078365326,0.37648666,1.242739,169.23589,0.7223458,-0.5093084,11.706645
1618,snow__p0__s1,taboo,7,1,0,0.030281061,0.13797121,0.40098596,200.71288,0.73401564,-0.49296746,12.690973
1619,snow__p0__s1,taboo,8,1,0,0.12349341,0.57917184,1.9154904,303.54855,0.7197707,-0.47874898,12.477129
1620,snow__p0__s1,taboo,9,1,0,0.5349725,0.7653984,0.5801035,293.924,0.6964575,-0.46636096,13.198987
1621,snow__p0__s1,taboo,10,1,0,0.020007113,0.122562766,0.63056564,182.84038,0.68891966,-0.4275095,14.457905
1622,snow__p0__s1,taboo,11,1,0,0.04474176,0.28664947,1.5560614,255.82974,0.65021324,-0.4623588,14.195838
1623,snow__p0__s1,taboo,12,1,0,0.14474848,0.7161656,2.3621464,180.83017,0.6329203,-0.47812456,12.895776
1624,snow__p0__s1,taboo,13,1,0,1.0670485,2.0123837,1.9903408,344.5878,0.61509323,-0.432839,14.457906
1625,snow__p0__s1,taboo,14,1,0,0.10019623,0.50194645,1.7767372,228.19217,0.6181675,-0.47134978,12.50802
1626,snow__p0__s1,taboo,15,1,0,0.5688207,1.4636128,1.7577686,218.09827,0.6188721,-0.4603548,13.293872
1627,snow__p0__s1,taboo,16,1,0,0.32681054,1.1296407,2.6083474,293.2293,0.60574293,-0.45013237,13.608067
1628,snow__p0__s1,taboo,17,1,0,0.15138072,0.8051074,3.3783605,303.21393,0.64471143,-0.46000755,12.885329
1629,snow__p0__s1,taboo,18,1,0,0.3242953,1.716077,6.8413095,353.41327,0.5691932,-0.4209114,15.172586
1630,snow__p0__s1,taboo,19,1,0,0.29874584,1.245639,3.5202336,205.07886,0.5408407,-0.4007626,15.345391
1631,snow__p0__s1,taboo,20,1,0,1.0589557,2.0138912,3.0695188,431.84033,0.58547205,-0.41396564,14.60713
1632,snow__p0__s1,taboo,21,1,0,0.35426772,1.2953862,2.8972354,377.8188,0.62091416,-0.48125702,12.13522
1633,snow__p0__s1,taboo,22,1,1,0.000102753125,0.001283142,0.013917169,258.54453,0.6041126,-0.4215732,13.609836
1634,snow__p0__s1,taboo,23,1,0,0.101689294,0.43653208,1.4642563,249.98521,0.58855736,-0.44394735,13.922732
1635,snow__p0__s1,taboo,24,1,0,1.0045966,1.3291969,0.6718409,162.75688,0.6162418,-0.50991404,12.064873
1636,snow__p0__s1,taboo,25,1,0,0.016992923,0.09184019,0.3585891,226.0664,0.6032792,-0.5024464,12.973284
1637,snow__p0__s1,taboo,26,1,0,0.03142272,0.17790835,0.6961284,265.6012,0.584828,-0.48570436,13.344551
1638,snow__p0__s1,taboo,27,1,0,0.0017138331,0.014179664,0.095345415,229.80342,0.5916063,-0.47260442,14.21153
1639,snow__p0__s1,taboo,28,1,0,0.6584649,1.3986435,1.3654045,248.83493,0.5979887,-0.45659378,13.269955
1640,snow__p0__s1,taboo,29,1,0,0.33966362,1.118797,3.406479,174.84833,0.5570411,-0.43856907,14.81652
1641,snow__p0__s2,taboo,0,1,0,0.21617025,1.2942741,6.356999,447.6496,0.9234882,-0.49010605,10.558501
1642,snow__p0__s2,taboo,1,1,0,1.0464251,1.9687679,1.9615192,264.17596,0.8656622,-0.53031695,10.4399185
1643,snow__p0__s2,taboo,2,1,0,0.04948209,0.29252136,1.4780531,331.67108,0.84658015,-0.55091995,10.329739
1644,snow__p0__s2,taboo,3,1,0,0.053867333,0.30917943,1.3449831,256.70395,0.7785589,-0.46124104,12.445652
1645,snow__p0__s2,taboo,4,1,0,0.06819255,0.2867203,0.9243755,141.70059,0.76731396,-0.47366798,11.555693
1646,snow__p0__s2,taboo,5,1,0,0.037667,0.26009303,1.4191375,271.4286,0.71853024,-0.48462823,12.776742
1647,snow__p0__s2,taboo,6,1,0,0.078365326,0.37648666,1.242739,169.23589,0.7223458,-0.5093084,11.706645
1648,snow__p0__s2,taboo,7,1,0,0.030281061,0.13797121,0.40098596,200.71288,0.73401564,-0.49296746,12.690973
1649,snow__p0__s2,taboo,8,1,0,0.12349341,0.57917184,1.9154904,303.54855,0.7197707,-0.47874898,12.477129
1650,snow__p0__s2,taboo,9,1,0,0.5349725,0.7653984,0.5801035,293.924,0.6964575,-0.46636096,13.198987
1651,snow__p0__s2,taboo,10,1,0,0.020007113,0.122562766,0.63056564,182.84038,0.68891966,-0.4275095,14.457905
1652,snow__p0__s2,taboo,11,1,0,0.04474176,0.28664947,1.5560614,255.82974,0.65021324,-0.4623588,14.195838
1653,snow__p0__s2,taboo,12,1,0,0.14474848,0.7161656,2.3621464,180.83017,0.6329203,-0.47812456,12.895776
1654,snow__p0__s2,taboo,13,1,0,2.3170485,2.0123837,1.9903408,329.75397,0.63778853,-0.48295933,11.400491
1655,snow__p0__s2,taboo,14,1,0,0.69876236,1.6349084,1.682361,193.66411,0.62030154,-0.46830168,12.924113
1656,snow__p0__s2,taboo,15,1,0,0.3980254,1.3401805,2.7636628,304.90436,0.60983783,-0.45650318,13.48961
1657,snow__p0__s2,taboo,16,1,0,0.17586988,1.0135773,4.43295,291.63504,0.6456188,-0.4916585,12.160772
1658,snow__p0__s2,taboo,17,1,0,0.50328046,1.8258499,5.3799844,322.37848,0.5720749,-0.44190675,14.796174
1659,snow__p0__s2,taboo,18,1,0,0.8059805,2.3400178,4.1058784,216.48277,0.5428061,-0.41077465,15.205002
1660,snow__p0__s2,taboo,19,1,0,1.2149163,1.9063323,3.1750503,220.91713,0.57764626,-0.4454376,14.19414
1661,snow__p0__s2,taboo,20,1,0,0.773203,1.861851,2.5380647,121.598694,0.53083885,-0.4030256,16.19081
1662,snow__p0__s2,taboo,21,1,0,0.8291297,2.2064886,3.554135,427.10953,0.58653194,-0.41773447,14.434616
1663,snow__p0__s2,taboo,22,1,0,0.27404764,1.1051422,2.8876078,366.44888,0.6196088,-0.4830947,12.41549
1664,snow__p0__s2,taboo,23,1,0,0.00007390703,0.0009703435,0.011112725,268.86758,0.597483,-0.4203409,13.786449
1665,snow__p0__s2,taboo,24,1,0,0.12074288,0.5175813,1.773305,247.05736,0.587903,-0.44631118,13.966584
1666,snow__p0__s2,taboo,25,1,0,1.1901548,1.4189036,0.757111,162.23279,0.61183023,-0.50993586,12.120807
1667,snow__p0__s2,taboo,26,1,0,0.01331862,0.07549655,0.31268203,231.43024,0.59969956,-0.50479454,12.950124
1668,snow__p0__s2,taboo,27,1,0,0.035941407,0.19796959,0.7454133,257.29404,0.580385,-0.48612922,13.470935
1669,snow__p0__s2,taboo,28,1,0,0.0022244728,0.017146796,0.1050113,242.62845,0.5817677,-0.46851337,14.28145
1670,snow__p0__s2,taboo,29,1,0,0.52677226,1.323853,1.5937243,271.62784,0.5896609,-0.47012737,12.951954
1671,snow__p0__s3,taboo,0,1,0,0.2225688,1.3204465,6.3764205,446.97467,0.9241626,-0.48942524,10.537604
1672,snow__p0__s3,taboo,1,1,1,2.1394217,1.933039,2.0096424,332.40204,0.8220846,-0.5355553,10.707731
1673,snow__p0__s3,taboo,2,1,1,2.2949772,3.9414196,8.399969,278.95898,0.73933375,-0.4667271,12.194688
1674,snow__p0__s3,taboo,3,1,1,0.8646434,2.9327402,7.1985273,122.45005,0.70700085,-0.46521333,13.419723
1675,snow__p0__s3,taboo,4,1,1,2.3683038,3.8046103,5.160345,296.3554,0.7033932,-0.51235867,11.785148
1676,snow__p0__s3,taboo,5,1,1,2.3464055,3.101534,8.829731,374.7872,0.67062986,-0.49642256,12.0204525
1677,snow__p0__s3,taboo,6,1,1,0.858552,2.1497118,3.027255,315.13794,0.63516337,-0.45565933,12.674288
1678,snow__p0__s3,taboo,7,1,1,0.45995164,1.7075663,5.131889,181.26067,0.62598395,-0.4710649,11.798743
1679,snow__p0__s3,taboo,8,1,1,0.51256037,2.4087625,7.8743577,296.38416,0.6097571,-0.46685466,12.394637
1680,snow__p0__s3,taboo,9,1,1,1.9779283,3.9534879,4.119208,277.55322,0.6176921,-0.4731153,11.853086
1681,snow__p0__s3,taboo,10,1,1,3.309516,3.8979802,4.8463354,322.08215,0.6500096,-0.50004166,11.667628
1682,snow__p0__s3,taboo,11,1,1,0.12517923,0.49706727,1.3138167,276.72894,0.6159278,-0.47937012,12.628683
1683,snow__p0__s3,taboo,12,1,1,1.8712031,3.6571808,5.57244,182.82793,0.635497,-0.5029288,12.405087
1684,snow__p0__s3,taboo,13,1,1,1.983298,4.5889063,6.607929,288.4702,0.60901815,-0.4907701,12.55529
1685,snow__p0__s3,taboo,14,1,1,0.00022706791,0.0030947381,0.037872918,223.5789,0.62890536,-0.51271063,12.651557
1686,snow__p0__s3,taboo,15,1,1,0.81038296,2.7924798,6.093702,289.75598,0.6376512,-0.5384092,11.520427
1687,snow__p0__s3,taboo,16,1,1,2.8095682,3.5483255,4.3860097,138.14265,0.6197471,-0.530252,11.736559
1688,snow__p0__s3,taboo,17,1,1,0.8096794,1.6786575,2.7737114,310.91727,0.57735157,-0.48283657,13.610843
1689,snow__p0__s3,taboo,18,1,1,2.0493891,2.3541002,3.4217076,281.94763,0.538019,-0.45379212,13.4117985
1690,snow__p0__s3,taboo,19,1,1,0.16558197,0.9293624,4.041885,263.51428,0.53355384,-0.4490155,14.518187
1691,snow__p0__s3,taboo,20,1,1,1.1330323,2.3701482,2.9459713,288.93753,0.5646497,-0.46537986,14.251891
1692,snow__p0__s3,taboo,21,1,1,2.5322804,1.6003243,3.815425,160.94788,0.5559989,-0.45854363,14.196269
1693,snow__p0__s3,taboo,22,1,1,2.7956448,1.6026922,2.4726133,185.90686,0.56782985,-0.46617824,13.7085495
1694,snow__p0__s3,taboo,23,1,1,0.077602506,0.4487907,1.9234985,433.01407,0.63244855,-0.38740596,14.653672
1695,snow__p0__s4,taboo,0,1,0,0.21682614,1.2857274,6.2177696,444.2294,0.9231656,-0.48917413,10.5392
1696,snow__p0__s4,taboo,1,1,0,1.4151263,1.9502766,1.9120377,202.187,0.8576761,-0.52390283,10.457666
1697,snow__p0__s4,taboo,2,1,0,0.19205175,0.5431191,0.9800889,193.97627,0.82703865,-0.51232356,10.8779745
1698,snow__p0__s4,taboo,3,1,0,0.13322107,0.60368186,1.9136177,318.49753,0.7817784,-0.49566633,11.488014
1699,snow__p0__s4,taboo,4,1,0,0.8086264,0.97188705,1.2091694,304.10318,0.73523384,-0.45717576,13.233305
1700,snow__p0__s4,taboo,5,1,0,0.041315876,0.21931635,0.97771335,223.36879,0.71568215,-0.42789066,14.403791
1701,snow__p0__s4,taboo,6,1,0,0.070829645,0.43403348,2.1435156,217.35083,0.67395043,-0.44465667,14.3299465
1702,snow__p0__s4,taboo,7,1,0,0.13804695,0.6060455,1.9515249,190.92294,0.6806259,-0.4901265,12.251284
1703,snow__p0__s4,taboo,8,1,0,0.23016147,0.9822072,2.66005,344.22778,0.6804451,-0.44946107,13.426654
1704,snow__p0__s4,taboo,9,1,0,0.3986765,0.7040118,0.5293318,210.07549,0.6805178,-0.49081582,11.011495
1705,snow__p0__s4,taboo,10,1,0,0.014491077,0.1103994,0.6984343,236.82498,0.65135103,-0.4730444,12.702086
1706,snow__p0__s4,taboo,11,1,0,1.1635307,1.3447561,0.7773455,266.39944,0.6464317,-0.48470032,12.8345995
1707,snow__p0__s4,taboo,12,1,0,0.041418474,0.23069021,0.9434122,240.51921,0.66451085,-0.5286803,11.60585
1708,snow__p0__s4,taboo,13,1,0,0.00012540031,0.0016385543,0.018963885,242.97038,0.6383896,-0.4880934,12.912741
1709,snow__p0__s4,taboo,14,1,0,1.0703945,1.6619279,1.4554534,208.30624,0.6291823,-0.47227538,12.154408
1710,snow__p0__s4,taboo,15,1,0,0.7201024,1.8784363,3.475276,249.31349,0.61382735,-0.46054393,13.684105
1711,snow__p0__s4,taboo,16,1,0,0.13167658,0.70391285,2.9850135,247.5634,0.6273564,-0.449176,13.703224
1712,snow__p0__s4,taboo,17,1,0,0.7643899,1.5296983,2.894658,143.0873,0.62153137,-0.46496233,13.055383
1713,snow__p0__s4,taboo,18,1,0,0.25083596,0.7887515,2.0387402,305.3407,0.61922044,-0.46477014,13.84218
1714,snow__p0__s4,taboo,19,1,0,1.4194168,2.0160851,1.7136823,431.75558,0.61423635,-0.41394177,14.074248
1715,snow__p0__s4,taboo,20,1,0,0.43514764,1.3969378,3.0871058,424.50122,0.6370356,-0.505103,11.518108
1716,snow__p0__s4,taboo,21,1,0,0.0021533414,0.021290522,0.17919509,221.2666,0.63428986,-0.5071064,12.10166
1717,snow__p0__s4,taboo,22,1,0,0.0059697893,0.043632984,0.2624436,261.4414,0.59231955,-0.48601985,12.704128
1718,snow__p0__s4,taboo,23,1,0,1.9105685,0.88806295,1.493587,250.25856,0.57771623,-0.45281085,13.384165
1719,snow__p0__s4,taboo,24,1,0,0.03653854,0.23704077,1.219007,170.10725,0.5940466,-0.47839904,13.0205765
1720,snow__p0__s4,taboo,25,1,0,0.041741867,0.27670914,1.5055068,304.039,0.58643234,-0.46268645,14.751219
1721,snow__p0__s4,taboo,26,1,0,0.33832666,1.0118837,1.7916733,460.21625,0.5544389,-0.3884717,16.32847
1722,snow__p0__s5,taboo,0,1,0,0.21640964,1.2919028,6.316538,442.40326,0.9235299,-0.4896186,10.551073
1723,snow__p0__s5,taboo,1,1,0,1.0170583,1.929743,1.9701995,262.74255,0.8669901,-0.53026557,10.457073
1724,snow__p0__s5,taboo,2,1,0,0.048259098,0.28338414,1.4198334,335.3525,0.845813,-0.550506,10.319153
1725,snow__p0__s5,taboo,3,1,0,0.07869716,0.43215558,1.8005115,262.25327,0.7797052,-0.46121144,12.452942
1726,snow__p0__s5,taboo,4,1,0,0.09316028,0.39892253,1.4918559,146.61386,0.76706094,-0.474691,11.538054
1727,snow__p0__s5,taboo,5,1,0,0.040415037,0.27962092,1.5266575,273.36108,0.7185745,-0.4847446,12.773427
1728,snow__p0__s5,taboo,6,1,0,0.07339478,0.3589967,1.2118998,167.99216,0.7224243,-0.5095967,11.695649
1729,snow__p0__s5,taboo,7,1,0,0.030371383,0.13886788,0.40866575,207.21443,0.73602736,-0.49311656,12.683841
1730,snow__p0__s5,taboo,8,1,0,0.15712933,0.6948915,2.130694,314.03506,0.71949893,-0.47843423,12.426614
1731,snow__p0__s5,taboo,9,1,0,0.5390236,0.79292446,0.7339281,300.14615,0.6961388,-0.46636647,13.189123
1732,snow__p0__s5,taboo,10,1,0,0.019451814,0.117287554,0.5878176,182.79402,0.6889937,-0.42812043,14.416889
1733,snow__p0__s5,taboo,11,1,0,0.04459276,0.28519222,1.543203,258.9891,0.6505287,-0.4625806,14.200142
1734,snow__p0__s5,taboo,12,1,0,0.17215078,0.8322488,2.658015,184.12529,0.63251215,-0.4773808,12.93112
1735,snow__p0__s5,taboo,13,1,0,2.2209327,2.0292666,1.9452393,337.7307,0.637637,-0.4840771,11.350014
1736,snow__p0__s5,taboo,14,1,0,0.6845666,1.650104,1.8344033,192.57542,0.6198944,-0.46918586,12.881686
1737,snow__p0__s5,taboo,15,1,0,0.3727645,1.2333732,2.4940672,298.09674,0.6098827,-0.45707718,13.481559
1738,snow__p0__s5,taboo,16,1,0,0.16916412,0.98314786,4.3572273,291.59448,0.6445787,-0.49194017,12.121717
1739,snow__p0__s5,taboo,17,1,0,0.54947424,1.8895674,5.28506,322.64987,0.57214266,-0.44158256,14.782053
1740,snow__p0__s5,taboo,18,1,0,0.82919616,2.4111495,4.1481967,221.87317,0.5428977,-0.41112444,15.204648
1741,snow__p0__s5,taboo,19,1,0,1.0392658,1.9320067,3.1763687,425.72894,0.581802,-0.41591355,14.549634
1742,snow__p0__s5,taboo,20,1,0,0.34543613,1.2600484,2.7948518,382.1824,0.6274467,-0.48536348,12.210399
1743,snow__p0__s5,taboo,21,1,1,0.00007855584,0.0010265562,0.011697197,272.7579,0.60829085,-0.42556384,13.554065
1744,snow__p0__s5,taboo,22,1,0,0.16534719,0.7058955,2.5371943,256.46768,0.59279567,-0.4486535,13.921134
1745,snow__p0__s5,taboo,23,1,0,1.1990304,1.4316328,0.73153716,160.06705,0.6135407,-0.51156604,12.063385
1746,snow__p0__s5,taboo,24,1,0,0.0154845845,0.08703958,0.3602916,217.52094,0.6026038,-0.50413674,12.925633
1747,snow__p0__s5,taboo,25,1,0,0.04594572,0.24102837,0.8468648,252.85258,0.58554924,-0.48727882,13.462881
1748,snow__p0__s5,taboo,26,1,0,0.0023104658,0.01797316,0.11175488,226.05014,0.59178615,-0.47251377,14.160336
1749,snow__p0__s5,taboo,27,1,0,0.56061244,1.3990153,1.6743176,278.00024,0.601611,-0.4777072,13.001935
1750,snow__p0__s5,taboo,28,1,0,0.012407025,0.07500042,0.3548783,125.88962,0.5744824,-0.45228317,14.561051
1751,snow__p0__s5,taboo,29,1,0,0.021928584,0.15791808,0.9129219,253.37636,0.5994624,-0.45101395,14.273157
1752,snow__p0__s6,taboo,0,1,0,0.21638055,1.2819667,6.1975946,449.5536,0.92403114,-0.48998737,10.549661
1753,snow__p0__s6,taboo,1,1,0,1.0230306,1.9321699,1.9309969,265.36337,0.8665382,-0.53041565,10.477621
1754,snow__p0__s6,taboo,2,1,0,0.05670295,0.33150902,1.6741576,339.06674,0.8458502,-0.5506337,10.335867
1755,snow__p0__s6,taboo,3,1,0,0.07787879,0.4281568,1.7902623,257.51205,0.7799881,-0.4611401,12.410124
1756,snow__p0__s6,taboo,4,1,0,0.1101388,0.48067003,1.9486169,147.57356,0.7660419,-0.47317687,11.549054
1757,snow__p0__s6,taboo,5,1,0,0.035824213,0.24925311,1.3738127,274.18018,0.71927875,-0.48455215,12.797568
1758,snow__p0__s6,taboo,6,1,0,0.0838101,0.39430603,1.2674782,171.83737,0.72225815,-0.50952715,11.732149
1759,snow__p0__s6,taboo,7,1,0,0.0343673,0.15288444,0.43433106,205.30466,0.73431754,-0.49283963,12.725858
1760,snow__p0__s6,taboo,8,1,0,0.116621636,0.5617876,1.9128354,301.4365,0.7190049,-0.4787721,12.470852
1761,snow__p0__s6,taboo,9,1,0,0.53495914,0.7652885,0.57935774,288.69147,0.69727206,-0.46605828,13.173943
1762,snow__p0__s6,taboo,10,1,0,0.021827815,0.12810038,0.62183666,179.79059,0.6895491,-0.4276117,14.414828
1763,snow__p0__s6,taboo,11,1,0,0.04405449,0.28162283,1.5268354,255.13716,0.65171087,-0.4632166,14.172631
1764,snow__p0__s6,taboo,12,1,0,0.15159689,0.74866974,2.463103,185.93123,0.6331014,-0.47832263,12.910804
1765,snow__p0__s6,taboo,13,1,0,1.1338205,2.0658507,1.9205003,350.2023,0.61618054,-0.432438,14.428985
1766,snow__p0__s6,taboo,14,1,0,0.09791089,0.4826799,1.6661673,231.86304,0.6183984,-0.47148728,12.5259
1767,snow__p0__s6,taboo,15,1,0,0.54258376,1.4313735,1.7534018,218.98466,0.6183082,-0.4609939,13.272089
1768,snow__p0__s6,taboo,16,1,0,0.33723265,1.103086,2.374386,287.47757,0.60443455,-0.4496391,13.633746
1769,snow__p0__s6,taboo,17,1,0,0.1530109,0.8176548,3.4532099,297.5708,0.64431876,-0.45940107,12.886684
1770,snow__p0__s6,taboo,18,1,0,0.34337154,1.7476472,6.634228,349.81985,0.56858283,-0.42065325,15.1274
1771,snow__p0__s6,taboo,19,1,0,0.34495255,1.4028331,3.848854,205.83678,0.5422812,-0.4014577,15.294377
1772,snow__p0__s6,taboo,20,1,0,1.0703406,2.0449677,3.0673175,428.0937,0.5854808,-0.41444075,14.595045
1773,snow__p0__s6,taboo,21,1,0,0.35299513,1.3138592,3.1185071,372.03662,0.6217402,-0.48159915,12.109232
1774,snow__p0__s6,taboo,22,1,1,0.0001188446,0.0014683069,0.015798,260.36127,0.60491073,-0.42127258,13.629518
1775,snow__p0__s6,taboo,23,1,0,0.1014836,0.43695438,1.4783838,248.50641,0.5879974,-0.44451946,13.882746
1776,snow__p0__s6,taboo,24,1,0,1.0113144,1.3445731,0.67113316,165.8395,0.61710215,-0.5100708,12.05141
1777,snow__p0__s6,taboo,25,1,0,0.013317678,0.07567024,0.31627083,232.77281,0.60278994,-0.5026218,12.959093
1778,snow__p0__s6,taboo,26,1,0,0.030205073,0.17202541,0.67891395,270.22787,0.5858676,-0.48602927,13.33809
1779,snow__p0__s6,taboo,27,1,0,0.0021590511,0.017349798,0.113225624,234.66818,0.59206235,-0.47258714,14.172504
1780,snow__p0__s6,taboo,28,1,0,0.66383874,1.4279819,1.4238172,249.75894,0.59711707,-0.45531625,13.342595
1781,snow__p0__s6,taboo,29,1,0,0.31891963,0.9843893,2.7383223,169.3635,0.5572602,-0.43829066,14.833815
1782,snow__p0__s7,taboo,0,1,0,0.21638055,1.2819667,6.1975946,449.5536,0.92403114,-0.48998737,10.549661
1783,snow__p0__s7,taboo,1,1,0,1.0230306,1.9321699,1.9309969,265.36337,0.8665382,-0.53041565,10.477621
1784,snow__p0__s7,taboo,2,1,0,0.05670295,0.33150902,1.6741576,339.06674,0.8458502,-0.5506337,10.335867
1785,snow__p0__s7,taboo,3,1,0,0.07787879,0.4281568,1.7902623,257.51205,0.7799881,-0.4611401,12.410124
1786,snow__p0__s7,taboo,4,1,0,0.1101388,0.48067003,1.9486169,147.57356,0.7660419,-0.47317687,11.549054
1787,snow__p0__s7,taboo,5,1,0,0.035824213,0.24925311,1.3738127,274.18018,0.71927875,-0.48455215,12.797568
1788,snow__p0__s7,taboo,6,1,0,0.0838101,0.39430603,1.2674782,171.83737,0.72225815,-0.50952715,11.732149
1789,snow__p0__s7,taboo,7,1,0,0.0343673,0.15288444,0.43433106,205.30466,0.73431754,-0.49283963,12.725858
1790,snow__p0__s7,taboo,8,1,0,0.116621636,0.5617876,1.9128354,301.4365,0.7190049,-0.4787721,12.470852
1791,snow__p0__s7,taboo,9,1,0,0.53495914,0.7652885,0.57935774,288.69147,0.69727206,-0.46605828,13.173943
1792,snow__p0__s7,taboo,10,1,0,0.021827815,0.12810038,0.62183666,179.79059,0.6895491,-0.4276117,14.414828
1793,snow__p0__s7,taboo,11,1,0,0.04405449,0.28162283,1.5268354,255.13716,0.65171087,-0.4632166,14.172631
1794,snow__p0__s7,taboo,12,1,0,0.15159689,0.74866974,2.463103,185.93123,0.6331014,-0.47832263,12.910804
1795,snow__p0__s7,taboo,13,1,0,1.1338205,2.0658507,1.9205003,350.2023,0.61618054,-0.432438,14.428985
1796,snow__p0__s7,taboo,14,1,0,0.09791089,0.4826799,1.6661673,231.86304,0.6183984,-0.47148728,12.5259
1797,snow__p0__s7,taboo,15,1,0,0.54258376,1.4313735,1.7534018,218.98466,0.6183082,-0.4609939,13.272089
1798,snow__p0__s7,taboo,16,1,0,0.33723265,1.103086,2.374386,287.47757,0.60443455,-0.4496391,13.633746
1799,snow__p0__s7,taboo,17,1,0,0.1530109,0.8176548,3.4532099,297.5708,0.64431876,-0.45940107,12.886684
1800,snow__p0__s7,taboo,18,1,0,0.34337154,1.7476472,6.634228,349.81985,0.56858283,-0.42065325,15.1274
1801,snow__p0__s7,taboo,19,1,0,0.34495255,1.4028331,3.848854,205.83678,0.5422812,-0.4014577,15.294377
1802,snow__p0__s7,taboo,20,1,0,1.0703406,2.0449677,3.0673175,428.0937,0.5854808,-0.41444075,14.595045
1803,snow__p0__s7,taboo,21,1,0,0.35299513,1.3138592,3.1185071,372.03662,0.6217402,-0.48159915,12.109232
1804,snow__p0__s7,taboo,22,1,1,0.0001188446,0.0014683069,0.015798,260.36127,0.60491073,-0.42127258,13.629518
1805,snow__p0__s7,taboo,23,1,0,0.1014836,0.43695438,1.4783838,248.50641,0.5879974,-0.44451946,13.882746
1806,snow__p0__s7,taboo,24,1,0,1.0113144,1.3445731,0.67113316,165.8395,0.61710215,-0.5100708,12.05141
1807,snow__p0__s7,taboo,25,1,0,0.013317678,0.07567024,0.31627083,232.77281,0.60278994,-0.5026218,12.959093
1808,snow__p0__s7,taboo,26,1,0,0.030205073,0.17202541,0.67891395,270.22787,0.5858676,-0.48602927,13.33809
1809,snow__p0__s7,taboo,27,1,0,0.0021590511,0.017349798,0.113225624,234.66818,0.59206235,-0.47258714,14.172504
1810,snow__p0__s7,taboo,28,1,0,0.66383874,1.4279819,1.4238172,249.75894,0.59711707,-0.45531625,13.342595
1811,snow__p0__s7,taboo,29,1,0,0.31891963,0.9843893,2.7383223,169.3635,0.5572602,-0.43829066,14.833815
1812,snow__p1__s0,taboo,0,1,0,0.9310873,3.0198193,7.2063537,439.47592,0.92900693,-0.48278493,10.51351
1813,snow__p1__s0,taboo,1,1,0,1.2454865,2.3231738,2.4255033,276.51074,0.8694865,-0.53160477,10.450661
1814,snow__p1__s0,taboo,2,1,0,0.13139814,0.64650655,2.7639632,332.86322,0.8440894,-0.54646754,10.507618
1815,snow__p1__s0,taboo,3,1,0,0.043386262,0.2698302,1.2887194,250.38736,0.77897584,-0.45381904,12.5287485
1816,snow__p1__s0,taboo,4,1,0,0.10777978,0.3803125,0.91887796,129.61063,0.7692576,-0.48623985,11.209612
1817,snow__p1__s0,taboo,5,1,0,0.097191826,0.60291463,2.8547783,281.7661,0.71527827,-0.48517883,12.83198
1818,snow__p1__s0,taboo,6,1,0,0.20757973,0.7392653,1.6117183,173.63637,0.71852255,-0.5087513,11.727076
1819,snow__p1__s0,taboo,7,1,0,0.040119387,0.17827113,0.52826715,190.90276,0.7325359,-0.49089468,12.796017
1820,snow__p1__s0,taboo,8,1,0,0.21001115,0.8957714,2.6345115,282.7349,0.7236581,-0.4847987,12.21333
1821,snow__p1__s0,taboo,9,1,0,0.40595087,0.94901514,1.7771765,297.78076,0.6957999,-0.45770422,13.308208
1822,snow__p1__s0,taboo,10,1,0,0.061524596,0.3453039,1.7188479,189.93983,0.690787,-0.45117125,13.257441
1823,snow__p1__s0,taboo,11,1,0,0.06244493,0.44010362,2.6441379,286.33194,0.6597217,-0.47855705,13.285074
1824,snow__p1__s0,taboo,12,1,0,0.17346238,0.8357947,2.7445095,196.69003,0.623617,-0.4832502,12.718688
1825,snow__p1__s0,taboo,13,1,0,0.89919317,1.8022546,2.2497191,352.25134,0.60765266,-0.43260115,14.480806
1826,snow__p1__s0,taboo,14,1,0,0.060858525,0.3288079,1.2860444,231.09366,0.6115318,-0.4744318,12.4899025
1827,snow__p1__s0,taboo,15,1,0,0.7205972,1.7309204,1.9163355,212.97963,0.60869575,-0.46058697,13.48278
1828,snow__p1__s0,taboo,16,1,0,0.35680065,1.111759,2.2458706,280.95148,0.59693366,-0.44984293,13.70261
1829,snow__p1__s0,taboo,17,1,0,0.15645112,0.79770255,3.2254071,292.97357,0.62593025,-0.4557306,13.077796
1830,snow__p1__s0,taboo,18,1,0,0.35353288,1.4726876,4.6995077,350.09805,0.56049275,-0.4222499,15.099754
1831,snow__p1__s0,taboo,19,1,0,0.3512992,1.3947264,3.710527,208.29955,0.5389623,-0.40074924,15.468176
1832,snow__p1__s0,taboo,20,1,0,1.0662866,1.9966075,3.2381163,430.717,0.58390194,-0.42327437,14.508225
1833,snow__p1__s0,taboo,21,1,0,0.27553484,1.1057998,2.8269536,379.61218,0.61630756,-0.4855098,12.107942
1834,snow__p1__s0,taboo,22,1,0,0.00013731967,0.0016571137,0.017339906,253.78621,0.5918113,-0.41487578,13.970654
1835,snow__p1__s0,taboo,23,1,0,0.12311257,0.5396682,1.9350916,253.6558,0.5781592,-0.44431797,14.029108
1836,snow__p1__s0,taboo,24,1,0,0.87782454,1.2799058,0.6610224,159.08603,0.6096206,-0.5133652,12.101692
1837,snow__p1__s0,taboo,25,1,0,0.015219276,0.0846271,0.34234163,222.2695,0.59735024,-0.50471973,12.945693
1838,snow__p1__s0,taboo,26,1,0,0.020022187,0.12265138,0.5363933,264.1846,0.58187187,-0.4907689,13.3820915
1839,snow__p1__s0,taboo,27,1,0,0.0028380377,0.021858912,0.13389716,225.02516,0.57733804,-0.46943286,14.310376
1840,snow__p1__s0,taboo,28,1,0,0.50345534,1.2770953,1.5773251,256.00058,0.5897678,-0.45979345,13.306532
1841,snow__p1__s0,taboo,29,1,0,0.18156473,0.58803433,1.4959114,134.65422,0.55090195,-0.44314605,14.814774
1842,snow__p1__s1,taboo,0,1,0,0.8956176,2.9743047,7.2408295,444.03555,0.92797476,-0.482948,10.521641
1843,snow__p1__s1,taboo,1,1,1,1.5636641,2.2713704,2.233636,337.02582,0.8291014,-0.5202038,10.349796
1844,snow__p1__s1,taboo,2,1,1,1.8709363,3.8117566,6.6245136,297.14865,0.7689141,-0.48227385,11.93489
1845,snow__p1__s1,taboo,3,1,1,2.1733954,5.075266,5.813946,322.23215,0.7495947,-0.48899406,12.269451
1846,snow__p1__s1,taboo,4,1,1,3.3564365,5.160556,6.814324,275.5914,0.76244676,-0.59268266,9.622823
1847,snow__p1__s1,taboo,5,1,1,0.1533562,0.5980967,1.4693167,298.11356,0.68536747,-0.5088307,12.115377
1848,snow__p1__s1,taboo,6,1,1,0.99201906,1.5515131,3.377361,333.84253,0.6510539,-0.474182,12.9462
1849,snow__p1__s1,taboo,7,1,1,2.3550594,4.693685,6.0583277,203.68939,0.65466046,-0.51173174,12.062939
1850,snow__p1__s1,taboo,8,1,1,0.5132712,2.5924957,9.461723,373.806,0.7164866,-0.604149,9.948341
1851,snow__p1__s1,taboo,9,1,1,0.000022887922,0.00030485762,0.0035670875,411.28214,0.5997602,-0.46404037,14.075735
1852,snow__p1__s1,taboo,10,1,1,0.8955128,2.4369516,4.333681,262.959,0.6464938,-0.44904304,13.319272
1853,snow__p1__s1,taboo,11,1,1,2.2748132,3.4014945,5.6403747,185.74045,0.6082917,-0.4825899,12.05679
1854,snow__p1__s1,taboo,12,1,1,1.0919715,1.7289369,2.0843046,229.20361,0.63399595,-0.51219654,12.316444
1855,snow__p1__s1,taboo,13,1,1,0.31293374,1.4533305,4.9836864,192.04256,0.621714,-0.50864583,13.317362
1856,snow__p1__s1,taboo,14,1,1,2.2194476,2.8075714,4.148951,193.37177,0.63028795,-0.5352559,11.640833
1857,snow__p1__s1,taboo,15,1,1,0.48304203,1.6528077,4.274472,302.0344,0.58379865,-0.48977864,13.378315
1858,snow__p1__s1,taboo,16,1,1,0.17715725,1.0094011,4.226529,441.58423,0.6542878,-0.39435774,13.9370985
1859,snow__p1__s2,taboo,0,1,0,0.9310873,3.0198193,7.2063537,439.47592,0.92900693,-0.48278493,10.51351
1860,snow__p1__s2,taboo,1,1,0,1.2454865,2.3231738,2.4255033,276.51074,0.8694865,-0.53160477,10.450661
1861,snow__p1__s2,taboo,2,1,0,0.13139814,0.64650655,2.7639632,332.86322,0.8440894,-0.54646754,10.507618
1862,snow__p1__s2,taboo,3,1,0,0.043386262,0.2698302,1.2887194,250.38736,0.77897584,-0.45381904,12.5287485
1863,snow__p1__s2,taboo,4,1,0,0.10777978,0.3803125,0.91887796,129.61063,0.7692576,-0.48623985,11.209612
1864,snow__p1__s2,taboo,5,1,0,0.097191826,0.60291463,2.8547783,281.7661,0.71527827,-0.48517883,12.83198
1865,snow__p1__s2,taboo,6,1,0,0.20757973,0.7392653,1.6117183,173.63637,0.71852255,-0.5087513,11.727076
1866,snow__p1__s2,taboo,7,1,0,0.040119387,0.17827113,0.52826715,190.90276,0.7325359,-0.49089468,12.796017
1867,snow__p1__s2,taboo,8,1,0,0.21001115,0.8957714,2.6345115,282.7349,0.7236581,-0.4847987,12.21333
1868,snow__p1__s2,taboo,9,1,0,1.2809509,0.94901514,1.7771765,315.7596,0.7099369,-0.42218527,13.562608
1869,snow__p1__s2,taboo,10,1,0,0.6044103,1.4320079,2.800147,195.79286,0.691474,-0.44631028,13.028857
1870,snow__p1__s2,taboo,11,1,0,0.031668402,0.2538244,1.72181,261.5625,0.646856,-0.43306854,14.191634
1871,snow__p1__s2,taboo,12,1,0,0.13850944,0.784418,3.222246,208.47289,0.6241944,-0.47549608,12.777303
1872,snow__p1__s2,taboo,13,1,0,1.4021344,2.3914275,2.3456197,366.3743,0.61013675,-0.43505847,14.187697
1873,snow__p1__s2,taboo,14,1,0,0.10933648,0.5104305,1.6220455,229.56093,0.6084074,-0.4696497,12.503416
1874,snow__p1__s2,taboo,15,1,0,0.593399,1.5327336,1.798956,203.30489,0.60456663,-0.4561652,13.536074
1875,snow__p1__s2,taboo,16,1,0,0.4309959,1.3262756,2.5149636,287.9623,0.59489733,-0.44322047,13.7761345
1876,snow__p1__s2,taboo,17,1,0,0.1626358,0.8886848,3.7458699,285.508,0.62015986,-0.44671315,13.148689
1877,snow__p1__s2,taboo,18,1,0,0.37017387,1.5035657,4.8002305,342.52133,0.5627619,-0.4207348,15.235861
1878,snow__p1__s2,taboo,19,1,0,0.21948688,0.9751878,3.0189967,203.42908,0.53821534,-0.39723662,15.54256
1879,snow__p1__s2,taboo,20,1,0,2.485485,1.9505334,3.3541927,224.56084,0.56406957,-0.4276566,14.469566
1880,snow__p1__s2,taboo,21,1,0,0.6662389,1.828603,2.874691,127.42043,0.52168226,-0.3914326,16.224747
1881,snow__p1__s2,taboo,22,1,0,2.2907531,2.0866988,2.7306485,317.64542,0.5055838,-0.3977211,14.98599
1882,snow__p1__s2,taboo,23,1,0,1.159597,2.5976584,4.3317785,260.16327,0.52636373,-0.40698916,14.013542
1883,snow__p1__s2,taboo,24,1,0,0.4397331,1.4928728,3.5320196,106.32235,0.526833,-0.41487798,14.733023
1884,snow__p1__s2,taboo,25,1,0,0.87167627,1.2800109,2.6252534,209.12277,0.54934126,-0.42519835,14.718134
1885,snow__p1__s2,taboo,26,1,0,0.16884458,0.85407335,3.4015265,369.79788,0.53364956,-0.42040282,15.088503
1886,snow__p1__s2,taboo,27,1,0,1.6215702,1.2660928,1.6648396,409.81586,0.57522583,-0.410044,14.677763
1887,snow__p1__s2,taboo,28,1,0,0.3520606,1.287492,2.82809,375.80984,0.59679705,-0.47183052,12.310369
1888,snow__p1__s2,taboo,29,1,0,0.00008737659,0.0010994361,0.012052502,247.02397,0.5624998,-0.40273035,14.318255
1889,snow__p1__s3,taboo,0,1,0,0.9310873,3.0198193,7.2063537,439.47592,0.92900693,-0.48278493,10.51351
1890,snow__p1__s3,taboo,1,1,0,1.2454865,2.3231738,2.4255033,276.51074,0.8694865,-0.53160477,10.450661
1891,snow__p1__s3,taboo,2,1,0,0.13139814,0.64650655,2.7639632,332.86322,0.8440894,-0.54646754,10.507618
1892,snow__p1__s3,taboo,3,1,0,0.043386262,0.2698302,1.2887194,250.38736,0.77897584,-0.45381904,12.5287485
1893,snow__p1__s3,taboo,4,1,0,0.10777978,0.3803125,0.91887796,129.61063,0.7692576,-0.48623985,11.209612
1894,snow__p1__s3,taboo,5,1,0,0.097191826,0.60291463,2.8547783,281.7661,0.71527827,-0.48517883,12.83198
1895,snow__p1__s3,taboo,6,1,0,0.20757973,0.7392653,1.6117183,173.63637,0.71852255,-0.5087513,11.727076
1896,snow__p1__s3,taboo,7,1,0,0.040119387,0.17827113,0.52826715,190.90276,0.7325359,-0.49089468,12.796017
1897,snow__p1__s3,taboo,8,1,0,0.21001115,0.8957714,2.6345115,282.7349,0.7236581,-0.4847987,12.21333
1898,snow__p1__s3,taboo,9,1,0,1.2809509,0.94901514,1.7771765,315.7596,0.7099369,-0.42218527,13.562608
1899,snow__p1__s3,taboo,10,1,0,0.6044103,1.4320079,2.800147,195.79286,0.691474,-0.44631028,13.028857
1900,snow__p1__s3,taboo,11,1,0,0.031668402,0.2538244,1.72181,261.5625,0.646856,-0.43306854,14.191634
1901,snow__p1__s3,taboo,12,1,0,0.13850944,0.784418,3.222246,208.47289,0.6241944,-0.47549608,12.777303
1902,snow__p1__s3,taboo,13,1,0,2.4021344,2.3914275,2.3456197,530.8768,0.6309587,-0.4796444,12.034739
1903,snow__p1__s3,taboo,14,1,0,1.7008016,2.6256125,5.3264694,483.64325,0.6209878,-0.46465558,12.416285
1904,snow__p1__s3,taboo,15,1,0,2.689581,3.4855125,3.7880583,354.98273,0.6341336,-0.5127076,11.978552
1905,snow__p1__s3,taboo,16,1,0,0.028692221,0.18872795,0.99404436,251.13548,0.60575855,-0.4910456,12.376524
1906,snow__p1__s3,taboo,17,1,0,0.025415028,0.18434562,1.104502,279.02087,0.5897194,-0.45453167,13.952457
1907,snow__p1__s3,taboo,18,1,0,0.94064134,2.2194605,3.4791913,206.68312,0.5922745,-0.46230593,13.661463
1908,snow__p1__s3,taboo,19,1,0,0.20904256,1.1121757,4.3848977,190.07445,0.57838404,-0.45258987,13.938127
1909,snow__p1__s3,taboo,20,1,0,0.40504262,1.5918576,3.7478065,255.39902,0.5767819,-0.4594399,13.917867
1910,snow__p1__s3,taboo,21,1,0,0.29528305,0.9296528,1.9079858,146.14346,0.5294284,-0.4246294,16.07225
1911,snow__p1__s3,taboo,22,1,0,1.1418098,2.3813298,2.31334,426.2603,0.5842776,-0.4186273,14.515236
1912,snow__p1__s3,taboo,23,1,0,0.4758462,1.2354574,2.727583,366.69626,0.6047213,-0.48179775,12.362496
1913,snow__p1__s3,taboo,24,1,0,0.000057457226,0.0007613912,0.008843426,275.61862,0.5808459,-0.4143573,14.001319
1914,snow__p1__s3,taboo,25,1,0,0.09853243,0.42861357,1.5040163,246.25345,0.57484484,-0.44637495,14.060263
1915,snow__p1__s3,taboo,26,1,0,0.42460257,1.0951457,1.3792773,224.23055,0.55556417,-0.4517112,14.726626
1916,snow__p1__s3,taboo,27,1,0,0.20291565,0.8678416,2.5371563,275.78244,0.5832332,-0.46032423,13.357941
1917,snow__p1__s3,taboo,28,1,0,0.030134285,0.1916614,1.0136323,116.851654,0.5594133,-0.44875413,14.615948
1918,snow__p1__s3,taboo,29,1,0,0.112481624,0.63904625,2.8447325,239.54924,0.5835236,-0.4470268,14.18459
1919,snow__p1__s4,taboo,0,1,0,0.9310873,3.0198193,7.2063537,439.47592,0.92900693,-0.48278493,10.51351
1920,snow__p1__s4,taboo,1,1,0,2.2454865,2.3231738,2.4255033,327.13043,0.8598484,-0.5428451,10.283608
1921,snow__p1__s4,taboo,2,1,0,0.5323615,1.2351452,1.6650403,244.90306,0.789226,-0.5305714,10.873865
1922,snow__p1__s4,taboo,3,1,0,0.5924366,1.5182525,1.9656861,308.14374,0.7616746,-0.52541065,11.596251
1923,snow__p1__s4,taboo,4,1,0,0.64459324,1.3078201,2.6663547,305.51596,0.7455467,-0.53650355,11.429143
1924,snow__p1__s4,taboo,5,1,0,0.050184008,0.23309705,0.7942993,286.34085,0.7426435,-0.4600376,13.00097
1925,snow__p1__s4,taboo,6,1,0,1.0316855,3.198401,5.3019953,304.0444,0.7204237,-0.50340414,10.948785
1926,snow__p1__s4,taboo,7,1,0,0.33004248,1.138456,2.7701032,224.39117,0.68097156,-0.47635698,12.613202
1927,snow__p1__s4,taboo,8,1,0,0.0049957214,0.045197133,0.34709686,297.41147,0.672418,-0.454763,13.434316
1928,snow__p1__s4,taboo,9,1,0,0.11229465,0.6550029,2.8427114,350.58163,0.6838091,-0.42738977,14.150963
1929,snow__p1__s4,taboo,10,1,0,1.2236753,1.0783108,1.8738799,382.60587,0.7010954,-0.40560707,13.724428
1930,snow__p1__s4,taboo,11,1,0,0.70764273,1.2742363,2.2396045,241.45059,0.66727227,-0.4243559,13.594981
1931,snow__p1__s4,taboo,12,1,0,0.08538429,0.6034696,3.4225988,220.7758,0.626099,-0.41015813,14.949059
1932,snow__p1__s4,taboo,13,1,0,0.20996216,0.92536217,2.903011,230.14842,0.5999672,-0.4426636,13.294229
1933,snow__p1__s4,taboo,14,1,0,0.5479668,1.4632884,2.592445,370.76193,0.5935189,-0.43119317,13.583166
1934,snow__p1__s4,taboo,15,1,0,0.0138888545,0.09781523,0.56556004,207.36038,0.61351776,-0.43414962,12.996656
1935,snow__p1__s4,taboo,16,1,0,0.070912376,0.44084102,2.2115018,264.6575,0.6128218,-0.44458234,13.7397175
1936,snow__p1__s4,taboo,17,1,0,0.055183552,0.29474485,1.1793237,166.52791,0.60220045,-0.4601058,13.18198
1937,snow__p1__s4,taboo,18,1,0,0.049176738,0.19610423,0.44498938,202.40361,0.57419807,-0.44567055,14.1945915
1938,snow__p1__s4,taboo,19,1,0,0.46123916,1.6497207,3.727147,251.41867,0.5799119,-0.47223073,13.289133
1939,snow__p1__s4,taboo,20,1,0,0.0023058273,0.019602805,0.14022785,330.71594,0.54066366,-0.4290773,15.095123
1940,snow__p1__s4,taboo,21,1,0,1.9710321,2.4709473,1.8519258,429.27698,0.5968741,-0.41352683,14.105951
1941,snow__p1__s4,taboo,22,1,0,0.27047735,1.2223895,3.6731873,431.0343,0.60630625,-0.46498644,12.144735
1942,snow__p1__s4,taboo,23,1,0,0.00057633,0.006000679,0.052722506,281.40585,0.5898831,-0.39173988,14.240925
1943,snow__p1__s4,taboo,24,1,0,0.15345569,0.63700575,2.1800785,250.5698,0.5839285,-0.43001726,14.390543
1944,snow__p1__s4,taboo,25,1,0,0.81247693,1.2975681,0.9021995,162.73264,0.5997983,-0.49643397,12.345058
1945,snow__p1__s4,taboo,26,1,0,0.027879871,0.13562131,0.45547807,229.38295,0.59800375,-0.49681988,13.040129
1946,snow__p1__s4,taboo,27,1,0,0.01448767,0.09311938,0.43460447,256.27536,0.5795376,-0.4841784,13.297653
1947,snow__p1__s4,taboo,28,1,0,0.0018641253,0.015338422,0.1037924,227.9891,0.57529616,-0.45421857,14.457545
1948,snow__p1__s4,taboo,29,1,0,0.8598648,1.5784626,1.5344851,297.21695,0.5931629,-0.4391998,13.489712
1949,snow__p1__s5,taboo,0,1,0,1.0957499,3.326712,7.626713,444.7353,0.9276099,-0.4816037,10.551454
1950,snow__p1__s5,taboo,1,1,0,1.2798042,2.2938094,2.3089685,277.82474,0.8701554,-0.531881,10.42845
1951,snow__p1__s5,taboo,2,1,0,0.15865529,0.7264518,2.9107337,347.24567,0.8455781,-0.54648674,10.533139
1952,snow__p1__s5,taboo,3,1,0,0.10265775,0.552094,2.202395,259.85962,0.7799401,-0.45402145,12.529045
1953,snow__p1__s5,taboo,4,1,0,0.107427806,0.37748235,0.89969844,132.13687,0.7683909,-0.48660517,11.173992
1954,snow__p1__s5,taboo,5,1,0,0.05789755,0.38561445,1.9782944,280.73337,0.7155312,-0.48569947,12.816356
1955,snow__p1__s5,taboo,6,1,0,0.20408219,0.7250712,1.5772024,173.76605,0.719389,-0.50942636,11.695144
1956,snow__p1__s5,taboo,7,1,0,0.031865876,0.15162109,0.49998477,200.24168,0.7315396,-0.49091405,12.793712
1957,snow__p1__s5,taboo,8,1,0,0.1990288,0.8625973,2.6063337,280.76926,0.7232025,-0.48539886,12.204399
1958,snow__p1__s5,taboo,9,1,0,1.1945868,0.9672488,1.7088058,312.7311,0.71013975,-0.4230281,13.541018
1959,snow__p1__s5,taboo,10,1,0,0.64010626,1.3986645,2.6114109,197.37402,0.6921315,-0.44637325,13.018028
1960,snow__p1__s5,taboo,11,1,0,0.03470185,0.2759486,1.853823,258.99048,0.64779514,-0.4334063,14.20304
1961,snow__p1__s5,taboo,12,1,0,0.13595659,0.7731845,3.1928468,204.86377,0.6240643,-0.4755582,12.813254
1962,snow__p1__s5,taboo,13,1,0,1.2052529,2.384055,2.3827975,414.1806,0.6359677,-0.43859255,13.82766
1963,snow__p1__s5,taboo,14,1,0,0.13281646,0.7182088,2.807723,417.9544,0.6462207,-0.49462476,11.671391
1964,snow__p1__s5,taboo,15,1,0,0.00035887476,0.0039747497,0.0373906,276.94846,0.6198641,-0.4230062,13.50986
1965,snow__p1__s5,taboo,16,1,0,0.18770675,0.82581854,3.0348868,267.92224,0.6066006,-0.45757335,13.485512
1966,snow__p1__s5,taboo,17,1,0,1.0611799,1.2857006,0.7116914,162.24654,0.6378703,-0.5291006,11.420193
1967,snow__p1__s5,taboo,18,1,0,0.0042963587,0.031284586,0.18151425,224.77173,0.6242273,-0.52195114,12.444266
1968,snow__p1__s5,taboo,19,1,0,0.012635767,0.081897244,0.38815254,243.93454,0.6106041,-0.5099172,12.605535
1969,snow__p1__s5,taboo,20,1,0,0.00072262395,0.006611991,0.049899407,220.81181,0.5985195,-0.47789982,13.671841
1970,snow__p1__s5,taboo,21,1,0,0.5948508,1.441535,1.796263,290.79663,0.6112472,-0.48584324,12.486297
1971,snow__p1__s5,taboo,22,1,0,0.024479153,0.12235406,0.43276826,115.54123,0.57989395,-0.45612755,14.114754
1972,snow__p1__s5,taboo,23,1,0,0.009547407,0.07788619,0.5143831,242.43646,0.5910364,-0.4472059,14.033582
1973,snow__p1__s5,taboo,24,1,0,0.9371357,1.1437082,1.6337947,315.46024,0.59875417,-0.47842482,13.694258
1974,snow__p1__s5,taboo,25,1,0,0.93091995,1.4423991,1.3873284,244.20741,0.57940155,-0.44294938,13.739306
1975,snow__p1__s5,taboo,26,1,0,0.49327517,0.938839,1.0060312,300.3538,0.552114,-0.4229123,15.733503
1976,snow__p1__s5,taboo,27,1,0,0.89694047,1.8536097,2.1739433,466.59778,0.57243174,-0.40987495,15.468217
1977,snow__p1__s5,taboo,28,1,0,0.6280743,1.4161263,2.0208654,443.4802,0.60547847,-0.5024501,12.098083
1978,snow__p1__s5,taboo,29,1,0,0.0038512598,0.033553414,0.24768318,215.42091,0.5951245,-0.49947697,12.859778
1979,snow__p1__s6,taboo,0,1,0,0.9395542,3.0668273,7.4486413,430.95825,0.9263015,-0.4826123,10.5385685
1980,snow__p1__s6,taboo,1,1,1,1.5161712,2.2551556,2.1836715,344.65704,0.8294484,-0.5204642,10.360943
1981,snow__p1__s6,taboo,2,1,1,2.6669512,4.0077558,6.9477043,248.35695,0.7613209,-0.4721641,11.691335
1982,snow__p1__s6,taboo,3,1,0,0.63824046,3.5458834,12.3109045,250.97098,0.73632944,-0.39806893,13.79057
1983,snow__p1__s6,taboo,4,1,0,1.8659164,3.5863857,6.452504,206.03098,0.7064886,-0.44140947,13.088752
1984,snow__p1__s6,taboo,5,1,0,1.7899855,4.617988,6.458533,261.6413,0.69926584,-0.42924157,12.427357
1985,snow__p1__s6,taboo,6,1,0,0.14659719,0.8382567,3.7322776,199.36757,0.682961,-0.43393937,11.669403
1986,snow__p1__s6,taboo,7,1,0,0.430876,2.0547988,6.867317,326.584,0.6528328,-0.44331628,12.592302
1987,snow__p1__s6,taboo,8,1,0,0.735845,1.7471955,2.6008596,152.36351,0.63747627,-0.44616368,12.727017
1988,snow__p1__s6,taboo,9,1,0,0.24017517,0.5935712,0.77944577,226.1885,0.64391243,-0.4352024,13.015074
1989,snow__p1__s6,taboo,10,1,0,0.539189,1.9783609,5.084443,310.65265,0.6471477,-0.4459854,12.919721
1990,snow__p1__s6,taboo,11,1,0,0.15980731,0.71975714,2.3711598,249.59122,0.5922568,-0.40523916,15.029575
1991,snow__p1__s6,taboo,12,1,0,3.0194108,3.2117674,2.6599472,338.1955,0.6515297,-0.4784447,12.137072
1992,snow__p1__s6,taboo,13,1,0,0.17989603,0.7499602,2.4541812,209.76031,0.6420272,-0.49608988,12.089997
1993,snow__p1__s6,taboo,14,1,0,0.13901426,0.5859617,2.0659366,357.21185,0.594004,-0.44915262,14.294295
1994,snow__p1__s6,taboo,15,1,0,1.1871114,2.4771495,2.4721198,424.63632,0.63563776,-0.4047919,14.174024
1995,snow__p1__s6,taboo,16,1,0,0.63955826,2.2508569,5.337029,407.30884,0.64275897,-0.48005217,11.338645
1996,snow__p1__s6,taboo,17,1,1,0.00025328767,0.0029931713,0.030890848,302.85324,0.60466176,-0.4009479,13.5945425
1997,snow__p1__s6,taboo,18,1,0,0.40896484,1.7201495,5.5411487,312.63147,0.5866884,-0.42935812,13.770953
1998,snow__p1__s6,taboo,19,1,0,1.8931177,1.5192008,2.9195445,153.47812,0.632843,-0.50999,11.253227
1999,snow__p1__s6,taboo,20,1,0,0.10048618,0.42325947,1.3282073,269.27487,0.6267377,-0.51529694,12.04575
2000,snow__p1__s6,taboo,21,1,0,0.077114604,0.3633392,1.1425754,269.71503,0.6069296,-0.50004244,12.49537
2001,snow__p1__s6,taboo,22,1,0,0.0009816834,0.009196173,0.074251205,284.928,0.60284346,-0.4675675,13.387982
2002,snow__p1__s6,taboo,23,1,0,1.4351804,2.3717012,3.1859117,214.35129,0.5935468,-0.46235716,13.293845
2003,snow__p1__s6,taboo,24,1,1,0.08018325,0.5315381,2.8292577,140.37761,0.5897917,-0.45005074,13.630151
2004,snow__p1__s6,taboo,25,1,0,0.74894017,2.2902877,3.650556,258.47482,0.5877238,-0.45600134,13.299333
2005,snow__p1__s6,taboo,26,1,0,0.65137905,1.3904663,1.9929041,179.58304,0.53798103,-0.4052268,16.088762
2006,snow__p1__s6,taboo,27,1,0,1.9624768,1.9871918,2.4688709,312.0835,0.53428674,-0.4431938,13.680477
2007,snow__p1__s6,taboo,28,1,0,0.007605525,0.059399292,0.37780908,263.5093,0.5499469,-0.45887163,14.0985565
2008,snow__p1__s6,taboo,29,1,0,0.5242654,1.6528656,3.0061793,138.26352,0.5600344,-0.4879227,13.884628
2009,snow__p1__s7,taboo,0,1,0,0.9310873,3.0198193,7.2063537,439.47592,0.92900693,-0.48278493,10.51351
2010,snow__p1__s7,taboo,1,1,0,1.2454865,2.3231738,2.4255033,276.51074,0.8694865,-0.53160477,10.450661
2011,snow__p1__s7,taboo,2,1,0,0.13139814,0.64650655,2.7639632,332.86322,0.8440894,-0.54646754,10.507618
2012,snow__p1__s7,taboo,3,1,0,0.043386262,0.2698302,1.2887194,250.38736,0.77897584,-0.45381904,12.5287485
2013,snow__p1__s7,taboo,4,1,0,0.10777978,0.3803125,0.91887796,129.61063,0.7692576,-0.48623985,11.209612
2014,snow__p1__s7,taboo,5,1,0,0.097191826,0.60291463,2.8547783,281.7661,0.71527827,-0.48517883,12.83198
2015,snow__p1__s7,taboo,6,1,0,0.20757973,0.7392653,1.6117183,173.63637,0.71852255,-0.5087513,11.727076
2016,snow__p1__s7,taboo,7,1,0,0.040119387,0.17827113,0.52826715,190.90276,0.7325359,-0.49089468,12.796017
2017,snow__p1__s7,taboo,8,1,0,0.21001115,0.8957714,2.6345115,282.7349,0.7236581,-0.4847987,12.21333
2018,snow__p1__s7,taboo,9,1,0,0.40595087,0.94901514,1.7771765,297.78076,0.6957999,-0.45770422,13.308208
2019,snow__p1__s7,taboo,10,1,0,0.061524596,0.3453039,1.7188479,189.93983,0.690787,-0.45117125,13.257441
2020,snow__p1__s7,taboo,11,1,0,0.06244493,0.44010362,2.6441379,286.33194,0.6597217,-0.47855705,13.285074
2021,snow__p1__s7,taboo,12,1,0,0.17346238,0.8357947,2.7445095,196.69003,0.623617,-0.4832502,12.718688
2022,snow__p1__s7,taboo,13,1,0,0.89919317,1.8022546,2.2497191,352.25134,0.60765266,-0.43260115,14.480806
2023,snow__p1__s7,taboo,14,1,0,0.060858525,0.3288079,1.2860444,231.09366,0.6115318,-0.4744318,12.4899025
2024,snow__p1__s7,taboo,15,1,0,0.7205972,1.7309204,1.9163355,212.97963,0.60869575,-0.46058697,13.48278
2025,snow__p1__s7,taboo,16,1,0,0.35680065,1.111759,2.2458706,280.95148,0.59693366,-0.44984293,13.70261
2026,snow__p1__s7,taboo,17,1,0,0.15645112,0.79770255,3.2254071,292.97357,0.62593025,-0.4557306,13.077796
2027,snow__p1__s7,taboo,18,1,0,0.35353288,1.4726876,4.6995077,350.09805,0.56049275,-0.4222499,15.099754
2028,snow__p1__s7,taboo,19,1,0,0.3512992,1.3947264,3.710527,208.29955,0.5389623,-0.40074924,15.468176
2029,snow__p1__s7,taboo,20,1,0,2.1912866,1.9966075,3.2381163,214.7552,0.5640386,-0.42990544,14.543018
2030,snow__p1__s7,taboo,21,1,0,0.45260423,1.5079097,2.8704424,134.28085,0.5225371,-0.3897262,16.41641
2031,snow__p1__s7,taboo,22,1,0,1.3455697,2.2821522,2.6711788,431.52133,0.5858239,-0.42159584,14.35503
2032,snow__p1__s7,taboo,23,1,0,0.20851219,0.9215515,2.8030882,365.40076,0.606001,-0.47993687,12.234137
2033,snow__p1__s7,taboo,24,1,1,0.00009762764,0.0012262964,0.013449905,250.70317,0.5821,-0.41021222,14.110995
2034,snow__p1__s7,taboo,25,1,0,0.062035177,0.29737344,1.1088464,245.3208,0.5726673,-0.44131368,14.039628
2035,snow__p1__s7,taboo,26,1,0,1.1218033,1.3152614,0.7154484,161.52135,0.605025,-0.5108632,12.100063
2036,snow__p1__s7,taboo,27,1,0,0.017111054,0.09256753,0.36026764,223.43805,0.59615856,-0.5054802,12.994745
2037,snow__p1__s7,taboo,28,1,0,0.025782092,0.15087476,0.6179229,250.23071,0.57354677,-0.48720327,13.362567
2038,snow__p1__s7,taboo,29,1,0,0.0023762344,0.018440558,0.11347572,237.59631,0.5651342,-0.46427575,14.510951
2039,snow__p2__s0,taboo,0,1,1,1.2475086,3.5405214,7.5418735,422.78564,0.928276,-0.47047603,11.650301
2040,snow__p2__s0,taboo,1,1,1,1.4225188,3.4482596,5.9502563,304.8085,0.82152826,-0.55744976,9.692213
2041,snow__p2__s0,taboo,2,1,1,2.1721873,4.2240944,7.539337,211.68152,0.7433765,-0.5198693,10.98277
2042,snow__p2__s0,taboo,3,1,1,1.5109951,4.668111,7.895951,145.86816,0.7146976,-0.4996381,11.869834
2043,snow__p2__s0,taboo,4,1,1,2.05596,4.9194508,6.925559,327.73642,0.68090975,-0.5170767,10.923226
2044,snow__p2__s0,taboo,5,1,1,0.3771925,1.4724667,3.9371853,296.6642,0.6659093,-0.46160114,12.219442
2045,snow__p2__s0,taboo,6,1,1,2.612113,5.103922,5.185714,273.07516,0.6638841,-0.49390295,9.780133
2046,snow__p2__s0,taboo,7,1,0,1.3613422,3.238884,5.6715775,238.2296,0.6083158,-0.4608369,11.799391
2047,snow__p2__s0,taboo,8,1,0,1.4034028,2.4419246,3.1186361,249.89629,0.6114429,-0.4659403,12.001935
2048,snow__p2__s0,taboo,9,1,1,0.14191811,0.96224934,5.081336,193.19437,0.59584254,-0.46484303,12.548828
2049,snow__p2__s0,taboo,10,1,1,0.53206044,2.501059,7.644395,226.42793,0.601071,-0.46739808,12.894391
2050,snow__p2__s0,taboo,11,1,1,1.4628155,4.197991,7.0494957,354.50336,0.6068585,-0.48889175,11.714811
2051,snow__p2__s0,taboo,12,1,0,0.56878954,1.750592,3.0962353,435.99673,0.60729414,-0.4022896,14.93615
2052,snow__p2__s0,taboo,13,1,1,0.912232,2.8856094,7.292907,449.0218,0.5617196,-0.42287534,13.55239
2053,snow__p2__s0,taboo,14,1,1,1.7745541,3.712404,5.325606,296.7077,0.60826313,-0.48994455,12.4643755
2054,snow__p2__s0,taboo,15,1,1,1.5447844,2.3333168,3.2482123,301.1345,0.60875875,-0.5061358,12.000374
2055,snow__p2__s0,taboo,16,1,1,1.2422915,1.506985,1.6561949,292.93015,0.553396,-0.4578611,13.187164
2056,snow__p2__s0,taboo,17,1,1,1.8270408,3.8853564,5.282305,323.72266,0.5519536,-0.46667928,13.238205
2057,snow__p2__s0,taboo,18,1,1,0.35324663,1.1649888,2.4579692,305.3099,0.52250737,-0.4151774,14.265882
2058,snow__p2__s0,taboo,19,1,0,0.63918537,2.1727285,4.903161,258.93948,0.501018,-0.42055902,13.102009
2059,snow__p2__s0,taboo,20,1,1,0.08499313,0.5550339,2.9094481,214.51688,0.50180155,-0.4207865,14.816613
2060,snow__p2__s0,taboo,21,1,0,0.30500725,1.2295985,3.25374,251.83452,0.49063495,-0.41340145,14.989498
2061,snow__p2__s0,taboo,22,1,1,0.09214061,0.6341462,3.3974829,237.9589,0.50138897,-0.43144727,15.419704
2062,snow__p2__s0,taboo,23,1,1,0.8272619,2.6219134,5.1430106,226.44026,0.5139037,-0.4392338,15.107633
2063,snow__p2__s0,taboo,24,1,1,1.3603207,3.5076578,6.3588867,244.49524,0.5067391,-0.43170124,14.63977
2064,snow__p2__s0,taboo,25,1,0,0.6841181,1.6516757,3.2408798,432.84018,0.5293684,-0.3607098,16.767153
2065,snow__p2__s1,taboo,0,1,1,1.1576649,3.4586148,7.61162,421.72552,0.9275418,-0.47189856,11.632628
2066,snow__p2__s1,taboo,1,1,1,1.4045466,3.425754,5.830243,298.12405,0.81929046,-0.5569855,9.673161
2067,snow__p2__s1,taboo,2,1,1,2.1810098,4.3871355,7.5727944,213.88676,0.745697,-0.5198355,11.021638
2068,snow__p2__s1,taboo,3,1,1,2.8040543,4.7056026,7.60126,276.25372,0.7059246,-0.53885126,10.819704
2069,snow__p2__s1,taboo,4,1,1,1.6759233,1.8530588,4.818728,301.87958,0.65306187,-0.47681874,12.5227995
2070,snow__p2__s1,taboo,5,1,1,3.4152277,5.4871774,5.243876,251.1418,0.64844304,-0.52292365,10.977236
2071,snow__p2__s1,taboo,6,1,1,1.2275289,2.4184432,4.002721,351.856,0.7052446,-0.5984357,10.434398
2072,snow__p2__s1,taboo,7,1,1,0.00001180165,0.00019431699,0.0028357853,426.924,0.6241757,-0.4915488,13.60909
2073,snow__p2__s1,taboo,8,1,1,0.23039535,1.0797722,3.502976,300.01834,0.64487195,-0.45964754,13.510511
2074,snow__p2__s1,taboo,9,1,0,1.6387467,4.1120067,5.785158,252.28119,0.6301249,-0.49330306,10.966169
2075,snow__p2__s1,taboo,10,1,1,0.6956794,1.614464,3.436102,212.38599,0.60497135,-0.47486562,12.8179455
2076,snow__p2__s1,taboo,11,1,1,2.0137887,2.8667946,4.121024,257.62314,0.72534287,-0.5121172,11.863136
2077,snow__p2__s1,taboo,12,1,1,0.97428304,0.66584486,0.098947115,271.4511,0.6066932,-0.48730046,11.295031
2078,snow__p2__s1,taboo,13,1,1,2.3246596,4.3924656,3.993484,282.8595,0.6001504,-0.50803244,11.935663
2079,snow__p2__s1,taboo,14,1,0,0.6399254,2.1209924,4.1833487,228.48972,0.5968963,-0.5142256,12.071668
2080,snow__p2__s1,taboo,15,1,0,1.5066758,2.7531114,3.5766807,324.7227,0.57510674,-0.49277818,13.128301
2081,snow__p2__s1,taboo,16,1,0,0.9808514,1.9330872,2.3902612,451.4905,0.5804949,-0.39611062,15.349416
2082,snow__p2__s2,taboo,0,1,1,1.2634429,3.5669448,7.547081,417.42007,0.9261352,-0.47082642,11.658811
2083,snow__p2__s2,taboo,1,1,1,1.0786667,3.1840062,6.489703,312.21994,0.82043386,-0.557027,9.678402
2084,snow__p2__s2,taboo,2,1,1,2.1475356,4.4951735,7.674501,249.52292,0.76203865,-0.5287573,10.985341
2085,snow__p2__s2,taboo,3,1,1,3.009854,4.1963205,5.9920425,270.54138,0.7370089,-0.54570836,10.647302
2086,snow__p2__s2,taboo,4,1,1,1.5220113,2.7581291,6.419835,301.50595,0.69178593,-0.5227189,11.1980715
2087,snow__p2__s2,taboo,5,1,1,3.6829581,4.4433994,4.373598,306.5058,0.68522775,-0.5285691,10.963083
2088,snow__p2__s2,taboo,6,1,1,3.4319127,3.9465232,7.6614456,496.2815,0.72738606,-0.533532,11.232546
2089,snow__p2__s2,taboo,7,1,1,2.2980676,5.551201,6.6628766,349.72488,0.7236677,-0.56449187,10.3595495
2090,snow__p2__s2,taboo,8,1,1,1.2601361,2.1254263,4.0124574,225.44312,0.6860962,-0.5606377,9.817005
2091,snow__p2__s2,taboo,9,1,1,1.1848634,2.3483806,2.7022243,321.3537,0.56828547,-0.42659554,13.682755
2092,snow__p2__s2,taboo,10,1,1,0.52938616,1.8782184,5.619644,212.86407,0.5833337,-0.42226323,13.736978
2093,snow__p2__s2,taboo,11,1,1,0.517739,2.3071713,7.182412,300.27612,0.5788168,-0.44499916,13.053884
2094,snow__p2__s2,taboo,12,1,1,1.4698875,3.628362,4.803646,286.19876,0.58661866,-0.46510947,11.922377
2095,snow__p2__s2,taboo,13,1,1,2.2390523,4.007643,5.186954,282.1311,0.64507556,-0.5099484,11.468847
2096,snow__p2__s2,taboo,14,1,1,0.06707128,0.33805165,1.4213411,257.61398,0.5961577,-0.4640246,13.179994
2097,snow__p2__s2,taboo,15,1,1,2.5416021,4.1593695,5.707658,252.96545,0.6811367,-0.5644152,10.63361
2098,snow__p2__s2,taboo,16,1,1,0.009104285,0.05408079,0.23195355,261.71002,0.61914855,-0.5064727,13.125245
2099,snow__p2__s2,taboo,17,1,1,1.472854,3.086299,4.642912,376.36264,0.68844473,-0.60290587,10.411597
2100,snow__p2__s2,taboo,18,1,1,0.000003933899,0.000060965576,0.0008337647,438.60876,0.5649813,-0.46141818,14.921834
2101,snow__p2__s2,taboo,19,1,1,1.4183398,2.543263,3.3680823,298.8537,0.5455092,-0.44982702,14.494125
2102,snow__p2__s2,taboo,20,1,1,3.5991611,5.137961,5.2830734,296.12057,0.57811534,-0.48862493,13.397217
2103,snow__p2__s2,taboo,21,1,1,1.7726219,2.0892358,2.2048426,170.77592,0.540797,-0.4408671,15.353333
2104,snow__p2__s2,taboo,22,1,1,1.0144489,2.032689,2.6223032,445.0247,0.6313726,-0.3750026,15.260639
2105,snow__p2__s3,taboo,0,1,1,1.2634429,3.5669448,7.547081,417.42007,0.9261352,-0.47082642,11.658811
2106,snow__p2__s3,taboo,1,1,1,1.0786667,3.1840062,6.489703,312.21994,0.82043386,-0.557027,9.678402
2107,snow__p2__s3,taboo,2,1,1,2.1475356,4.4951735,7.674501,249.52292,0.76203865,-0.5287573,10.985341
2108,snow__p2__s3,taboo,3,1,1,3.009854,4.1963205,5.9920425,189.29121,0.72131985,-0.5336927,11.1143265
2109,snow__p2__s3,taboo,4,1,1,1.5463059,2.6907878,2.908867,235.9819,0.7044468,-0.5556882,10.780144
2110,snow__p2__s3,taboo,5,1,1,1.2411599,1.8555791,2.6761377,277.27167,0.69135123,-0.54945225,11.403819
2111,snow__p2__s3,taboo,6,1,1,0.3795291,1.7126582,5.7351947,163.66173,0.6703712,-0.52887934,11.786802
2112,snow__p2__s3,taboo,7,1,1,0.3777748,1.5143521,4.43085,336.73807,0.631885,-0.48182458,13.605748
2113,snow__p2__s3,taboo,8,1,1,0.27200156,1.0989984,2.95524,300.60056,0.6339794,-0.45025045,13.101122
2114,snow__p2__s3,taboo,9,1,1,2.2843318,3.6042264,5.4360294,249.71442,0.6074923,-0.45197597,11.9756365
2115,snow__p2__s3,taboo,10,1,1,0.70237064,2.6313648,6.40468,280.6394,0.5952725,-0.4625274,12.657555
2116,snow__p2__s3,taboo,11,1,1,2.2510567,3.739707,3.9838867,262.5728,0.5969505,-0.46907997,11.743632
2117,snow__p2__s3,taboo,12,1,1,2.8623602,4.2378397,4.5112844,173.52985,0.6151054,-0.49372947,11.678316
2118,snow__p2__s3,taboo,13,1,1,1.3591686,2.9533398,4.5987678,339.71484,0.59952104,-0.49408036,12.347724
2119,snow__p2__s3,taboo,14,1,1,1.1641299,2.5167255,2.4137955,231.77763,0.56932896,-0.4749675,12.023824
2120,snow__p2__s3,taboo,15,1,1,1.791265,2.0901966,2.5515747,279.9971,0.56599253,-0.4640637,12.430982
2121,snow__p2__s3,taboo,16,1,1,0.40334922,1.6778424,4.166217,152.57918,0.57347447,-0.48591694,12.91662
2122,snow__p2__s3,taboo,17,1,1,0.46931928,1.4545975,2.7584765,279.4748,0.57728827,-0.4972657,12.781389
2123,snow__p2__s3,taboo,18,1,1,2.644608,1.8466914,1.9607127,252.03885,0.5934797,-0.504584,12.380577
2124,snow__p2__s3,taboo,19,1,1,1.224737,2.6532629,4.6208906,115.39095,0.59441966,-0.5169219,12.175064
2125,snow__p2__s3,taboo,20,1,0,2.3592212,2.2397652,2.4823203,270.4933,0.58507526,-0.51276624,12.400951
2126,snow__p2__s3,taboo,21,1,1,0.7348967,1.5603163,2.7393959,242.57072,0.5280628,-0.45268095,14.593487
2127,snow__p2__s3,taboo,22,1,1,0.34253407,1.5011654,4.354973,419.05832,0.60125935,-0.38402024,14.970459
2128,snow__p2__s4,taboo,0,1,1,1.2267449,3.5418556,7.3974686,423.2948,0.9265108,-0.4710226,11.673154
2129,snow__p2__s4,taboo,1,1,0,1.9699711,3.2827277,6.102809,337.25226,0.87971705,-0.514384,10.982627
2130,snow__p2__s4,taboo,2,1,0,0.14102185,0.82266784,3.8596683,345.48474,0.8523403,-0.54966944,10.410849
2131,snow__p2__s4,taboo,3,1,0,0.024061918,0.16220602,0.8726115,259.09842,0.78617495,-0.45377487,12.627931
2132,snow__p2__s4,taboo,4,1,0,0.08461782,0.3725728,1.3920254,242.74352,0.78155,-0.49261227,10.712244
2133,snow__p2__s4,taboo,5,1,0,0.32198018,1.4598806,4.503744,360.40347,0.7182929,-0.47711504,12.874577
2134,snow__p2__s4,taboo,6,1,0,0.28352687,0.9404435,1.7983027,175.32176,0.71782875,-0.48265746,12.700052
2135,snow__p2__s4,taboo,7,1,0,0.032781716,0.17870851,0.73875904,191.77919,0.7317668,-0.47231245,13.219835
2136,snow__p2__s4,taboo,8,1,0,0.24192895,0.9834847,2.840489,294.13943,0.7273951,-0.47167164,12.632524
2137,snow__p2__s4,taboo,9,1,0,0.5458398,0.8331078,0.89684975,309.16113,0.6978832,-0.45278612,13.749604
2138,snow__p2__s4,taboo,10,1,0,0.09452984,0.46977174,1.8521059,196.66753,0.69127613,-0.4425715,13.617843
2139,snow__p2__s4,taboo,11,1,0,0.15475139,0.8767864,3.9877234,263.10925,0.6644217,-0.47209933,13.808817
2140,snow__p2__s4,taboo,12,1,0,0.24648158,0.99360085,2.6050348,197.26297,0.63556254,-0.4764126,12.864428
2141,snow__p2__s4,taboo,13,1,0,2.7735736,1.8103123,2.2836304,520.7342,0.6398319,-0.4727828,12.226249
2142,snow__p2__s4,taboo,14,1,0,1.4946059,2.7937052,5.0779963,451.8749,0.6231632,-0.45441657,13.010977
2143,snow__p2__s4,taboo,15,1,0,2.6370492,3.6569893,4.297133,370.27222,0.64211386,-0.5071612,12.16336
2144,snow__p2__s4,taboo,16,1,0,0.02480807,0.17205298,0.9408088,268.55588,0.61595434,-0.48462018,12.593958
2145,snow__p2__s4,taboo,17,1,0,0.019992623,0.1570569,1.0403336,277.19086,0.6006216,-0.4470865,14.302469
2146,snow__p2__s4,taboo,18,1,0,1.1989307,1.9762688,3.6800873,219.21338,0.6078357,-0.4527336,14.003596
2147,snow__p2__s4,taboo,19,1,0,0.19682814,1.015154,4.0059533,194.66927,0.5936485,-0.44480085,14.189722
2148,snow__p2__s4,taboo,20,1,0,0.44270188,1.7157555,3.9424036,242.06711,0.5943823,-0.4538484,14.158391
2149,snow__p2__s4,taboo,21,1,0,0.21572061,0.8582857,2.237666,158.97517,0.5428538,-0.4194478,16.212645
2150,snow__p2__s4,taboo,22,1,0,0.8696728,2.1259286,2.4318733,417.4439,0.5989434,-0.40461093,14.877522
2151,snow__p2__s4,taboo,23,1,0,0.47503626,1.262036,2.93869,366.937,0.6231268,-0.47886747,12.706713
2152,snow__p2__s4,taboo,24,1,0,0.00014613991,0.0017827835,0.018892676,284.3016,0.6027223,-0.411904,14.249308
2153,snow__p2__s4,taboo,25,1,0,0.1215948,0.54468864,2.040158,242.19066,0.5862294,-0.43836835,14.450296
2154,snow__p2__s4,taboo,26,1,0,0.40621743,1.1318033,1.6894981,239.44981,0.5758742,-0.45120826,14.807409
2155,snow__p2__s4,taboo,27,1,0,0.27866763,1.0940614,2.8743472,286.73965,0.596217,-0.45880967,13.159569
2156,snow__p2__s4,taboo,28,1,0,0.026593246,0.17403871,0.9527097,117.611244,0.57941204,-0.4393877,14.88809
2157,snow__p2__s4,taboo,29,1,0,0.069288194,0.43567377,2.1348302,243.03711,0.6065375,-0.4387142,14.496078
2158,snow__p2__s5,taboo,0,1,0,1.917849,3.506467,7.479856,389.6588,0.9157218,-0.43767792,12.926424
2159,snow__p2__s5,taboo,1,1,0,1.8000203,1.2990255,1.9204975,240.89061,0.8356709,-0.4155803,12.720671
2160,snow__p2__s5,taboo,2,1,0,2.0002174,2.4211807,3.689658,426.97037,0.78485066,-0.44234574,12.682176
2161,snow__p2__s5,taboo,3,1,0,0.45123333,1.2936952,2.7342958,215.73637,0.74566066,-0.41988713,14.018502
2162,snow__p2__s5,taboo,4,1,0,2.776753,2.8887236,2.8926272,273.451,0.74701077,-0.44394058,12.584924
2163,snow__p2__s5,taboo,5,1,0,1.0507936,1.209508,1.2912648,383.9323,0.7224401,-0.42960647,13.55842
2164,snow__p2__s5,taboo,6,1,0,0.31584516,0.9432447,2.466207,243.2171,0.7075293,-0.43259954,13.627771
2165,snow__p2__s5,taboo,7,1,0,0.34537572,1.7812965,6.244317,213.24146,0.68118393,-0.43560207,14.605074
2166,snow__p2__s5,taboo,8,1,0,1.0536915,2.5424418,3.0244126,163.58487,0.6598553,-0.43771225,13.2903805
2167,snow__p2__s5,taboo,9,1,0,2.5250306,2.7122226,2.4627361,348.50583,0.6419536,-0.4634165,12.764938
2168,snow__p2__s5,taboo,10,1,0,0.30873808,1.1698837,2.8841398,315.4171,0.6416362,-0.46845663,12.677181
2169,snow__p2__s5,taboo,11,1,0,0.7943692,2.4329429,4.2661667,180.50142,0.6496202,-0.5215396,11.575738
2170,snow__p2__s5,taboo,12,1,0,0.021463146,0.123048835,0.56263053,333.61987,0.6026628,-0.44863948,14.163767
2171,snow__p2__s5,taboo,13,1,0,0.9127657,2.0517812,2.3514588,390.04214,0.6351204,-0.40838286,14.61786
2172,snow__p2__s5,taboo,14,1,0,2.0133395,2.0107644,2.9899514,395.6582,0.6492824,-0.48399717,11.695443
2173,snow__p2__s5,taboo,15,1,0,0.00006246372,0.00082188635,0.00961764,257.4735,0.60948557,-0.41474727,13.316975
2174,snow__p2__s5,taboo,16,1,0,0.50441384,1.8952003,4.148176,286.26923,0.61169505,-0.44814944,13.616521
2175,snow__p2__s5,taboo,17,1,0,1.021246,2.2970433,3.1013098,196.98804,0.5872891,-0.43624097,14.236048
2176,snow__p2__s5,taboo,18,1,0,0.23919165,0.83573055,2.0038533,205.4044,0.58516103,-0.43543935,14.225133
2177,snow__p2__s5,taboo,19,1,0,1.5501441,3.0962765,3.7368536,303.05426,0.59455746,-0.4401389,13.748679
2178,snow__p2__s5,taboo,20,1,0,0.2585853,1.1804831,4.0642757,266.6571,0.5395368,-0.4101067,15.09376
2179,snow__p2__s5,taboo,21,1,0,1.3297374,2.6311011,3.0298002,292.1574,0.56566036,-0.43458533,14.737964
2180,snow__p2__s5,taboo,22,1,0,0.11345002,0.5938238,2.4080918,291.96405,0.5276461,-0.4069216,15.487291
2181,snow__p2__s5,taboo,23,1,0,3.3736756,3.0806775,3.6928287,335.46585,0.5887562,-0.4567142,13.147801
2182,snow__p2__s5,taboo,24,1,0,1.2474227,1.6035435,2.2891088,227.49806,0.6047155,-0.50019765,12.630241
2183,snow__p2__s5,taboo,25,1,0,0.11245126,0.53358376,1.8861855,373.78,0.5337354,-0.43067682,14.877053
2184,snow__p2__s5,taboo,26,1,0,2.5472605,2.42414,2.508925,539.1482,0.559708,-0.437687,13.073173
2185,snow__p2__s5,taboo,27,1,0,0.9457791,2.9579804,6.627201,480.12534,0.56934685,-0.43291992,13.659143
2186,snow__p2__s5,taboo,28,1,0,2.6800072,3.8035805,4.299288,395.8268,0.59514815,-0.48610392,12.528883
2187,snow__p2__s5,taboo,29,1,0,0.010012874,0.07121857,0.41052392,256.15393,0.5787176,-0.46101508,13.166759
2188,snow__p2__s6,taboo,0,1,1,1.2267449,3.5418556,7.3974686,423.2948,0.9265108,-0.4710226,11.673154
2189,snow__p2__s6,taboo,1,1,1,1.2199711,3.2827277,6.102809,308.8109,0.8215889,-0.5564038,9.696326
2190,snow__p2__s6,taboo,2,1,1,2.1158972,4.5134864,7.8665524,253.23811,0.76324886,-0.5297753,10.961531
2191,snow__p2__s6,taboo,3,1,1,3.463431,4.650606,5.7077723,265.93665,0.72162044,-0.5028308,11.947189
2192,snow__p2__s6,taboo,4,1,1,1.3639926,3.5050697,8.5767765,315.68185,0.6765567,-0.50964135,11.321585
2193,snow__p2__s6,taboo,5,1,1,1.9779749,4.825625,4.417635,314.1339,0.69970226,-0.54061145,10.991042
2194,snow__p2__s6,taboo,6,1,1,2.1844518,2.5763242,3.2659922,299.03223,0.6859512,-0.5459518,11.352569
2195,snow__p2__s6,taboo,7,1,1,0.64553636,2.7195334,8.283306,172.13666,0.6743583,-0.5202848,11.969273
2196,snow__p2__s6,taboo,8,1,1,1.4996852,3.6210675,5.894285,355.5264,0.6436695,-0.49993265,11.877867
2197,snow__p2__s6,taboo,9,1,1,0.31265265,1.365142,3.7169268,319.1803,0.6182393,-0.44036674,13.401671
2198,snow__p2__s6,taboo,10,1,1,2.6757085,3.95111,6.55543,250.6935,0.60909826,-0.48740363,12.274326
2199,snow__p2__s6,taboo,11,1,1,2.8586645,2.3959146,4.5413556,297.99753,0.6146729,-0.5111983,11.580559
2200,snow__p2__s6,taboo,12,1,1,0.46073198,1.5784342,3.8820238,282.13312,0.56946397,-0.46353573,13.529056
2201,snow__p2__s6,taboo,13,1,1,1.3603292,3.361826,6.8477554,305.44806,0.56490296,-0.47200745,13.193469
2202,snow__p2__s6,taboo,14,1,1,1.7512311,2.1894615,2.6294498,177.31065,0.5604302,-0.45271516,13.828199
2203,snow__p2__s6,taboo,15,1,1,0.4472705,1.1828389,1.9929922,442.22632,0.6429002,-0.4057322,14.527684
2204,snow__p2__s7,taboo,0,1,0,1.8169878,3.502729,7.5557976,385.81293,0.9154368,-0.43807796,12.893999
2205,snow__p2__s7,taboo,1,1,1,0.97622216,1.2917421,2.030149,246.9109,0.8348375,-0.39658535,13.266025
2206,snow__p3__s0,taboo,0,1,0,0.64506537,2.0685844,4.2385798,468.25433,0.90394086,-0.526028,10.37631
2207,snow__p3__s0,taboo,1,1,1,0.23038787,1.1316049,4.465766,206.22606,0.83669907,-0.54381776,11.372784
2208,snow__p3__s0,taboo,2,1,1,0.971858,2.9201138,5.2302847,217.8207,0.7852535,-0.5634718,9.967172
2209,snow__p3__s0,taboo,3,1,1,1.4216335,4.0389686,6.109702,181.80092,0.77089685,-0.57067704,10.807442
2210,snow__p3__s0,taboo,4,1,1,1.3369911,3.1953957,6.063257,268.85144,0.74032146,-0.5608902,10.770869
2211,snow__p3__s0,taboo,5,1,1,0.0008011231,0.009336181,0.098420426,255.65121,0.7291066,-0.53693736,12.077189
2212,snow__p3__s0,taboo,6,1,1,1.7402672,4.3962703,7.231625,237.2947,0.7130024,-0.55673283,10.8958235
2213,snow__p3__s0,taboo,7,1,1,1.3415507,2.460638,3.294876,245.24352,0.6672643,-0.53752464,11.368986
2214,snow__p3__s0,taboo,8,1,1,1.1875615,1.3590933,1.2019504,325.51428,0.6044255,-0.47370276,12.804669
2215,snow__p3__s0,taboo,9,1,1,1.158215,3.1787477,7.694326,262.2939,0.62741596,-0.47986844,12.644331
2216,snow__p3__s0,taboo,10,1,1,1.3941911,3.2669349,3.8324456,265.31903,0.6366742,-0.50491595,12.286738
2217,snow__p3__s0,taboo,11,1,1,1.4133443,3.6116319,5.6454234,254.35219,0.6313675,-0.50382197,12.328578
2218,snow__p3__s0,taboo,12,1,1,0.27948773,0.9502627,2.0412297,238.53928,0.6283073,-0.50533354,12.28047
2219,snow__p3__s0,taboo,13,1,1,1.1796306,3.0293248,5.382813,262.17328,0.62379223,-0.514384,11.8668165
2220,snow__p3__s0,taboo,14,1,1,1.1012287,4.1891537,8.288382,163.93208,0.6172208,-0.50486493,12.039135
2221,snow__p3__s0,taboo,15,1,1,2.580381,5.169654,5.319049,186.56943,0.5982438,-0.4967935,12.232413
2222,snow__p3__s0,taboo,16,1,1,1.9060997,4.9734454,6.8671,168.32053,0.6067115,-0.51133317,12.630318
2223,snow__p3__s0,taboo,17,1,0,1.3067153,3.4506507,6.877026,299.61237,0.55834424,-0.4535624,14.05505
2224,snow__p3__s0,taboo,18,1,0,0.44089103,1.8125575,4.690519,425.21045,0.63888127,-0.412476,14.221169
2225,snow__p3__s1,taboo,0,1,0,0.5854426,1.969567,4.29012,472.60306,0.9030956,-0.52605134,10.382256
2226,snow__p3__s1,taboo,1,1,1,0.28283364,1.312574,4.797015,208.24817,0.8357657,-0.54365075,11.341034
2227,snow__p3__s1,taboo,2,1,1,1.9319692,2.8258152,5.178492,151.57149,0.7985558,-0.5857512,10.342258
2228,snow__p3__s1,taboo,3,1,1,1.7508698,3.658408,3.8174238,300.68436,0.76203674,-0.56878173,10.49898
2229,snow__p3__s1,taboo,4,1,1,1.8317561,3.760393,5.859962,322.01065,0.7444363,-0.6018884,9.919313
2230,snow__p3__s1,taboo,5,1,1,0.23152801,0.5418603,0.5018577,291.10864,0.6361763,-0.5155161,12.627725
2231,snow__p3__s1,taboo,6,1,1,0.2321879,1.0142848,2.8181396,285.44983,0.6552069,-0.55261743,11.4873085
2232,snow__p3__s1,taboo,7,1,1,0.15837602,0.77020293,2.5928397,218.53381,0.62114483,-0.5128244,12.929807
2233,snow__p3__s1,taboo,8,1,1,0.6614269,1.5902725,2.0602856,342.29657,0.57698137,-0.45974407,14.491959
2234,snow__p3__s1,taboo,9,1,1,1.9019284,3.9896097,6.285253,210.47725,0.65848625,-0.50523674,11.915498
2235,snow__p3__s1,taboo,10,1,1,1.1419137,3.6958025,8.379314,202.91638,0.6205353,-0.50077724,11.996672
2236,snow__p3__s1,taboo,11,1,1,1.8808734,4.5233097,6.2828135,265.922,0.63693345,-0.5094948,12.373068
2237,snow__p3__s1,taboo,12,1,1,1.5367033,1.5383899,1.4398167,273.81985,0.63439,-0.5148406,12.339136
2238,snow__p3__s1,taboo,13,1,1,2.672502,5.8752255,6.936911,170.83658,0.6247104,-0.5123719,12.334892
2239,snow__p3__s1,taboo,14,1,0,2.1465192,4.436575,7.258474,270.03336,0.6095415,-0.50695425,11.870417
2240,snow__p3__s1,taboo,15,1,1,0.009180004,0.06257073,0.36900514,269.33243,0.6024886,-0.50117826,12.678524
2241,snow__p3__s1,taboo,16,1,1,1.1258063,3.9975326,9.472268,156.32314,0.60401046,-0.49737787,12.989819
2242,snow__p3__s1,taboo,17,1,1,1.3760409,4.6533046,8.895975,145.07397,0.6057523,-0.50660014,12.361672
2243,snow__p3__s1,taboo,18,1,1,2.302074,5.7996945,6.1457443,185.90326,0.61981636,-0.5268103,12.442508
2244,snow__p3__s1,taboo,19,1,1,1.5250126,3.1013055,5.5114007,172.30789,0.58741736,-0.5136074,12.502501
2245,snow__p3__s1,taboo,20,1,1,1.0518086,2.3782024,5.017524,338.45105,0.53724456,-0.4516911,14.3483925
2246,snow__p3__s1,taboo,21,1,1,0.18264054,0.8455346,2.7947326,419.16736,0.6390995,-0.41383725,14.264104
2247,snow__p3__s2,taboo,0,1,0,0.5854426,1.969567,4.29012,472.60306,0.9030956,-0.52605134,10.382256
2248,snow__p3__s2,taboo,1,1,1,0.28283364,1.312574,4.797015,208.24817,0.8357657,-0.54365075,11.341034
2249,snow__p3__s2,taboo,2,1,1,0.93196917,2.8258152,5.178492,220.7323,0.7881399,-0.56349474,9.976633
2250,snow__p3__s2,taboo,3,1,1,2.0743685,4.123893,5.7320466,283.0854,0.75755966,-0.572265,10.361061
2251,snow__p3__s2,taboo,4,1,1,0.059326332,0.323558,1.4264032,270.39185,0.7230103,-0.540979,11.676174
2252,snow__p3__s2,taboo,5,1,1,2.6898608,3.6306336,5.1450243,243.20113,0.72183216,-0.554217,11.03317
2253,snow__p3__s2,taboo,6,1,1,3.47687,5.1640058,6.3674154,368.163,0.6830195,-0.55134165,10.858494
2254,snow__p3__s2,taboo,7,1,1,0.6201504,1.4496747,2.1715639,328.81268,0.60475427,-0.47934043,13.149445
2255,snow__p3__s2,taboo,8,1,1,2.1768432,3.6029046,8.229216,345.6903,0.62212366,-0.51387656,12.604734
2256,snow__p3__s2,taboo,9,1,1,2.5791163,2.1180787,2.796382,392.5572,0.5984275,-0.4878158,12.92226
2257,snow__p3__s2,taboo,10,1,1,0.10832398,0.7267544,3.95385,190.60573,0.620868,-0.49381,13.260681
2258,snow__p3__s2,taboo,11,1,1,2.8897069,4.4472227,4.406123,360.3907,0.6078418,-0.49307,12.821261
2259,snow__p3__s2,taboo,12,1,1,0.63679844,1.4787239,2.2545524,317.7251,0.5757378,-0.444737,13.264269
2260,snow__p3__s2,taboo,13,1,1,1.0395721,2.1867526,4.00871,216.10289,0.5781373,-0.4491227,13.001744
2261,snow__p3__s2,taboo,14,1,1,1.1247435,3.2929547,5.6722827,232.03064,0.6070233,-0.46830583,13.53679
2262,snow__p3__s2,taboo,15,1,1,1.1823889,2.5079126,4.12732,251.8827,0.5934048,-0.4725845,12.809061
2263,snow__p3__s2,taboo,16,1,1,2.5464106,3.1725836,4.433218,300.35748,0.6260147,-0.5172646,12.03898
2264,snow__p3__s2,taboo,17,1,1,0.09221247,0.4154602,1.4249575,279.47296,0.6138634,-0.51029515,12.86865
2265,snow__p3__s2,taboo,18,1,1,3.269481,4.8465137,6.3066554,211.61455,0.59624946,-0.5097169,12.368678
2266,snow__p3__s2,taboo,19,1,1,0.6430228,2.638682,7.126752,188.66759,0.6346856,-0.5386162,12.111452
2267,snow__p3__s2,taboo,20,1,1,0.13061355,0.72049826,3.1526754,294.97455,0.5672274,-0.4786858,13.985303
2268,snow__p3__s2,taboo,21,1,1,0.6161743,1.6490903,2.8168101,420.99518,0.61388904,-0.4003006,14.895547
2269,snow__p3__s3,taboo,0,1,1,2.2654202,2.050274,4.2004747,458.67252,0.9188153,-0.5484158,10.70002
2270,snow__p3__s3,taboo,1,1,1,1.450237,2.504653,4.127968,279.74643,0.85154676,-0.5593893,10.471578
2271,snow__p3__s3,taboo,2,1,1,1.0039493,2.8254976,4.9848566,194.78896,0.80132324,-0.5521409,11.045843
2272,snow__p3__s3,taboo,3,1,1,0.51368284,1.8721364,5.916904,245.13565,0.7726263,-0.5522043,11.63923
2273,snow__p3__s3,taboo,4,1,1,2.5111775,3.8742123,4.9220657,258.9782,0.75614756,-0.57766706,10.535858
2274,snow__p3__s3,taboo,5,1,1,2.8618002,4.14833,6.073465,402.48068,0.76919305,-0.6418487,9.295843
2275,snow__p3__s3,taboo,6,1,1,0.000008940657,0.00013394497,0.0018099155,433.89844,0.6775619,-0.5468561,11.962933
2276,snow__p3__s3,taboo,7,1,1,1.3942394,1.3834535,1.8560226,286.8346,0.6303325,-0.50397503,12.56197
2277,snow__p3__s3,taboo,8,1,1,2.38524,4.0953918,4.8886447,288.89667,0.62510043,-0.51529145,12.065612
2278,snow__p3__s3,taboo,9,1,1,0.23411383,1.0698271,3.3810327,269.41846,0.61264426,-0.4985825,12.475667
2279,snow__p3__s3,taboo,10,1,1,2.9884088,3.9976745,6.292695,192.69557,0.6363327,-0.5266379,12.169076
2280,snow__p3__s3,taboo,11,1,1,1.012001,2.8274999,5.8038225,322.33362,0.7065076,-0.6142323,10.090074
2281,snow__p3__s3,taboo,12,1,1,0.0019756102,0.014604457,0.0827537,392.62817,0.57279783,-0.46329263,14.813906
2282,snow__p3__s3,taboo,13,1,1,0.65876734,1.9485763,2.9430246,273.40308,0.59680647,-0.4451173,14.141777
2283,snow__p3__s3,taboo,14,1,1,1.0768108,2.7692866,5.778532,221.79869,0.60315365,-0.470421,12.500223
2284,snow__p3__s3,taboo,15,1,1,2.7559347,3.7722077,5.080014,225.48839,0.60052985,-0.48755267,11.775143
2285,snow__p3__s3,taboo,16,1,1,1.652288,3.773682,4.3465004,266.61102,0.6082508,-0.49896392,12.505012
2286,snow__p3__s3,taboo,17,1,1,2.5550199,3.3562043,7.3394046,287.86298,0.62933344,-0.52381957,11.726557
2287,snow__p3__s3,taboo,18,1,1,0.012625761,0.106784016,0.75910866,251.38344,0.59797335,-0.5027166,12.706463
2288,snow__p3__s3,taboo,19,1,1,2.7006965,4.8784294,4.096029,296.04135,0.61976844,-0.5324756,11.597372
2289,snow__p3__s3,taboo,20,1,1,2.977475,4.0129566,3.4788756,345.44992,0.6036605,-0.51711684,12.36003
2290,snow__p3__s3,taboo,21,1,1,0.14025117,0.6719612,2.306283,323.65714,0.5347932,-0.45390558,14.351604
2291,snow__p3__s3,taboo,22,1,1,0.5378475,2.2293699,6.799728,326.84592,0.65237224,-0.589095,10.506536
2292,snow__p3__s3,taboo,23,1,1,0.011071087,0.060827672,0.22446713,382.12918,0.5364134,-0.45578718,15.048831
2293,snow__p3__s3,taboo,24,1,1,0.5102856,1.796764,3.4182382,439.40778,0.638737,-0.40700904,14.592789
2294,snow__p3__s4,taboo,0,1,0,0.64506537,2.0685844,4.2385798,468.25433,0.90394086,-0.526028,10.37631
2295,snow__p3__s4,taboo,1,1,1,0.23038787,1.1316049,4.465766,206.22606,0.83669907,-0.54381776,11.372784
2296,snow__p3__s4,taboo,2,1,1,0.971858,2.9201138,5.2302847,217.8207,0.7852535,-0.5634718,9.967172
2297,snow__p3__s4,taboo,3,1,1,1.4216335,4.0389686,6.109702,181.80092,0.77089685,-0.57067704,10.807442
2298,snow__p3__s4,taboo,4,1,1,1.7119911,3.1953957,6.063257,260.81537,0.72629094,-0.5542898,10.975718
2299,snow__p3__s4,taboo,5,1,1,1.4937027,3.0855355,4.2695103,310.57663,0.71381235,-0.56846297,10.836769
2300,snow__p3__s4,taboo,6,1,1,0.001273536,0.013346015,0.12488788,293.79538,0.69827545,-0.5428497,11.995672
2301,snow__p3__s4,taboo,7,1,1,1.7640187,5.0734806,6.764423,213.00165,0.69924074,-0.5575342,11.065405
2302,snow__p3__s4,taboo,8,1,1,1.1672848,3.5173182,6.4926105,245.8023,0.64422625,-0.5281044,11.573609
2303,snow__p3__s4,taboo,9,1,1,0.89775324,1.7393482,2.6206558,273.95404,0.62604475,-0.5116905,12.047826
2304,snow__p3__s4,taboo,10,1,1,0.04756185,0.30257267,1.6002223,335.7767,0.6520352,-0.53857845,11.542342
2305,snow__p3__s4,taboo,11,1,1,0.49084336,0.8563283,0.5236255,336.06744,0.56783247,-0.4586783,13.905065
2306,snow__p3__s4,taboo,12,1,1,0.988279,2.7174158,5.648819,356.31284,0.6926838,-0.6040624,10.390483
2307,snow__p3__s4,taboo,13,1,1,0.00004577532,0.0005804965,0.006516012,238.54308,0.66884124,-0.58879805,11.5332
2308,snow__p3__s4,taboo,14,1,1,0.0000065564896,0.00010238195,0.0014258593,412.75598,0.5506222,-0.44006574,15.644752
2309,snow__p3__s4,taboo,15,1,1,0.36470416,0.9690424,1.6398036,297.7186,0.5993863,-0.4543629,13.811449
2310,snow__p3__s4,taboo,16,1,1,0.11419928,0.59110487,2.5927293,301.49234,0.58970994,-0.45519814,13.113509
2311,snow__p3__s4,taboo,17,1,1,1.782337,3.0012112,5.1282606,286.84918,0.6006336,-0.476162,13.18132
2312,snow__p3__s4,taboo,18,1,1,2.7207584,3.4483666,3.4023888,266.42834,0.6563345,-0.5591974,11.030039
2313,snow__p3__s4,taboo,19,1,1,0.025410263,0.15340072,0.7165265,128.07771,0.6014469,-0.5141118,12.864908
2314,snow__p3__s4,taboo,20,1,1,1.4744427,2.1533592,2.370625,194.84227,0.58926845,-0.5111782,12.541537
2315,snow__p3__s4,taboo,21,1,1,0.14722522,0.69444805,2.1976738,164.8861,0.57617253,-0.5005473,12.76594
2316,snow__p3__s4,taboo,22,1,1,0.049718384,0.26097345,0.9837434,292.20547,0.56755203,-0.49602297,13.154261
2317,snow__p3__s4,taboo,23,1,1,2.7505784,3.632813,3.5729856,284.50797,0.5885695,-0.5123397,12.283323
2318,snow__p3__s4,taboo,24,1,1,0.9483161,2.8540704,5.344088,265.72476,0.6115473,-0.5389019,11.438729
2319,snow__p3__s4,taboo,25,1,1,2.1380668,3.3842235,5.230429,355.18277,0.5705003,-0.49832267,13.437455
2320,snow__p3__s4,taboo,26,1,1,1.0671983,1.9539319,1.6256461,302.8624,0.54877347,-0.47318825,12.927985
2321,snow__p3__s4,taboo,27,1,1,0.14459014,0.59531474,1.679496,290.88196,0.554721,-0.47356954,14.455488
2322,snow__p3__s4,taboo,28,1,0,0.14899336,0.6656982,2.1400554,414.29312,0.63336027,-0.41041434,14.1232395
2323,snow__p3__s5,taboo,0,1,0,0.63871706,2.043855,4.166687,481.2441,0.90235025,-0.52555215,10.4015875
2324,snow__p3__s5,taboo,1,1,1,0.35277852,1.5706599,5.524804,209.7105,0.8362265,-0.5434073,11.361341
2325,snow__p3__s5,taboo,2,1,1,0.92886853,2.8076782,5.153622,217.01048,0.78530306,-0.5632889,9.975949
2326,snow__p3__s5,taboo,3,1,1,2.9763699,4.0055017,6.1075597,249.88074,0.75430465,-0.5547533,10.904533
2327,snow__p3__s5,taboo,4,1,1,1.9254689,4.158717,5.153962,196.37271,0.7442472,-0.5699548,10.639489
2328,snow__p3__s5,taboo,5,1,1,0.46503294,1.8786944,4.937507,340.90677,0.7149075,-0.5529304,11.075181
2329,snow__p3__s5,taboo,6,1,1,0.4771214,0.91350454,1.3040652,335.4401,0.69702476,-0.5323502,12.088643
2330,snow__p3__s5,taboo,7,1,1,1.8957512,4.416406,7.094634,143.8114,0.6853416,-0.54347533,11.506557
2331,snow__p3__s5,taboo,8,1,1,1.2561611,3.6963506,7.044857,196.38087,0.6967719,-0.5649385,11.23154
2332,snow__p3__s5,taboo,9,1,1,0.7397616,2.7422676,6.793932,271.0102,0.6329657,-0.5207121,12.092376
2333,snow__p3__s5,taboo,10,1,1,0.54109293,1.5865116,3.462575,328.62552,0.58644366,-0.4471416,13.446058
2334,snow__p3__s5,taboo,11,1,1,1.7483344,2.8129656,4.3582773,251.94592,0.6046518,-0.50146604,11.772347
2335,snow__p3__s5,taboo,12,1,1,0.19634043,1.1321169,5.1207566,308.50778,0.6368268,-0.53834146,11.215513
2336,snow__p3__s5,taboo,13,1,1,0.2990445,0.7728036,0.96519053,337.6171,0.54845846,-0.4658938,13.227886
2337,snow__p3__s5,taboo,14,1,1,1.018241,2.1079674,4.7058764,336.88635,0.67994064,-0.6014841,10.272938
2338,snow__p3__s5,taboo,15,1,1,0.00004088795,0.0005224343,0.005910443,243.54445,0.66158885,-0.59084475,11.39907
2339,snow__p3__s5,taboo,16,1,1,0.00000381469,0.00006291461,0.0009046303,396.56696,0.5440109,-0.44757667,15.425009
2340,snow__p3__s5,taboo,17,1,1,0.98229086,1.0777023,1.3780578,434.07303,0.64059967,-0.4237481,14.305665
2341,snow__p3__s6,taboo,0,1,0,0.5854426,1.969567,4.29012,472.60306,0.9030956,-0.52605134,10.382256
2342,snow__p3__s6,taboo,1,1,1,0.28283364,1.312574,4.797015,208.24817,0.8357657,-0.54365075,11.341034
2343,snow__p3__s6,taboo,2,1,1,0.93196917,2.8258152,5.178492,220.7323,0.7881399,-0.56349474,9.976633
2344,snow__p3__s6,taboo,3,1,1,1.6993686,4.123893,5.7320466,182.8415,0.7712458,-0.57072955,10.810071
2345,snow__p3__s6,taboo,4,1,1,1.333363,3.1803617,6.0385466,268.92258,0.7407681,-0.5609956,10.766362
2346,snow__p3__s6,taboo,5,1,1,0.0007151192,0.008384183,0.08879645,255.05135,0.7297639,-0.53696054,12.0844755
2347,snow__p3__s6,taboo,6,1,1,2.5956643,4.443154,7.2578263,370.42252,0.7140022,-0.5647046,10.291979
2348,snow__p3__s6,taboo,7,1,1,2.6800203,1.9101144,2.7024598,364.83905,0.6400329,-0.51572675,11.703342
2349,snow__p3__s6,taboo,8,1,1,1.1212108,3.2081954,5.151022,277.23798,0.6518221,-0.52203524,11.929544
2350,snow__p3__s6,taboo,9,1,1,1.5697907,1.9732637,2.9585958,311.54666,0.5906072,-0.46528992,12.906445
2351,snow__p3__s6,taboo,10,1,1,1.1283371,2.6813073,6.1839423,279.70255,0.6233206,-0.4796597,12.82265
2352,snow__p3__s6,taboo,11,1,1,2.6361427,3.36456,4.2261806,297.94687,0.64481914,-0.5236678,11.669001
2353,snow__p3__s6,taboo,12,1,1,1.6788514,4.054383,5.264379,267.30228,0.63837236,-0.5421973,11.675373
2354,snow__p3__s6,taboo,13,1,1,0.33516935,1.3331614,3.4290495,289.59177,0.5900054,-0.48914677,13.919074
2355,snow__p3__s6,taboo,14,1,1,3.0136547,1.9867996,1.9495423,327.37585,0.5742023,-0.47487524,12.762215
2356,snow__p3__s6,taboo,15,1,1,0.25568902,1.4298846,5.8112307,263.88846,0.5710966,-0.47293365,13.977394
2357,snow__p3__s6,taboo,16,1,1,2.1687875,2.4076507,2.9260905,296.36118,0.6034851,-0.5209939,12.608466
2358,snow__p3__s6,taboo,17,1,1,0.0047143265,0.03578405,0.21846902,200.5991,0.546524,-0.4481868,15.940519
2359,snow__p3__s6,taboo,18,1,1,2.653912,1.1880279,3.2940288,322.67044,0.5482134,-0.47556177,14.450436
2360,snow__p3__s6,taboo,19,1,1,1.0196846,1.8841796,2.88038,155.46997,0.5702016,-0.49541467,13.767631
2361,snow__p3__s6,taboo,20,1,1,0.10863778,0.54528624,2.1377232,342.70627,0.548421,-0.45530277,15.174063
2362,snow__p3__s6,taboo,21,1,1,0.011908982,0.09873851,0.69372654,386.79108,0.6410405,-0.41605714,14.192216
2363,snow__p3__s7,taboo,0,1,1,0.650669,2.093495,4.304043,477.0545,0.90235204,-0.5255134,10.376751
2364,snow__p3__s7,taboo,1,1,1,0.3220789,1.465571,5.279338,205.91626,0.8355213,-0.54336095,11.363005
2365,snow__p3__s7,taboo,2,1,1,0.9753787,2.9298003,5.2399497,220.88536,0.7853442,-0.563221,9.979303
2366,snow__p3__s7,taboo,3,1,1,2.4562218,4.072142,6.006922,282.2577,0.759176,-0.5722765,10.378823
2367,snow__p3__s7,taboo,4,1,1,0.08233762,0.44355828,1.9839971,271.61252,0.7227375,-0.5408704,11.656309
2368,snow__p3__s7,taboo,5,1,1,3.249403,3.648211,5.132606,262.66516,0.74494034,-0.5738808,11.015582
2369,snow__p3__s7,taboo,6,1,1,3.1504571,4.1014338,5.076824,179.3373,0.71219724,-0.5668585,11.422772
2370,snow__p3__s7,taboo,7,1,1,0.35420424,1.628165,5.6376586,250.83633,0.68144315,-0.5579828,11.304281
2371,snow__p3__s7,taboo,8,1,1,0.7379354,1.7026527,3.7577052,266.88452,0.6468166,-0.52155805,12.163435
2372,snow__p3__s7,taboo,9,1,1,0.7944398,1.819403,2.6348293,323.73627,0.58608586,-0.45921567,13.638007
2373,snow__p3__s7,taboo,10,1,1,2.0155175,3.3776855,5.4149685,164.53375,0.6207374,-0.5030795,11.563317
2374,snow__p3__s7,taboo,11,1,1,2.3612185,3.6783705,4.97505,270.08725,0.6267078,-0.5096912,12.051675
2375,snow__p3__s7,taboo,12,1,1,1.8975539,4.220229,5.7331533,187.46907,0.6394204,-0.53103167,11.765436
2376,snow__p3__s7,taboo,13,1,1,1.3107064,2.110007,3.1640916,204.1402,0.63525575,-0.5436017,11.673997
2377,snow__p3__s7,taboo,14,1,1,0.6337125,1.6366614,2.2764423,259.24466,0.5980434,-0.5072257,12.809202
2378,snow__p3__s7,taboo,15,1,1,0.82483536,2.1341255,4.1915236,232.72089,0.5994053,-0.49851745,12.699829
2379,snow__p3__s7,taboo,16,1,1,0.620584,2.1245337,4.8911963,200.44286,0.5573054,-0.46910197,13.643255
2380,snow__p3__s7,taboo,17,1,1,0.5301084,2.4612973,8.352165,173.86784,0.5762108,-0.4786324,13.781484
2381,snow__p3__s7,taboo,18,1,1,2.451479,3.4821358,5.428509,304.87027,0.57351553,-0.46641627,14.008155
2382,snow__p3__s7,taboo,19,1,1,0.41814783,1.4810753,4.048615,385.20856,0.6347886,-0.4138278,14.248063
